◇ injected env (7) from .env.local // tip: ⌁ auth for agents [www.vestauth.com]
[2026-08-06T00:45:01.842Z] ═══════════════════════════════════════════════════════════════
[2026-08-06T00:45:01.843Z] EDHREC BUILD SYNC
[2026-08-06T00:45:01.843Z] ═══════════════════════════════════════════════════════════════
[2026-08-06T00:45:01.843Z] Mode: LIVE
[2026-08-06T00:45:01.843Z] Min decks: 500
[2026-08-06T00:45:01.843Z] Min theme %: 2%
[2026-08-06T00:45:01.843Z] Limit: 500 commanders
[2026-08-06T00:45:01.843Z] 
[2026-08-06T00:45:02.051Z] Already synced: 3 commanders
[2026-08-06T00:45:02.463Z] After filtering: 997 need sync (3 already done)
[2026-08-06T00:45:02.463Z] Found 500 commanders to sync
[2026-08-06T00:45:02.463Z] 
[2026-08-06T00:45:02.463Z] [1/500] Atraxa, Praetors' Voice
[2026-08-06T00:45:02.463Z]   Processing Atraxa, Praetors' Voice (43370 decks)
[2026-08-06T00:45:02.608Z]   Found 5 themes: infect, planeswalkers, +1/+1-counters, proliferate, phyrexians
[2026-08-06T00:45:03.950Z]   Created build infect: 100 cards
[2026-08-06T00:45:04.845Z]   Created build planeswalkers: 100 cards
[2026-08-06T00:45:06.539Z]   EDHREC returned 403 for atraxa-praetors-voice/+1/+1-counters
[2026-08-06T00:45:06.539Z]   Could not fetch theme: +1/+1-counters
[2026-08-06T00:45:07.448Z]   Created build proliferate: 100 cards
[2026-08-06T00:45:08.345Z]   Created build phyrexians: 100 cards
[2026-08-06T00:45:08.345Z] [2/500] Krenko, Mob Boss
[2026-08-06T00:45:08.345Z]   Processing Krenko, Mob Boss (42790 decks)
[2026-08-06T00:45:08.491Z]   Found 4 themes: goblins, tokens, aggro, combo
[2026-08-06T00:45:09.378Z]   Created build goblins: 100 cards
[2026-08-06T00:45:10.263Z]   Created build tokens: 100 cards
[2026-08-06T00:45:11.143Z]   Created build aggro: 100 cards
[2026-08-06T00:45:12.024Z]   Created build combo: 100 cards
[2026-08-06T00:45:12.024Z] [3/500] Kaalia of the Vast
[2026-08-06T00:45:12.024Z]   Processing Kaalia of the Vast (38506 decks)
[2026-08-06T00:45:12.187Z]   Found 5 themes: flying, angels, aggro, demons, dragons
[2026-08-06T00:45:13.071Z]   Created build flying: 100 cards
[2026-08-06T00:45:13.945Z]   Created build angels: 100 cards
[2026-08-06T00:45:14.821Z]   Created build aggro: 100 cards
[2026-08-06T00:45:15.702Z]   Created build demons: 100 cards
[2026-08-06T00:45:16.589Z]   Created build dragons: 100 cards
[2026-08-06T00:45:16.589Z] [4/500] Vivi Ornitier
[2026-08-06T00:45:16.589Z]   Processing Vivi Ornitier (37278 decks)
[2026-08-06T00:45:16.732Z]   Found 6 themes: spellslinger, storm, burn, combo, cedh, +1/+1-counters
[2026-08-06T00:45:17.642Z]   Created build spellslinger: 100 cards
[2026-08-06T00:45:18.527Z]   Created build storm: 100 cards
[2026-08-06T00:45:19.409Z]   Created build burn: 100 cards
[2026-08-06T00:45:20.293Z]   Created build combo: 100 cards
[2026-08-06T00:45:21.169Z]   Created build cedh: 100 cards
[2026-08-06T00:45:22.873Z]   EDHREC returned 403 for vivi-ornitier/+1/+1-counters
[2026-08-06T00:45:22.873Z]   Could not fetch theme: +1/+1-counters
[2026-08-06T00:45:22.873Z] [5/500] Ms. Bumbleflower
[2026-08-06T00:45:22.873Z]   Processing Ms. Bumbleflower (36441 decks)
[2026-08-06T00:45:23.026Z]   Found 6 themes: +1/+1-counters, group-hug, wheels, cantrips, card-draw, control
[2026-08-06T00:45:24.277Z]   EDHREC returned 403 for ms-bumbleflower/+1/+1-counters
[2026-08-06T00:45:24.277Z]   Could not fetch theme: +1/+1-counters
[2026-08-06T00:45:25.168Z]   Created build group-hug: 100 cards
[2026-08-06T00:45:26.073Z]   Created build wheels: 100 cards
[2026-08-06T00:45:26.965Z]   Created build cantrips: 100 cards
[2026-08-06T00:45:27.903Z]   Created build card-draw: 100 cards
[2026-08-06T00:45:28.799Z]   Created build control: 100 cards
[2026-08-06T00:45:28.800Z] [6/500] Teval, the Balanced Scale
[2026-08-06T00:45:28.800Z]   Processing Teval, the Balanced Scale (36331 decks)
[2026-08-06T00:45:28.946Z]   Found 8 themes: reanimator, lands-matter, mill, self-mill, graveyard, tokens, dredge, ramp
[2026-08-06T00:45:29.995Z]   Created build reanimator: 100 cards
[2026-08-06T00:45:30.877Z]   Created build lands-matter: 100 cards
[2026-08-06T00:45:31.767Z]   Created build mill: 100 cards
[2026-08-06T00:45:32.940Z]   Created build self-mill: 100 cards
[2026-08-06T00:45:33.836Z]   Created build graveyard: 100 cards
[2026-08-06T00:45:34.725Z]   Created build tokens: 100 cards
[2026-08-06T00:45:35.614Z]   Created build dredge: 100 cards
[2026-08-06T00:45:36.606Z]   Created build ramp: 100 cards
[2026-08-06T00:45:36.606Z] [7/500] Sauron, the Dark Lord
[2026-08-06T00:45:36.606Z]   Processing Sauron, the Dark Lord (36250 decks)
[2026-08-06T00:45:36.748Z]   Found 4 themes: zombies, reanimator, amass, +1/+1-counters
[2026-08-06T00:45:37.622Z]   Created build zombies: 100 cards
[2026-08-06T00:45:38.980Z]   Created build reanimator: 100 cards
[2026-08-06T00:45:39.868Z]   Created build amass: 100 cards
[2026-08-06T00:45:41.548Z]   EDHREC returned 403 for sauron-the-dark-lord/+1/+1-counters
[2026-08-06T00:45:41.548Z]   Could not fetch theme: +1/+1-counters
[2026-08-06T00:45:41.548Z] [8/500] Pantlaza, Sun-Favored
[2026-08-06T00:45:41.548Z]   Processing Pantlaza, Sun-Favored (35252 decks)
[2026-08-06T00:45:41.688Z]   Found 5 themes: dinosaurs, discover, ramp, blink, aggro
[2026-08-06T00:45:42.594Z]   Created build dinosaurs: 100 cards
[2026-08-06T00:45:43.947Z]   Created build discover: 100 cards
[2026-08-06T00:45:44.826Z]   Created build ramp: 100 cards
[2026-08-06T00:45:45.706Z]   Created build blink: 100 cards
[2026-08-06T00:45:46.583Z]   Created build aggro: 100 cards
[2026-08-06T00:45:46.583Z] [9/500] Fire Lord Azula
[2026-08-06T00:45:46.583Z]   Processing Fire Lord Azula (34783 decks)
[2026-08-06T00:45:46.724Z]   Found 4 themes: spellslinger, combo, spell-copy, aggro
[2026-08-06T00:45:47.619Z]   Created build spellslinger: 100 cards
[2026-08-06T00:45:48.504Z]   Created build combo: 100 cards
[2026-08-06T00:45:49.397Z]   Created build spell-copy: 100 cards
[2026-08-06T00:45:50.281Z]   Created build aggro: 100 cards
[2026-08-06T00:45:50.281Z] [10/500] Lathril, Blade of the Elves
[2026-08-06T00:45:50.282Z]   Processing Lathril, Blade of the Elves (34164 decks)
[2026-08-06T00:45:50.430Z]   Found 3 themes: elves, tokens, aggro
[2026-08-06T00:45:51.323Z]   Created build elves: 100 cards
[2026-08-06T00:45:52.202Z]   Created build tokens: 100 cards
[2026-08-06T00:45:53.088Z]   Created build aggro: 100 cards
[2026-08-06T00:45:53.088Z] [11/500] Giada, Font of Hope
[2026-08-06T00:45:53.088Z]   Processing Giada, Font of Hope (33471 decks)
[2026-08-06T00:45:53.232Z]   Found 4 themes: angels, lifegain, +1/+1-counters, flying
[2026-08-06T00:45:54.168Z]   Created build angels: 100 cards
[2026-08-06T00:45:55.054Z]   Created build lifegain: 100 cards
[2026-08-06T00:45:56.745Z]   EDHREC returned 403 for giada-font-of-hope/+1/+1-counters
[2026-08-06T00:45:56.745Z]   Could not fetch theme: +1/+1-counters
[2026-08-06T00:45:57.618Z]   Created build flying: 100 cards
[2026-08-06T00:45:57.618Z] [12/500] The Wise Mothman
[2026-08-06T00:45:57.618Z]   Processing The Wise Mothman (32568 decks)
[2026-08-06T00:45:57.760Z]   Found 4 themes: mill, +1/+1-counters, mutants, rad-counters
[2026-08-06T00:45:58.644Z]   Created build mill: 100 cards
[2026-08-06T00:46:00.330Z]   EDHREC returned 403 for the-wise-mothman/+1/+1-counters
[2026-08-06T00:46:00.330Z]   Could not fetch theme: +1/+1-counters
[2026-08-06T00:46:01.250Z]   Created build mutants: 100 cards
[2026-08-06T00:46:02.126Z]   Created build rad-counters: 100 cards
[2026-08-06T00:46:02.126Z] [13/500] Jodah, the Unifier
[2026-08-06T00:46:02.126Z]   Processing Jodah, the Unifier (31845 decks)
[2026-08-06T00:46:02.266Z]   Found 3 themes: legends, historic, cascade
[2026-08-06T00:46:03.210Z]   Created build legends: 100 cards
[2026-08-06T00:46:04.096Z]   Created build historic: 100 cards
[2026-08-06T00:46:04.974Z]   Created build cascade: 100 cards
[2026-08-06T00:46:04.974Z] [14/500] Yuriko, the Tiger's Shadow
[2026-08-06T00:46:04.974Z]   Processing Yuriko, the Tiger's Shadow (31576 decks)
[2026-08-06T00:46:05.114Z]   Found 5 themes: ninjutsu, ninjas, cedh, tempo, aggro
[2026-08-06T00:46:06.018Z]   Created build ninjutsu: 100 cards
[2026-08-06T00:46:06.939Z]   Created build ninjas: 100 cards
[2026-08-06T00:46:07.810Z]   Created build cedh: 100 cards
[2026-08-06T00:46:08.742Z]   Created build tempo: 100 cards
[2026-08-06T00:46:09.635Z]   Created build aggro: 100 cards
[2026-08-06T00:46:09.635Z] [15/500] Nekusar, the Mindrazer
[2026-08-06T00:46:09.635Z]   Processing Nekusar, the Mindrazer (31311 decks)
[2026-08-06T00:46:09.776Z]   Found 5 themes: wheels, group-slug, burn, card-draw, discard
[2026-08-06T00:46:10.656Z]   Created build wheels: 100 cards
[2026-08-06T00:46:11.580Z]   Created build group-slug: 100 cards
[2026-08-06T00:46:12.460Z]   Created build burn: 100 cards
[2026-08-06T00:46:13.400Z]   Created build card-draw: 100 cards
[2026-08-06T00:46:14.292Z]   Created build discard: 100 cards
[2026-08-06T00:46:14.292Z] [16/500] Kenrith, the Returned King
[2026-08-06T00:46:14.292Z]   Processing Kenrith, the Returned King (31096 decks)
[2026-08-06T00:46:14.433Z]   Found 2 themes: group-hug, combo
[2026-08-06T00:46:15.352Z]   Created build group-hug: 100 cards
[2026-08-06T00:46:16.300Z]   Created build combo: 100 cards
[2026-08-06T00:46:16.300Z] [17/500] Baylen, the Haymaker
[2026-08-06T00:46:16.300Z]   Processing Baylen, the Haymaker (30158 decks)
[2026-08-06T00:46:16.438Z]   Found 3 themes: tokens, rabbits, +1/+1-counters
[2026-08-06T00:46:17.320Z]   Created build tokens: 100 cards
[2026-08-06T00:46:18.212Z]   Created build rabbits: 100 cards
[2026-08-06T00:46:19.902Z]   EDHREC returned 403 for baylen-the-haymaker/+1/+1-counters
[2026-08-06T00:46:19.902Z]   Could not fetch theme: +1/+1-counters
[2026-08-06T00:46:19.902Z] [18/500] Toph, the First Metalbender
[2026-08-06T00:46:19.902Z]   Processing Toph, the First Metalbender (29782 decks)
[2026-08-06T00:46:20.047Z]   Found 5 themes: lands-matter, artifacts, +1/+1-counters, earthbending, landfall
[2026-08-06T00:46:21.996Z]   Created build lands-matter: 100 cards
[2026-08-06T00:46:23.874Z]   Created build artifacts: 100 cards
[2026-08-06T00:46:25.512Z]   EDHREC returned 403 for toph-the-first-metalbender/+1/+1-counters
[2026-08-06T00:46:25.512Z]   Could not fetch theme: +1/+1-counters
[2026-08-06T00:46:27.458Z]   Created build earthbending: 100 cards
[2026-08-06T00:46:29.344Z]   Created build landfall: 100 cards
[2026-08-06T00:46:29.344Z] [19/500] Isshin, Two Heavens as One
[2026-08-06T00:46:29.344Z]   Processing Isshin, Two Heavens as One (29705 decks)
[2026-08-06T00:46:29.505Z]   Found 6 themes: aggro, tokens, attack-triggers, extra-combats, equipment, samurai
[2026-08-06T00:46:31.456Z]   Created build aggro: 100 cards
[2026-08-06T00:46:33.350Z]   Created build tokens: 100 cards
[2026-08-06T00:46:35.272Z]   Created build attack-triggers: 100 cards
[2026-08-06T00:46:37.220Z]   Created build extra-combats: 100 cards
[2026-08-06T00:46:39.123Z]   Created build equipment: 100 cards
[2026-08-06T00:46:41.010Z]   Created build samurai: 100 cards
[2026-08-06T00:46:41.010Z] [20/500] Valgavoth, Harrower of Souls
[2026-08-06T00:46:41.010Z]   Processing Valgavoth, Harrower of Souls (29638 decks)
[2026-08-06T00:46:41.150Z]   Found 2 themes: group-slug, burn
[2026-08-06T00:46:43.080Z]   Created build group-slug: 100 cards
[2026-08-06T00:46:44.944Z]   Created build burn: 100 cards
[2026-08-06T00:46:44.944Z] [21/500] Cloud, Ex-SOLDIER
[2026-08-06T00:46:44.944Z]   Processing Cloud, Ex-SOLDIER (28806 decks)
[2026-08-06T00:46:45.084Z]   Found 5 themes: equipment, voltron, artifacts, aggro, modified-creatures
[2026-08-06T00:46:46.989Z]   Created build equipment: 100 cards
[2026-08-06T00:46:48.888Z]   Created build voltron: 100 cards
[2026-08-06T00:46:50.797Z]   Created build artifacts: 100 cards
[2026-08-06T00:46:52.672Z]   Created build aggro: 100 cards
[2026-08-06T00:46:54.544Z]   Created build modified-creatures: 100 cards
[2026-08-06T00:46:54.544Z] [22/500] Hearthhull, the Worldseed
[2026-08-06T00:46:54.544Z]   Processing Hearthhull, the Worldseed (28673 decks)
[2026-08-06T00:46:54.684Z]   Found 7 themes: lands-matter, ramp, landfall, land-destruction, sacrifice, burn, graveyard
[2026-08-06T00:46:56.575Z]   Created build lands-matter: 100 cards
[2026-08-06T00:46:58.490Z]   Created build ramp: 100 cards
[2026-08-06T00:47:00.458Z]   Created build landfall: 100 cards
[2026-08-06T00:47:02.378Z]   Created build land-destruction: 100 cards
[2026-08-06T00:47:04.284Z]   Created build sacrifice: 100 cards
[2026-08-06T00:47:06.201Z]   Created build burn: 100 cards
[2026-08-06T00:47:08.122Z]   Created build graveyard: 100 cards
[2026-08-06T00:47:08.122Z] [23/500] Miirym, Sentinel Wyrm
[2026-08-06T00:47:08.122Z]   Processing Miirym, Sentinel Wyrm (28018 decks)
[2026-08-06T00:47:08.264Z]   Found 4 themes: dragons, clones, tokens, flying
[2026-08-06T00:47:10.127Z]   Created build dragons: 100 cards
[2026-08-06T00:47:12.026Z]   Created build clones: 100 cards
[2026-08-06T00:47:13.902Z]   Created build tokens: 100 cards
[2026-08-06T00:47:15.784Z]   Created build flying: 100 cards
[2026-08-06T00:47:15.784Z] [24/500] Chatterfang, Squirrel General
[2026-08-06T00:47:15.784Z]   Processing Chatterfang, Squirrel General (27495 decks)
[2026-08-06T00:47:15.931Z]   Found 6 themes: tokens, aristocrats, squirrels, combo, treasure, sacrifice
[2026-08-06T00:47:17.843Z]   Created build tokens: 100 cards
[2026-08-06T00:47:19.733Z]   Created build aristocrats: 100 cards
[2026-08-06T00:47:21.664Z]   Created build squirrels: 100 cards
[2026-08-06T00:47:23.608Z]   Created build combo: 100 cards
[2026-08-06T00:47:25.517Z]   Created build treasure: 100 cards
[2026-08-06T00:47:27.619Z]   Created build sacrifice: 100 cards
[2026-08-06T00:47:27.619Z] [25/500] Ulalek, Fused Atrocity
[2026-08-06T00:47:27.619Z]   Processing Ulalek, Fused Atrocity (27449 decks)
[2026-08-06T00:47:27.762Z]   Found 2 themes: eldrazi, big-mana
[2026-08-06T00:47:29.617Z]   Created build eldrazi: 100 cards
[2026-08-06T00:47:31.499Z]   Created build big-mana: 100 cards
[2026-08-06T00:47:31.499Z] [26/500] Bello, Bard of the Brambles
[2026-08-06T00:47:31.499Z]   Processing Bello, Bard of the Brambles (26696 decks)
[2026-08-06T00:47:31.642Z]   Found 5 themes: enchantress, artifacts, unnatural, aggro, vehicles
[2026-08-06T00:47:33.513Z]   Created build enchantress: 100 cards
[2026-08-06T00:47:35.381Z]   Created build artifacts: 100 cards
[2026-08-06T00:47:37.354Z]   Created build unnatural: 100 cards
[2026-08-06T00:47:39.254Z]   Created build aggro: 100 cards
[2026-08-06T00:47:41.157Z]   Created build vehicles: 100 cards
[2026-08-06T00:47:41.157Z] [27/500] Hashaton, Scarab's Fist
[2026-08-06T00:47:41.157Z]   Processing Hashaton, Scarab's Fist (25396 decks)
[2026-08-06T00:47:41.298Z]   Found 6 themes: discard, reanimator, tokens, zombies, cedh, wheels
[2026-08-06T00:47:43.157Z]   Created build discard: 100 cards
[2026-08-06T00:47:45.041Z]   Created build reanimator: 100 cards
[2026-08-06T00:47:46.929Z]   Created build tokens: 100 cards
[2026-08-06T00:47:48.851Z]   Created build zombies: 100 cards
[2026-08-06T00:47:50.719Z]   Created build cedh: 100 cards
[2026-08-06T00:47:52.586Z]   Created build wheels: 100 cards
[2026-08-06T00:47:52.586Z] [28/500] Frodo, Adventurous Hobbit & Sam, Loyal Attendant
[2026-08-06T00:47:52.586Z]   Processing Frodo, Adventurous Hobbit & Sam, Loyal Attendant (24662 decks)
[2026-08-06T00:47:52.837Z]   Found 5 themes: lifegain, tokens, food, halflings, combo
[2026-08-06T00:47:54.741Z]   Created build lifegain: 100 cards
[2026-08-06T00:47:56.653Z]   Created build tokens: 100 cards
[2026-08-06T00:47:58.799Z]   Created build food: 100 cards
[2026-08-06T00:48:00.694Z]   Created build halflings: 100 cards
[2026-08-06T00:48:02.601Z]   Created build combo: 100 cards
[2026-08-06T00:48:02.601Z] [29/500] Hakbal of the Surging Soul
[2026-08-06T00:48:02.601Z]   Processing Hakbal of the Surging Soul (24609 decks)
[2026-08-06T00:48:02.743Z]   Found 4 themes: merfolk, +1/+1-counters, explore, aggro
[2026-08-06T00:48:04.609Z]   Created build merfolk: 100 cards
[2026-08-06T00:48:06.243Z]   EDHREC returned 403 for hakbal-of-the-surging-soul/+1/+1-counters
[2026-08-06T00:48:06.243Z]   Could not fetch theme: +1/+1-counters
[2026-08-06T00:48:08.117Z]   Created build explore: 100 cards
[2026-08-06T00:48:10.337Z]   Created build aggro: 100 cards
[2026-08-06T00:48:10.337Z] [30/500] Muldrotha, the Gravetide
[2026-08-06T00:48:10.337Z]   Processing Muldrotha, the Gravetide (24537 decks)
[2026-08-06T00:48:10.481Z]   Found 6 themes: reanimator, mill, sacrifice, graveyard, self-mill, combo
[2026-08-06T00:48:12.375Z]   Created build reanimator: 100 cards
[2026-08-06T00:48:14.243Z]   Created build mill: 100 cards
[2026-08-06T00:48:16.118Z]   Created build sacrifice: 100 cards
[2026-08-06T00:48:17.973Z]   Created build graveyard: 100 cards
[2026-08-06T00:48:19.851Z]   Created build self-mill: 100 cards
[2026-08-06T00:48:21.723Z]   Created build combo: 100 cards
[2026-08-06T00:48:21.723Z] [31/500] Ashling, the Limitless
[2026-08-06T00:48:21.723Z]   Processing Ashling, the Limitless (23955 decks)
[2026-08-06T00:48:21.863Z]   Found 4 themes: elementals, tokens, evoke, etb
[2026-08-06T00:48:23.545Z]   Created build elementals: 100 cards
[2026-08-06T00:48:25.445Z]   Created build tokens: 100 cards
[2026-08-06T00:48:27.119Z]   Created build evoke: 100 cards
[2026-08-06T00:48:28.965Z]   Created build etb: 100 cards
[2026-08-06T00:48:28.965Z] [32/500] Glarb, Calamity's Augur
[2026-08-06T00:48:28.966Z]   Processing Glarb, Calamity's Augur (23933 decks)
[2026-08-06T00:48:29.111Z]   Found 7 themes: lands-matter, frogs, reanimator, combo, cedh, midrange, ramp
[2026-08-06T00:48:31.016Z]   Created build lands-matter: 100 cards
[2026-08-06T00:48:32.887Z]   Created build frogs: 100 cards
[2026-08-06T00:48:34.769Z]   Created build reanimator: 100 cards
[2026-08-06T00:48:36.745Z]   Created build combo: 100 cards
[2026-08-06T00:48:38.616Z]   Created build cedh: 100 cards
[2026-08-06T00:48:40.495Z]   Created build midrange: 100 cards
[2026-08-06T00:48:42.415Z]   Created build ramp: 100 cards
[2026-08-06T00:48:42.415Z] [33/500] Rin and Seri, Inseparable
[2026-08-06T00:48:42.415Z]   Processing Rin and Seri, Inseparable (23622 decks)
[2026-08-06T00:48:42.560Z]   Found 4 themes: cats, tokens, dogs, +1/+1-counters
[2026-08-06T00:48:44.439Z]   Created build cats: 100 cards
[2026-08-06T00:48:46.330Z]   Created build tokens: 100 cards
[2026-08-06T00:48:48.236Z]   Created build dogs: 100 cards
[2026-08-06T00:48:49.919Z]   EDHREC returned 403 for rin-and-seri-inseparable/+1/+1-counters
[2026-08-06T00:48:49.919Z]   Could not fetch theme: +1/+1-counters
[2026-08-06T00:48:49.919Z] [34/500] Flubs, the Fool
[2026-08-06T00:48:49.919Z]   Processing Flubs, the Fool (23581 decks)
[2026-08-06T00:48:50.067Z]   Found 7 themes: lands-matter, cheerios, landfall, storm, discard, combo, ramp
[2026-08-06T00:48:51.922Z]   Created build lands-matter: 100 cards
[2026-08-06T00:48:53.853Z]   Created build cheerios: 100 cards
[2026-08-06T00:48:55.032Z]   Created build landfall: 100 cards
[2026-08-06T00:48:56.938Z]   Created build storm: 100 cards
[2026-08-06T00:48:58.807Z]   Created build discard: 100 cards
[2026-08-06T00:49:00.721Z]   Created build combo: 100 cards
[2026-08-06T00:49:02.642Z]   Created build ramp: 100 cards
[2026-08-06T00:49:02.642Z] [35/500] Ygra, Eater of All
[2026-08-06T00:49:02.642Z]   Processing Ygra, Eater of All (23573 decks)
[2026-08-06T00:49:02.785Z]   Found 8 themes: sacrifice, aristocrats, tokens, +1/+1-counters, food, artifacts, combo, voltron
[2026-08-06T00:49:04.737Z]   Created build sacrifice: 100 cards
[2026-08-06T00:49:07.140Z]   Created build aristocrats: 100 cards
[2026-08-06T00:49:09.016Z]   Created build tokens: 100 cards
[2026-08-06T00:49:10.662Z]   EDHREC returned 403 for ygra-eater-of-all/+1/+1-counters
[2026-08-06T00:49:10.662Z]   Could not fetch theme: +1/+1-counters
[2026-08-06T00:49:12.528Z]   Created build food: 100 cards
[2026-08-06T00:49:14.448Z]   Created build artifacts: 100 cards
[2026-08-06T00:49:16.354Z]   Created build combo: 100 cards
[2026-08-06T00:49:18.388Z]   Created build voltron: 100 cards
[2026-08-06T00:49:18.388Z] [36/500] The Necrobloom
[2026-08-06T00:49:18.388Z]   Processing The Necrobloom (23043 decks)
[2026-08-06T00:49:18.529Z]   Found 7 themes: lands-matter, tokens, dredge, landfall, ramp, reanimator, graveyard
[2026-08-06T00:49:20.427Z]   Created build lands-matter: 100 cards
[2026-08-06T00:49:22.326Z]   Created build tokens: 100 cards
[2026-08-06T00:49:24.264Z]   Created build dredge: 100 cards
[2026-08-06T00:49:26.162Z]   Created build landfall: 100 cards
[2026-08-06T00:49:27.346Z]   Created build ramp: 100 cards
[2026-08-06T00:49:29.242Z]   Created build reanimator: 100 cards
[2026-08-06T00:49:31.146Z]   Created build graveyard: 100 cards
[2026-08-06T00:49:31.146Z] [37/500] Animar, Soul of Elements
[2026-08-06T00:49:31.146Z]   Processing Animar, Soul of Elements (22843 decks)
[2026-08-06T00:49:31.286Z]   Found 2 themes: +1/+1-counters, combo
[2026-08-06T00:49:32.932Z]   EDHREC returned 403 for animar-soul-of-elements/+1/+1-counters
[2026-08-06T00:49:32.932Z]   Could not fetch theme: +1/+1-counters
[2026-08-06T00:49:34.792Z]   Created build combo: 100 cards
[2026-08-06T00:49:34.792Z] [38/500] Arcades, the Strategist
[2026-08-06T00:49:34.792Z]   Processing Arcades, the Strategist (22638 decks)
[2026-08-06T00:49:34.934Z]   Found 2 themes: toughness-matters, defenders
[2026-08-06T00:49:36.802Z]   Created build toughness-matters: 100 cards
[2026-08-06T00:49:38.718Z]   Created build defenders: 100 cards
[2026-08-06T00:49:38.718Z] [39/500] Mr. House, President and CEO
[2026-08-06T00:49:38.718Z]   Processing Mr. House, President and CEO (22211 decks)
[2026-08-06T00:49:38.868Z]   Found 4 themes: treasure, tokens, artifacts, die-roll
[2026-08-06T00:49:40.742Z]   Created build treasure: 100 cards
[2026-08-06T00:49:42.672Z]   Created build tokens: 100 cards
[2026-08-06T00:49:44.531Z]   Created build artifacts: 100 cards
[2026-08-06T00:49:46.381Z]   Created build die-roll: 100 cards
[2026-08-06T00:49:46.381Z] [40/500] Caesar, Legion's Emperor
[2026-08-06T00:49:46.381Z]   Processing Caesar, Legion's Emperor (22197 decks)
[2026-08-06T00:49:46.522Z]   Found 5 themes: tokens, aristocrats, humans, aggro, soldiers
[2026-08-06T00:49:48.452Z]   Created build tokens: 100 cards
[2026-08-06T00:49:50.362Z]   Created build aristocrats: 100 cards
[2026-08-06T00:49:52.250Z]   Created build humans: 100 cards
[2026-08-06T00:49:54.237Z]   Created build aggro: 100 cards
[2026-08-06T00:49:56.179Z]   Created build soldiers: 100 cards
[2026-08-06T00:49:56.179Z] [41/500] Aragorn, the Uniter
[2026-08-06T00:49:56.179Z]   Processing Aragorn, the Uniter (22194 decks)
[2026-08-06T00:49:56.319Z]   Found 4 themes: legends, humans, tokens, multicolor-matters
[2026-08-06T00:49:58.190Z]   Created build legends: 100 cards
[2026-08-06T00:50:00.151Z]   Created build humans: 100 cards
[2026-08-06T00:50:01.476Z]   Created build tokens: 100 cards
[2026-08-06T00:50:03.412Z]   Created build multicolor-matters: 100 cards
[2026-08-06T00:50:03.412Z] [42/500] Wilhelt, the Rotcleaver
[2026-08-06T00:50:03.412Z]   Processing Wilhelt, the Rotcleaver (22106 decks)
[2026-08-06T00:50:03.554Z]   Found 5 themes: zombies, tokens, aristocrats, reanimator, combo
[2026-08-06T00:50:05.512Z]   Created build zombies: 100 cards
[2026-08-06T00:50:07.433Z]   Created build tokens: 100 cards
[2026-08-06T00:50:09.296Z]   Created build aristocrats: 100 cards
[2026-08-06T00:50:11.206Z]   Created build reanimator: 100 cards
[2026-08-06T00:50:13.098Z]   Created build combo: 100 cards
[2026-08-06T00:50:13.098Z] [43/500] Arabella, Abandoned Doll
[2026-08-06T00:50:13.098Z]   Processing Arabella, Abandoned Doll (21843 decks)
[2026-08-06T00:50:13.241Z]   Found 4 themes: tokens, aggro, burn, lifegain
[2026-08-06T00:50:15.142Z]   Created build tokens: 100 cards
[2026-08-06T00:50:17.025Z]   Created build aggro: 100 cards
[2026-08-06T00:50:18.956Z]   Created build burn: 100 cards
[2026-08-06T00:50:20.858Z]   Created build lifegain: 100 cards
[2026-08-06T00:50:20.858Z] [44/500] Breya, Etherium Shaper
[2026-08-06T00:50:20.859Z]   Processing Breya, Etherium Shaper (21842 decks)
[2026-08-06T00:50:21.010Z]   Found 3 themes: artifacts, combo, tokens
[2026-08-06T00:50:22.924Z]   Created build artifacts: 100 cards
[2026-08-06T00:50:25.220Z]   Created build combo: 100 cards
[2026-08-06T00:50:27.114Z]   Created build tokens: 100 cards
[2026-08-06T00:50:27.114Z] [45/500] Meren of Clan Nel Toth
[2026-08-06T00:50:27.114Z]   Processing Meren of Clan Nel Toth (21711 decks)
[2026-08-06T00:50:27.257Z]   Found 6 themes: aristocrats, reanimator, sacrifice, graveyard, birthing-pod, combo
[2026-08-06T00:50:29.153Z]   Created build aristocrats: 100 cards
[2026-08-06T00:50:31.098Z]   Created build reanimator: 100 cards
[2026-08-06T00:50:33.016Z]   Created build sacrifice: 100 cards
[2026-08-06T00:50:34.956Z]   Created build graveyard: 100 cards
[2026-08-06T00:50:36.807Z]   Created build birthing-pod: 100 cards
[2026-08-06T00:50:38.694Z]   Created build combo: 100 cards
[2026-08-06T00:50:38.694Z] [46/500] Oloro, Ageless Ascetic
[2026-08-06T00:50:38.694Z]   Processing Oloro, Ageless Ascetic (21599 decks)
[2026-08-06T00:50:38.835Z]   Found 4 themes: lifegain, control, combo, pillow-fort
[2026-08-06T00:50:40.759Z]   Created build lifegain: 100 cards
[2026-08-06T00:50:42.621Z]   Created build control: 100 cards
[2026-08-06T00:50:44.520Z]   Created build combo: 100 cards
[2026-08-06T00:50:46.497Z]   Created build pillow-fort: 100 cards
[2026-08-06T00:50:46.498Z] [47/500] Gishath, Sun's Avatar
[2026-08-06T00:50:46.498Z]   Processing Gishath, Sun's Avatar (21054 decks)
[2026-08-06T00:50:46.651Z]   Found 3 themes: dinosaurs, ramp, aggro
[2026-08-06T00:50:48.575Z]   Created build dinosaurs: 100 cards
[2026-08-06T00:50:50.471Z]   Created build ramp: 100 cards
[2026-08-06T00:50:52.347Z]   Created build aggro: 100 cards
[2026-08-06T00:50:52.347Z] [48/500] Teysa Karlov
[2026-08-06T00:50:52.347Z]   Processing Teysa Karlov (20969 decks)
[2026-08-06T00:50:52.487Z]   Found 5 themes: aristocrats, tokens, sacrifice, lifegain, combo
[2026-08-06T00:50:54.355Z]   Created build aristocrats: 100 cards
[2026-08-06T00:50:56.231Z]   Created build tokens: 100 cards
[2026-08-06T00:50:58.139Z]   Created build sacrifice: 100 cards
[2026-08-06T00:51:00.041Z]   Created build lifegain: 100 cards
[2026-08-06T00:51:01.917Z]   Created build combo: 100 cards
[2026-08-06T00:51:01.917Z] [49/500] Zhulodok, Void Gorger
[2026-08-06T00:51:01.917Z]   Processing Zhulodok, Void Gorger (20828 decks)
[2026-08-06T00:51:02.057Z]   Found 5 themes: eldrazi, big-mana, cascade, artifacts, ramp
[2026-08-06T00:51:03.941Z]   Created build eldrazi: 100 cards
[2026-08-06T00:51:05.825Z]   Created build big-mana: 100 cards
[2026-08-06T00:51:07.702Z]   Created build cascade: 100 cards
[2026-08-06T00:51:09.589Z]   Created build artifacts: 100 cards
[2026-08-06T00:51:11.483Z]   Created build ramp: 100 cards
[2026-08-06T00:51:11.483Z] [50/500] Shorikai, Genesis Engine
[2026-08-06T00:51:11.483Z]   Processing Shorikai, Genesis Engine (20598 decks)
[2026-08-06T00:51:11.627Z]   Found 5 themes: vehicles, artifacts, control, combo, tokens
[2026-08-06T00:51:13.567Z]   Created build vehicles: 100 cards
[2026-08-06T00:51:15.478Z]   Created build artifacts: 100 cards
[2026-08-06T00:51:17.345Z]   Created build control: 100 cards
[2026-08-06T00:51:19.295Z]   Created build combo: 100 cards
[2026-08-06T00:51:21.255Z]   Created build tokens: 100 cards
[2026-08-06T00:51:21.255Z] 
[2026-08-06T00:51:21.255Z] Progress: 50 processed, 221 builds, 22100 cards
[2026-08-06T00:51:21.255Z] 
[2026-08-06T00:51:21.255Z] [51/500] Ureni of the Unwritten
[2026-08-06T00:51:21.255Z]   Processing Ureni of the Unwritten (20569 decks)
[2026-08-06T00:51:21.400Z]   Found 3 themes: dragons, flying, ramp
[2026-08-06T00:51:23.297Z]   Created build dragons: 100 cards
[2026-08-06T00:51:25.285Z]   Created build flying: 100 cards
[2026-08-06T00:51:27.167Z]   Created build ramp: 100 cards
[2026-08-06T00:51:27.167Z] [52/500] Kinnan, Bonder Prodigy
[2026-08-06T00:51:27.167Z]   Processing Kinnan, Bonder Prodigy (20531 decks)
[2026-08-06T00:51:27.310Z]   Found 4 themes: cedh, combo, ramp, midrange
[2026-08-06T00:51:29.213Z]   Created build cedh: 100 cards
[2026-08-06T00:51:31.091Z]   Created build combo: 100 cards
[2026-08-06T00:51:33.052Z]   Created build ramp: 100 cards
[2026-08-06T00:51:34.979Z]   Created build midrange: 100 cards
[2026-08-06T00:51:34.979Z] [53/500] Maralen, Fae Ascendant
[2026-08-06T00:51:34.979Z]   Processing Maralen, Fae Ascendant (20420 decks)
[2026-08-06T00:51:35.133Z]   Found 4 themes: faeries, elves, theft, tokens
[2026-08-06T00:51:37.023Z]   Created build faeries: 100 cards
[2026-08-06T00:51:38.917Z]   Created build elves: 100 cards
[2026-08-06T00:51:40.841Z]   Created build theft: 100 cards
[2026-08-06T00:51:42.737Z]   Created build tokens: 100 cards
[2026-08-06T00:51:42.737Z] [54/500] Tom Bombadil
[2026-08-06T00:51:42.737Z]   Processing Tom Bombadil (20369 decks)
[2026-08-06T00:51:42.878Z]   Found 2 themes: sagas, enchantress
[2026-08-06T00:51:44.757Z]   Created build sagas: 100 cards
[2026-08-06T00:51:46.651Z]   Created build enchantress: 100 cards
[2026-08-06T00:51:46.651Z] [55/500] Go-Shintai of Life's Origin
[2026-08-06T00:51:46.651Z]   Processing Go-Shintai of Life's Origin (20337 decks)
[2026-08-06T00:51:46.791Z]   Found 2 themes: enchantress, shrines
[2026-08-06T00:51:48.677Z]   Created build enchantress: 100 cards
[2026-08-06T00:51:50.538Z]   Created build shrines: 100 cards
[2026-08-06T00:51:50.538Z] [56/500] Atla Palani, Nest Tender
[2026-08-06T00:51:50.538Z]   Processing Atla Palani, Nest Tender (20319 decks)
[2026-08-06T00:51:50.692Z]   Found 3 themes: dinosaurs, eggs, tokens
[2026-08-06T00:51:52.575Z]   Created build dinosaurs: 100 cards
[2026-08-06T00:51:54.744Z]   Created build eggs: 100 cards
[2026-08-06T00:51:56.634Z]   Created build tokens: 100 cards
[2026-08-06T00:51:56.634Z] [57/500] Korvold, Fae-Cursed King
[2026-08-06T00:51:56.634Z]   Processing Korvold, Fae-Cursed King (20306 decks)
[2026-08-06T00:51:56.774Z]   Found 8 themes: sacrifice, treasure, aristocrats, tokens, combo, +1/+1-counters, lands-matter, cedh
[2026-08-06T00:51:58.673Z]   Created build sacrifice: 100 cards
[2026-08-06T00:52:00.563Z]   Created build treasure: 100 cards
[2026-08-06T00:52:02.431Z]   Created build aristocrats: 100 cards
[2026-08-06T00:52:04.295Z]   Created build tokens: 100 cards
[2026-08-06T00:52:06.178Z]   Created build combo: 100 cards
[2026-08-06T00:52:07.811Z]   EDHREC returned 403 for korvold-fae-cursed-king/+1/+1-counters
[2026-08-06T00:52:07.811Z]   Could not fetch theme: +1/+1-counters
[2026-08-06T00:52:09.714Z]   Created build lands-matter: 100 cards
[2026-08-06T00:52:11.604Z]   Created build cedh: 100 cards
[2026-08-06T00:52:11.604Z] [58/500] Helga, Skittish Seer
[2026-08-06T00:52:11.604Z]   Processing Helga, Skittish Seer (20027 decks)
[2026-08-06T00:52:11.746Z]   Found 2 themes: +1/+1-counters, ramp
[2026-08-06T00:52:13.377Z]   EDHREC returned 403 for helga-skittish-seer/+1/+1-counters
[2026-08-06T00:52:13.377Z]   Could not fetch theme: +1/+1-counters
[2026-08-06T00:52:15.276Z]   Created build ramp: 100 cards
[2026-08-06T00:52:15.276Z] [59/500] K'rrik, Son of Yawgmoth
[2026-08-06T00:52:15.276Z]   Processing K'rrik, Son of Yawgmoth (20011 decks)
[2026-08-06T00:52:15.416Z]   Found 5 themes: lifegain, combo, self-damage, cedh, reanimator
[2026-08-06T00:52:17.283Z]   Created build lifegain: 100 cards
[2026-08-06T00:52:19.154Z]   Created build combo: 100 cards
[2026-08-06T00:52:21.036Z]   Created build self-damage: 100 cards
[2026-08-06T00:52:22.896Z]   Created build cedh: 100 cards
[2026-08-06T00:52:25.168Z]   Created build reanimator: 100 cards
[2026-08-06T00:52:25.168Z] [60/500] Urza, Lord High Artificer
[2026-08-06T00:52:25.168Z]   Processing Urza, Lord High Artificer (19972 decks)
[2026-08-06T00:52:25.308Z]   Found 5 themes: artifacts, combo, cedh, control, stax
[2026-08-06T00:52:27.180Z]   Created build artifacts: 100 cards
[2026-08-06T00:52:29.050Z]   Created build combo: 100 cards
[2026-08-06T00:52:31.028Z]   Created build cedh: 100 cards
[2026-08-06T00:52:32.896Z]   Created build control: 100 cards
[2026-08-06T00:52:34.776Z]   Created build stax: 100 cards
[2026-08-06T00:52:34.776Z] [61/500] Ghyrson Starn, Kelermorph
[2026-08-06T00:52:34.776Z]   Processing Ghyrson Starn, Kelermorph (19835 decks)
[2026-08-06T00:52:34.916Z]   Found 3 themes: burn, spellslinger, pingers
[2026-08-06T00:52:36.804Z]   Created build burn: 100 cards
[2026-08-06T00:52:38.688Z]   Created build spellslinger: 100 cards
[2026-08-06T00:52:40.646Z]   Created build pingers: 100 cards
[2026-08-06T00:52:40.646Z] [62/500] Zurgo Stormrender
[2026-08-06T00:52:40.646Z]   Processing Zurgo Stormrender (19743 decks)
[2026-08-06T00:52:40.792Z]   Found 3 themes: tokens, aristocrats, aggro
[2026-08-06T00:52:42.684Z]   Created build tokens: 100 cards
[2026-08-06T00:52:44.558Z]   Created build aristocrats: 100 cards
[2026-08-06T00:52:46.470Z]   Created build aggro: 100 cards
[2026-08-06T00:52:46.470Z] [63/500] Tidus, Yuna's Guardian
[2026-08-06T00:52:46.470Z]   Processing Tidus, Yuna's Guardian (19485 decks)
[2026-08-06T00:52:46.608Z]   Found 2 themes: +1/+1-counters, proliferate
[2026-08-06T00:52:48.261Z]   EDHREC returned 403 for tidus-yunas-guardian/+1/+1-counters
[2026-08-06T00:52:48.261Z]   Could not fetch theme: +1/+1-counters
[2026-08-06T00:52:49.980Z]   Created build proliferate: 100 cards
[2026-08-06T00:52:49.980Z] [64/500] Zaxara, the Exemplary
[2026-08-06T00:52:49.980Z]   Processing Zaxara, the Exemplary (19429 decks)
[2026-08-06T00:52:50.121Z]   Found 4 themes: x-spells, +1/+1-counters, hydras, tokens
[2026-08-06T00:52:52.014Z]   Created build x-spells: 100 cards
[2026-08-06T00:52:53.648Z]   EDHREC returned 403 for zaxara-the-exemplary/+1/+1-counters
[2026-08-06T00:52:53.648Z]   Could not fetch theme: +1/+1-counters
[2026-08-06T00:52:55.501Z]   Created build hydras: 100 cards
[2026-08-06T00:52:57.366Z]   Created build tokens: 100 cards
[2026-08-06T00:52:57.366Z] [65/500] Xyris, the Writhing Storm
[2026-08-06T00:52:57.366Z]   Processing Xyris, the Writhing Storm (19353 decks)
[2026-08-06T00:52:57.545Z]   Found 5 themes: wheels, tokens, group-hug, card-draw, snakes
[2026-08-06T00:52:59.392Z]   Created build wheels: 100 cards
[2026-08-06T00:53:01.326Z]   Created build tokens: 100 cards
[2026-08-06T00:53:03.209Z]   Created build group-hug: 100 cards
[2026-08-06T00:53:05.140Z]   Created build card-draw: 100 cards
[2026-08-06T00:53:07.029Z]   Created build snakes: 100 cards
[2026-08-06T00:53:07.029Z] [66/500] Felothar the Steadfast
[2026-08-06T00:53:07.029Z]   Processing Felothar the Steadfast (19219 decks)
[2026-08-06T00:53:07.175Z]   Found 2 themes: defenders, toughness-matters
[2026-08-06T00:53:08.950Z]   Created build defenders: 100 cards
[2026-08-06T00:53:10.627Z]   Created build toughness-matters: 100 cards
[2026-08-06T00:53:10.627Z] [67/500] The First Sliver
[2026-08-06T00:53:10.627Z]   Processing The First Sliver (19169 decks)
[2026-08-06T00:53:10.768Z]   Found 3 themes: slivers, cascade, aggro
[2026-08-06T00:53:12.630Z]   Created build slivers: 100 cards
[2026-08-06T00:53:14.502Z]   Created build cascade: 100 cards
[2026-08-06T00:53:16.208Z]   Created build aggro: 100 cards
[2026-08-06T00:53:16.208Z] [68/500] Queen Marchesa
[2026-08-06T00:53:16.208Z]   Processing Queen Marchesa (19140 decks)
[2026-08-06T00:53:16.349Z]   Found 8 themes: monarch, aikido, forced-combat, pillow-fort, control, sunforger, tokens, politics
[2026-08-06T00:53:18.242Z]   Created build monarch: 100 cards
[2026-08-06T00:53:20.146Z]   Created build aikido: 100 cards
[2026-08-06T00:53:22.053Z]   Created build forced-combat: 100 cards
[2026-08-06T00:53:23.948Z]   Created build pillow-fort: 100 cards
[2026-08-06T00:53:25.871Z]   Created build control: 100 cards
[2026-08-06T00:53:27.756Z]   Created build sunforger: 100 cards
[2026-08-06T00:53:29.629Z]   Created build tokens: 100 cards
[2026-08-06T00:53:31.515Z]   Created build politics: 100 cards
[2026-08-06T00:53:31.515Z] [69/500] The Wandering Minstrel
[2026-08-06T00:53:31.516Z]   Processing The Wandering Minstrel (18874 decks)
[2026-08-06T00:53:31.655Z]   Found 5 themes: lands-matter, ramp, combo, landfall, tokens
[2026-08-06T00:53:33.532Z]   Created build lands-matter: 100 cards
[2026-08-06T00:53:35.455Z]   Created build ramp: 100 cards
[2026-08-06T00:53:37.375Z]   Created build combo: 100 cards
[2026-08-06T00:53:39.294Z]   Created build landfall: 100 cards
[2026-08-06T00:53:41.171Z]   Created build tokens: 100 cards
[2026-08-06T00:53:41.172Z] [70/500] Zinnia, Valley's Voice
[2026-08-06T00:53:41.172Z]   Processing Zinnia, Valley's Voice (18740 decks)
[2026-08-06T00:53:41.431Z]   Found 3 themes: tokens, offspring, clones
[2026-08-06T00:53:43.311Z]   Created build tokens: 100 cards
[2026-08-06T00:53:45.172Z]   Created build offspring: 100 cards
[2026-08-06T00:53:47.022Z]   Created build clones: 100 cards
[2026-08-06T00:53:47.023Z] [71/500] Choco, Seeker of Paradise
[2026-08-06T00:53:47.023Z]   Processing Choco, Seeker of Paradise (18726 decks)
[2026-08-06T00:53:47.167Z]   Found 7 themes: lands-matter, birds, flying, landfall, +1/+1-counters, tokens, ramp
[2026-08-06T00:53:49.209Z]   Created build lands-matter: 100 cards
[2026-08-06T00:53:51.090Z]   Created build birds: 100 cards
[2026-08-06T00:53:52.996Z]   Created build flying: 100 cards
[2026-08-06T00:53:54.858Z]   Created build landfall: 100 cards
[2026-08-06T00:53:56.490Z]   EDHREC returned 403 for choco-seeker-of-paradise/+1/+1-counters
[2026-08-06T00:53:56.490Z]   Could not fetch theme: +1/+1-counters
[2026-08-06T00:53:58.353Z]   Created build tokens: 100 cards
[2026-08-06T00:54:00.215Z]   Created build ramp: 100 cards
[2026-08-06T00:54:00.215Z] [72/500] Kotis, the Fangkeeper
[2026-08-06T00:54:00.215Z]   Processing Kotis, the Fangkeeper (18645 decks)
[2026-08-06T00:54:00.354Z]   Found 4 themes: voltron, theft, equipment, auras
[2026-08-06T00:54:02.209Z]   Created build voltron: 100 cards
[2026-08-06T00:54:04.039Z]   Created build theft: 100 cards
[2026-08-06T00:54:05.881Z]   Created build equipment: 100 cards
[2026-08-06T00:54:07.757Z]   Created build auras: 100 cards
[2026-08-06T00:54:07.757Z] [73/500] Eriette of the Charmed Apple
[2026-08-06T00:54:07.757Z]   Processing Eriette of the Charmed Apple (18627 decks)
[2026-08-06T00:54:07.899Z]   Found 6 themes: auras, enchantress, lifegain, control, lifedrain, pillow-fort
[2026-08-06T00:54:09.838Z]   Created build auras: 100 cards
[2026-08-06T00:54:11.749Z]   Created build enchantress: 100 cards
[2026-08-06T00:54:13.640Z]   Created build lifegain: 100 cards
[2026-08-06T00:54:15.525Z]   Created build control: 100 cards
[2026-08-06T00:54:17.381Z]   Created build lifedrain: 100 cards
[2026-08-06T00:54:19.270Z]   Created build pillow-fort: 100 cards
[2026-08-06T00:54:19.270Z] [74/500] Henzie "Toolbox" Torre
[2026-08-06T00:54:19.270Z]   Processing Henzie "Toolbox" Torre (18421 decks)
[2026-08-06T00:54:19.417Z]   Found 7 themes: reanimator, aggro, aristocrats, birthing-pod, toolbox, sacrifice, haste
[2026-08-06T00:54:21.301Z]   Created build reanimator: 100 cards
◇ injected env (7) from .env.local // tip: ⌁ auth for agents [www.vestauth.com]
[2026-08-06T00:54:33.550Z] ═══════════════════════════════════════════════════════════════
[2026-08-06T00:54:33.551Z] EDHREC BUILD SYNC
[2026-08-06T00:54:33.551Z] ═══════════════════════════════════════════════════════════════
[2026-08-06T00:54:33.551Z] Mode: LIVE
[2026-08-06T00:54:33.551Z] Min decks: 500
[2026-08-06T00:54:33.551Z] Min theme %: 2%
[2026-08-06T00:54:33.551Z] Limit: 500 commanders
[2026-08-06T00:54:33.551Z] 
[2026-08-06T00:54:33.756Z] Already synced: 77 commanders
[2026-08-06T00:54:34.308Z] After filtering: 923 need sync (77 already done)
[2026-08-06T00:54:34.308Z] Found 500 commanders to sync
[2026-08-06T00:54:34.308Z] 
[2026-08-06T00:54:34.308Z] [1/500] Omnath, Locus of Creation
[2026-08-06T00:54:34.308Z]   Processing Omnath, Locus of Creation (18263 decks)
[2026-08-06T00:54:34.450Z]   Found 3 themes: lands-matter, landfall, ramp
[2026-08-06T00:54:36.721Z]   Created build lands-matter: 100 cards
[2026-08-06T00:54:38.597Z]   Created build landfall: 100 cards
[2026-08-06T00:54:40.505Z]   Created build ramp: 100 cards
[2026-08-06T00:54:40.505Z] [2/500] Sisay, Weatherlight Captain
[2026-08-06T00:54:40.505Z]   Processing Sisay, Weatherlight Captain (18258 decks)
[2026-08-06T00:54:40.651Z]   Found 7 themes: legends, historic, cedh, combo, planeswalkers, toolbox, midrange
[2026-08-06T00:54:42.571Z]   Created build legends: 100 cards
[2026-08-06T00:54:44.467Z]   Created build historic: 100 cards
[2026-08-06T00:54:46.359Z]   Created build cedh: 100 cards
[2026-08-06T00:54:48.243Z]   Created build combo: 100 cards
[2026-08-06T00:54:50.141Z]   Created build planeswalkers: 100 cards
[2026-08-06T00:54:51.999Z]   Created build toolbox: 100 cards
[2026-08-06T00:54:53.883Z]   Created build midrange: 100 cards
[2026-08-06T00:54:53.883Z] [3/500] Voja, Jaws of the Conclave
[2026-08-06T00:54:53.883Z]   Processing Voja, Jaws of the Conclave (18224 decks)
[2026-08-06T00:54:54.024Z]   Found 4 themes: elves, plus-1-plus-1-counters, aggro, wolves
[2026-08-06T00:54:55.903Z]   Created build elves: 100 cards
[2026-08-06T00:54:57.761Z]   Created build plus-1-plus-1-counters: 100 cards
[2026-08-06T00:54:59.619Z]   Created build aggro: 100 cards
[2026-08-06T00:55:01.445Z]   Created build wolves: 100 cards
[2026-08-06T00:55:01.445Z] [4/500] Ezio Auditore da Firenze
[2026-08-06T00:55:01.445Z]   Processing Ezio Auditore da Firenze (18132 decks)
[2026-08-06T00:55:01.586Z]   Found 4 themes: assassins, legends, historic, freerunning
[2026-08-06T00:55:03.545Z]   Created build assassins: 100 cards
[2026-08-06T00:55:05.471Z]   Created build legends: 100 cards
[2026-08-06T00:55:07.331Z]   Created build historic: 100 cards
[2026-08-06T00:55:09.214Z]   Created build freerunning: 100 cards
[2026-08-06T00:55:09.214Z] [5/500] Captain N'ghathrod
[2026-08-06T00:55:09.214Z]   Processing Captain N'ghathrod (17980 decks)
[2026-08-06T00:55:09.356Z]   Found 4 themes: mill, horrors, theft, reanimator
[2026-08-06T00:55:11.250Z]   Created build mill: 100 cards
[2026-08-06T00:55:13.168Z]   Created build horrors: 100 cards
[2026-08-06T00:55:15.051Z]   Created build theft: 100 cards
[2026-08-06T00:55:16.939Z]   Created build reanimator: 100 cards
[2026-08-06T00:55:16.939Z] [6/500] Urtet, Remnant of Memnarch
[2026-08-06T00:55:16.939Z]   Processing Urtet, Remnant of Memnarch (17967 decks)
[2026-08-06T00:55:17.081Z]   Found 4 themes: artifacts, myr, plus-1-plus-1-counters, tokens
[2026-08-06T00:55:18.963Z]   Created build artifacts: 100 cards
[2026-08-06T00:55:20.876Z]   Created build myr: 100 cards
[2026-08-06T00:55:22.795Z]   Created build plus-1-plus-1-counters: 100 cards
[2026-08-06T00:55:23.953Z]   Created build tokens: 100 cards
[2026-08-06T00:55:23.953Z] [7/500] Terra, Herald of Hope
[2026-08-06T00:55:23.953Z]   Processing Terra, Herald of Hope (17956 decks)
[2026-08-06T00:55:24.094Z]   Found 5 themes: reanimator, graveyard, self-mill, aggro, mill
[2026-08-06T00:55:25.954Z]   Created build reanimator: 100 cards
[2026-08-06T00:55:27.837Z]   Created build graveyard: 100 cards
[2026-08-06T00:55:29.562Z]   Created build self-mill: 100 cards
[2026-08-06T00:55:31.456Z]   Created build aggro: 100 cards
[2026-08-06T00:55:33.310Z]   Created build mill: 100 cards
[2026-08-06T00:55:33.310Z] [8/500] Betor, Ancestor's Voice
[2026-08-06T00:55:33.310Z]   Processing Betor, Ancestor's Voice (17953 decks)
[2026-08-06T00:55:33.450Z]   Found 4 themes: lifegain, plus-1-plus-1-counters, reanimator, self-damage
[2026-08-06T00:55:35.385Z]   Created build lifegain: 100 cards
[2026-08-06T00:55:37.300Z]   Created build plus-1-plus-1-counters: 100 cards
[2026-08-06T00:55:39.247Z]   Created build reanimator: 100 cards
[2026-08-06T00:55:41.127Z]   Created build self-damage: 100 cards
[2026-08-06T00:55:41.127Z] [9/500] Sidar Jabari of Zhalfir
[2026-08-06T00:55:41.127Z]   Processing Sidar Jabari of Zhalfir (17879 decks)
[2026-08-06T00:55:41.290Z]   Found 3 themes: knights, reanimator, aggro
[2026-08-06T00:55:43.200Z]   Created build knights: 100 cards
[2026-08-06T00:55:45.111Z]   Created build reanimator: 100 cards
[2026-08-06T00:55:47.035Z]   Created build aggro: 100 cards
[2026-08-06T00:55:47.035Z] [10/500] Auntie Ool, Cursewretch
[2026-08-06T00:55:47.035Z]   Processing Auntie Ool, Cursewretch (17679 decks)
[2026-08-06T00:55:47.185Z]   Found 2 themes: minus-1-minus-1-counters, combo
[2026-08-06T00:55:48.944Z]   Created build minus-1-minus-1-counters: 100 cards
[2026-08-06T00:55:50.892Z]   Created build combo: 100 cards
[2026-08-06T00:55:50.892Z] [11/500] Ragost, Deft Gastronaut
[2026-08-06T00:55:50.892Z]   Processing Ragost, Deft Gastronaut (17574 decks)
[2026-08-06T00:55:51.036Z]   Found 5 themes: artifacts, burn, lifegain, tokens, food
[2026-08-06T00:55:52.920Z]   Created build artifacts: 100 cards
[2026-08-06T00:55:54.838Z]   Created build burn: 100 cards
[2026-08-06T00:55:56.794Z]   Created build lifegain: 100 cards
[2026-08-06T00:55:58.674Z]   Created build tokens: 100 cards
[2026-08-06T00:56:00.545Z]   Created build food: 100 cards
[2026-08-06T00:56:00.545Z] [12/500] Kilo, Apogee Mind
[2026-08-06T00:56:00.545Z]   Processing Kilo, Apogee Mind (17510 decks)
[2026-08-06T00:56:00.687Z]   Found 5 themes: artifacts, plus-1-plus-1-counters, proliferate, combo, infect
[2026-08-06T00:56:02.558Z]   Created build artifacts: 100 cards
[2026-08-06T00:56:04.428Z]   Created build plus-1-plus-1-counters: 100 cards
[2026-08-06T00:56:06.290Z]   Created build proliferate: 100 cards
[2026-08-06T00:56:08.263Z]   Created build combo: 100 cards
[2026-08-06T00:56:10.288Z]   Created build infect: 100 cards
[2026-08-06T00:56:10.288Z] [13/500] Obeka, Splitter of Seconds
[2026-08-06T00:56:10.288Z]   Processing Obeka, Splitter of Seconds (17387 decks)
[2026-08-06T00:56:10.429Z]   Found 3 themes: extra-upkeeps, monarch, voltron
[2026-08-06T00:56:12.308Z]   Created build extra-upkeeps: 100 cards
[2026-08-06T00:56:14.192Z]   Created build monarch: 100 cards
[2026-08-06T00:56:16.092Z]   Created build voltron: 100 cards
[2026-08-06T00:56:16.092Z] [14/500] Alela, Cunning Conqueror
[2026-08-06T00:56:16.092Z]   Processing Alela, Cunning Conqueror (17291 decks)
[2026-08-06T00:56:16.232Z]   Found 7 themes: faeries, control, flying, tokens, flash, forced-combat, spellslinger
[2026-08-06T00:56:18.100Z]   Created build faeries: 100 cards
[2026-08-06T00:56:19.958Z]   Created build control: 100 cards
[2026-08-06T00:56:21.932Z]   Created build flying: 100 cards
[2026-08-06T00:56:23.840Z]   Created build tokens: 100 cards
[2026-08-06T00:56:25.715Z]   Created build flash: 100 cards
[2026-08-06T00:56:27.584Z]   Created build forced-combat: 100 cards
[2026-08-06T00:56:29.456Z]   Created build spellslinger: 100 cards
[2026-08-06T00:56:29.456Z] [15/500] Atraxa, Grand Unifier
[2026-08-06T00:56:29.456Z]   Processing Atraxa, Grand Unifier (17248 decks)
[2026-08-06T00:56:29.596Z]   Found 7 themes: blink, combo, cedh, infect, midrange, control, phyrexians
[2026-08-06T00:56:31.468Z]   Created build blink: 100 cards
[2026-08-06T00:56:33.349Z]   Created build combo: 100 cards
[2026-08-06T00:56:35.239Z]   Created build cedh: 100 cards
[2026-08-06T00:56:37.179Z]   Created build infect: 100 cards
[2026-08-06T00:56:39.287Z]   Created build midrange: 100 cards
[2026-08-06T00:56:41.201Z]   Created build control: 100 cards
[2026-08-06T00:56:43.124Z]   Created build phyrexians: 100 cards
[2026-08-06T00:56:43.124Z] [16/500] Magda, Brazen Outlaw
[2026-08-06T00:56:43.124Z]   Processing Magda, Brazen Outlaw (17237 decks)
[2026-08-06T00:56:43.266Z]   Found 8 themes: treasure, dwarves, artifacts, combo, cedh, dragons, stax, vehicles
[2026-08-06T00:56:45.186Z]   Created build treasure: 100 cards
[2026-08-06T00:56:47.064Z]   Created build dwarves: 100 cards
[2026-08-06T00:56:49.024Z]   Created build artifacts: 100 cards
[2026-08-06T00:56:50.896Z]   Created build combo: 100 cards
[2026-08-06T00:56:52.644Z]   Created build cedh: 100 cards
[2026-08-06T00:56:54.562Z]   Created build dragons: 100 cards
[2026-08-06T00:56:56.330Z]   Created build stax: 100 cards
[2026-08-06T00:56:58.250Z]   Created build vehicles: 100 cards
[2026-08-06T00:56:58.250Z] [17/500] Aminatou, Veil Piercer
[2026-08-06T00:56:58.250Z]   Processing Aminatou, Veil Piercer (17176 decks)
[2026-08-06T00:56:58.391Z]   Found 3 themes: enchantress, topdeck, control
[2026-08-06T00:57:00.299Z]   Created build enchantress: 100 cards
[2026-08-06T00:57:02.251Z]   Created build topdeck: 100 cards
[2026-08-06T00:57:04.178Z]   Created build control: 100 cards
[2026-08-06T00:57:04.178Z] [18/500] Hope Estheim
[2026-08-06T00:57:04.178Z]   Processing Hope Estheim (16961 decks)
[2026-08-06T00:57:04.316Z]   Found 2 themes: mill, lifegain
[2026-08-06T00:57:06.241Z]   Created build mill: 100 cards
[2026-08-06T00:57:08.143Z]   Created build lifegain: 100 cards
[2026-08-06T00:57:08.143Z] [19/500] Marneus Calgar
[2026-08-06T00:57:08.143Z]   Processing Marneus Calgar (16926 decks)
[2026-08-06T00:57:08.287Z]   Found 5 themes: tokens, combo, aristocrats, midrange, cedh
[2026-08-06T00:57:10.182Z]   Created build tokens: 100 cards
[2026-08-06T00:57:12.080Z]   Created build combo: 100 cards
[2026-08-06T00:57:13.987Z]   Created build aristocrats: 100 cards
[2026-08-06T00:57:15.882Z]   Created build midrange: 100 cards
[2026-08-06T00:57:17.575Z]   Created build cedh: 100 cards
[2026-08-06T00:57:17.575Z] [20/500] Urza, Chief Artificer
[2026-08-06T00:57:17.575Z]   Processing Urza, Chief Artificer (16843 decks)
[2026-08-06T00:57:17.717Z]   Found 3 themes: artifacts, tokens, affinity
[2026-08-06T00:57:19.591Z]   Created build artifacts: 100 cards
[2026-08-06T00:57:21.491Z]   Created build tokens: 100 cards
[2026-08-06T00:57:23.558Z]   Created build affinity: 100 cards
[2026-08-06T00:57:23.558Z] [21/500] High Perfect Morcant
[2026-08-06T00:57:23.558Z]   Processing High Perfect Morcant (16604 decks)
[2026-08-06T00:57:23.699Z]   Found 6 themes: minus-1-minus-1-counters, elves, tokens, plus-1-plus-1-counters, infect, proliferate
[2026-08-06T00:57:25.715Z]   Created build minus-1-minus-1-counters: 100 cards
[2026-08-06T00:57:27.627Z]   Created build elves: 100 cards
[2026-08-06T00:57:29.609Z]   Created build tokens: 100 cards
[2026-08-06T00:57:31.505Z]   Created build plus-1-plus-1-counters: 100 cards
[2026-08-06T00:57:33.393Z]   Created build infect: 100 cards
[2026-08-06T00:57:35.332Z]   Created build proliferate: 100 cards
[2026-08-06T00:57:35.332Z] [22/500] Aesi, Tyrant of Gyre Strait
[2026-08-06T00:57:35.332Z]   Processing Aesi, Tyrant of Gyre Strait (16524 decks)
[2026-08-06T00:57:35.483Z]   Found 3 themes: lands-matter, landfall, ramp
[2026-08-06T00:57:37.409Z]   Created build lands-matter: 100 cards
[2026-08-06T00:57:39.353Z]   Created build landfall: 100 cards
[2026-08-06T00:57:41.225Z]   Created build ramp: 100 cards
[2026-08-06T00:57:41.225Z] [23/500] Deadpool, Trading Card
[2026-08-06T00:57:41.225Z]   Processing Deadpool, Trading Card (16488 decks)
[2026-08-06T00:57:41.366Z]   Found 2 themes: clones, chaos
[2026-08-06T00:57:43.284Z]   Created build clones: 100 cards
[2026-08-06T00:57:45.165Z]   Created build chaos: 100 cards
[2026-08-06T00:57:45.165Z] [24/500] Zur the Enchanter
[2026-08-06T00:57:45.165Z]   Processing Zur the Enchanter (16425 decks)
[2026-08-06T00:57:45.308Z]   Found 6 themes: enchantress, auras, stax, control, combo, voltron
[2026-08-06T00:57:47.209Z]   Created build enchantress: 100 cards
[2026-08-06T00:57:49.152Z]   Created build auras: 100 cards
[2026-08-06T00:57:51.029Z]   Created build stax: 100 cards
[2026-08-06T00:57:53.001Z]   Created build control: 100 cards
[2026-08-06T00:57:54.957Z]   Created build combo: 100 cards
[2026-08-06T00:57:56.853Z]   Created build voltron: 100 cards
[2026-08-06T00:57:56.853Z] [25/500] Alela, Artful Provocateur
[2026-08-06T00:57:56.853Z]   Processing Alela, Artful Provocateur (16305 decks)
[2026-08-06T00:57:57.004Z]   Found 6 themes: enchantress, artifacts, faeries, tokens, flying, unnatural
[2026-08-06T00:57:58.885Z]   Created build enchantress: 100 cards
[2026-08-06T00:58:00.778Z]   Created build artifacts: 100 cards
[2026-08-06T00:58:02.682Z]   Created build faeries: 100 cards
[2026-08-06T00:58:04.617Z]   Created build tokens: 100 cards
[2026-08-06T00:58:06.496Z]   Created build flying: 100 cards
[2026-08-06T00:58:08.383Z]   Created build unnatural: 100 cards
[2026-08-06T00:58:08.383Z] [26/500] Mendicant Core, Guidelight
[2026-08-06T00:58:08.383Z]   Processing Mendicant Core, Guidelight (16036 decks)
[2026-08-06T00:58:08.524Z]   Found 4 themes: artifacts, tokens, clones, affinity
[2026-08-06T00:58:10.439Z]   Created build artifacts: 100 cards
[2026-08-06T00:58:12.333Z]   Created build tokens: 100 cards
[2026-08-06T00:58:14.198Z]   Created build clones: 100 cards
[2026-08-06T00:58:16.121Z]   Created build affinity: 100 cards
[2026-08-06T00:58:16.121Z] [27/500] Niv-Mizzet, Parun
[2026-08-06T00:58:16.121Z]   Processing Niv-Mizzet, Parun (15897 decks)
[2026-08-06T00:58:16.262Z]   Found 7 themes: spellslinger, wheels, combo, burn, cantrips, control, card-draw
[2026-08-06T00:58:18.189Z]   Created build spellslinger: 100 cards
[2026-08-06T00:58:20.073Z]   Created build wheels: 100 cards
[2026-08-06T00:58:22.013Z]   Created build combo: 100 cards
[2026-08-06T00:58:23.889Z]   Created build burn: 100 cards
[2026-08-06T00:58:25.752Z]   Created build cantrips: 100 cards
[2026-08-06T00:58:27.654Z]   Created build control: 100 cards
[2026-08-06T00:58:29.561Z]   Created build card-draw: 100 cards
[2026-08-06T00:58:29.561Z] [28/500] Fynn, the Fangbearer
[2026-08-06T00:58:29.561Z]   Processing Fynn, the Fangbearer (15803 decks)
[2026-08-06T00:58:29.702Z]   Found 3 themes: deathtouch, infect, aggro
[2026-08-06T00:58:31.621Z]   Created build deathtouch: 100 cards
[2026-08-06T00:58:33.502Z]   Created build infect: 100 cards
[2026-08-06T00:58:35.377Z]   Created build aggro: 100 cards
[2026-08-06T00:58:35.377Z] [29/500] Storm, Force of Nature
[2026-08-06T00:58:35.378Z]   Processing Storm, Force of Nature (15721 decks)
[2026-08-06T00:58:35.518Z]   Found 6 themes: spellslinger, storm, spell-copy, cantrips, combo, extra-combats
[2026-08-06T00:58:37.411Z]   Created build spellslinger: 100 cards
[2026-08-06T00:58:39.281Z]   Created build storm: 100 cards
[2026-08-06T00:58:41.163Z]   Created build spell-copy: 100 cards
[2026-08-06T00:58:43.093Z]   Created build cantrips: 100 cards
[2026-08-06T00:58:44.975Z]   Created build combo: 100 cards
[2026-08-06T00:58:46.891Z]   Created build extra-combats: 100 cards
[2026-08-06T00:58:46.892Z] [30/500] Morophon, the Boundless
[2026-08-06T00:58:46.892Z]   Processing Morophon, the Boundless (15529 decks)
[2026-08-06T00:58:47.032Z]   Found 3 themes: shapeshifters, legends, dragons
[2026-08-06T00:58:48.945Z]   Created build shapeshifters: 100 cards
[2026-08-06T00:58:51.341Z]   Created build legends: 100 cards
[2026-08-06T00:58:53.220Z]   Created build dragons: 100 cards
[2026-08-06T00:58:53.220Z] [31/500] Galadriel, Light of Valinor
[2026-08-06T00:58:53.220Z]   Processing Galadriel, Light of Valinor (15443 decks)
[2026-08-06T00:58:53.362Z]   Found 4 themes: elves, plus-1-plus-1-counters, tokens, blink
[2026-08-06T00:58:55.220Z]   Created build elves: 100 cards
[2026-08-06T00:58:57.112Z]   Created build plus-1-plus-1-counters: 100 cards
[2026-08-06T00:58:58.982Z]   Created build tokens: 100 cards
[2026-08-06T00:59:00.864Z]   Created build blink: 100 cards
[2026-08-06T00:59:00.864Z] [32/500] Zimone, Mystery Unraveler
[2026-08-06T00:59:00.864Z]   Processing Zimone, Mystery Unraveler (15344 decks)
[2026-08-06T00:59:01.005Z]   Found 4 themes: lands-matter, morph, landfall, ramp
[2026-08-06T00:59:02.989Z]   Created build lands-matter: 100 cards
[2026-08-06T00:59:05.290Z]   Created build morph: 100 cards
[2026-08-06T00:59:07.174Z]   Created build landfall: 100 cards
[2026-08-06T00:59:09.084Z]   Created build ramp: 100 cards
[2026-08-06T00:59:09.084Z] [33/500] Be'lakor, the Dark Master
[2026-08-06T00:59:09.084Z]   Processing Be'lakor, the Dark Master (15295 decks)
[2026-08-06T00:59:09.230Z]   Found 5 themes: demons, blink, burn, reanimator, clones
[2026-08-06T00:59:11.103Z]   Created build demons: 100 cards
[2026-08-06T00:59:13.023Z]   Created build blink: 100 cards
[2026-08-06T00:59:15.120Z]   Created build burn: 100 cards
[2026-08-06T00:59:16.997Z]   Created build reanimator: 100 cards
[2026-08-06T00:59:18.896Z]   Created build clones: 100 cards
[2026-08-06T00:59:18.896Z] [34/500] Jin Sakai, Ghost of Tsushima
[2026-08-06T00:59:18.896Z]   Processing Jin Sakai, Ghost of Tsushima (15087 decks)
[2026-08-06T00:59:19.041Z]   Found 3 themes: equipment, voltron, aggro
[2026-08-06T00:59:20.972Z]   Created build equipment: 100 cards
[2026-08-06T00:59:22.881Z]   Created build voltron: 100 cards
[2026-08-06T00:59:24.743Z]   Created build aggro: 100 cards
[2026-08-06T00:59:24.743Z] [35/500] Witherbloom, the Balancer
[2026-08-06T00:59:24.743Z]   Processing Witherbloom, the Balancer (15059 decks)
[2026-08-06T00:59:24.884Z]   Found 4 themes: tokens, spellslinger, affinity, x-spells
[2026-08-06T00:59:26.760Z]   Created build tokens: 100 cards
[2026-08-06T00:59:28.656Z]   Created build spellslinger: 100 cards
[2026-08-06T00:59:30.546Z]   Created build affinity: 100 cards
[2026-08-06T00:59:32.476Z]   Created build x-spells: 100 cards
[2026-08-06T00:59:32.476Z] [36/500] Captain America, First Avenger
[2026-08-06T00:59:32.477Z]   Processing Captain America, First Avenger (15028 decks)
[2026-08-06T00:59:32.621Z]   Found 3 themes: equipment, voltron, artifacts
[2026-08-06T00:59:34.530Z]   Created build equipment: 100 cards
[2026-08-06T00:59:36.449Z]   Created build voltron: 100 cards
[2026-08-06T00:59:38.394Z]   Created build artifacts: 100 cards
[2026-08-06T00:59:38.394Z] [37/500] Satya, Aetherflux Genius
[2026-08-06T00:59:38.394Z]   Processing Satya, Aetherflux Genius (15022 decks)
[2026-08-06T00:59:38.537Z]   Found 5 themes: energy, clones, tokens, artifacts, aggro
[2026-08-06T00:59:40.405Z]   Created build energy: 100 cards
[2026-08-06T00:59:42.283Z]   Created build clones: 100 cards
[2026-08-06T00:59:44.184Z]   Created build tokens: 100 cards
[2026-08-06T00:59:46.052Z]   Created build artifacts: 100 cards
[2026-08-06T00:59:47.964Z]   Created build aggro: 100 cards
[2026-08-06T00:59:47.964Z] [38/500] Zada, Hedron Grinder
[2026-08-06T00:59:47.964Z]   Processing Zada, Hedron Grinder (14921 decks)
[2026-08-06T00:59:48.105Z]   Found 6 themes: spellslinger, goblins, tokens, aggro, storm, combo
[2026-08-06T00:59:49.994Z]   Created build spellslinger: 100 cards
[2026-08-06T00:59:51.887Z]   Created build goblins: 100 cards
[2026-08-06T00:59:53.791Z]   Created build tokens: 100 cards
[2026-08-06T00:59:55.767Z]   Created build aggro: 100 cards
[2026-08-06T00:59:57.683Z]   Created build storm: 100 cards
[2026-08-06T00:59:59.608Z]   Created build combo: 100 cards
[2026-08-06T00:59:59.608Z] [39/500] Magus Lucea Kane
[2026-08-06T00:59:59.608Z]   Processing Magus Lucea Kane (14837 decks)
[2026-08-06T00:59:59.750Z]   Found 5 themes: x-spells, plus-1-plus-1-counters, tyranids, ramp, hydras
[2026-08-06T01:00:01.671Z]   Created build x-spells: 100 cards
[2026-08-06T01:00:03.559Z]   Created build plus-1-plus-1-counters: 100 cards
[2026-08-06T01:00:05.496Z]   Created build tyranids: 100 cards
[2026-08-06T01:00:07.457Z]   Created build ramp: 100 cards
[2026-08-06T01:00:09.362Z]   Created build hydras: 100 cards
[2026-08-06T01:00:09.363Z] [40/500] Marina Vendrell
[2026-08-06T01:00:09.363Z]   Processing Marina Vendrell (14755 decks)
[2026-08-06T01:00:09.508Z]   Found 2 themes: enchantress, rooms
[2026-08-06T01:00:11.455Z]   Created build enchantress: 100 cards
[2026-08-06T01:00:13.380Z]   Created build rooms: 100 cards
[2026-08-06T01:00:13.380Z] [41/500] Brago, King Eternal
[2026-08-06T01:00:13.380Z]   Processing Brago, King Eternal (14657 decks)
[2026-08-06T01:00:13.520Z]   Found 3 themes: blink, control, combo
[2026-08-06T01:00:15.378Z]   Created build blink: 100 cards
[2026-08-06T01:00:17.271Z]   Created build control: 100 cards
[2026-08-06T01:00:19.141Z]   Created build combo: 100 cards
[2026-08-06T01:00:19.141Z] [42/500] Eluge, the Shoreless Sea
[2026-08-06T01:00:19.141Z]   Processing Eluge, the Shoreless Sea (14541 decks)
[2026-08-06T01:00:19.283Z]   Found 3 themes: spellslinger, control, extra-turns
[2026-08-06T01:00:21.174Z]   Created build spellslinger: 100 cards
[2026-08-06T01:00:23.030Z]   Created build control: 100 cards
[2026-08-06T01:00:24.868Z]   Created build extra-turns: 100 cards
[2026-08-06T01:00:24.868Z] [43/500] Lord of the Nazgûl
[2026-08-06T01:00:24.869Z]   Processing Lord of the Nazgûl (14379 decks)
[2026-08-06T01:00:25.013Z]   Found 6 themes: spellslinger, cantrips, wraiths, tokens, control, plus-1-plus-1-counters
[2026-08-06T01:00:26.902Z]   Created build spellslinger: 100 cards
[2026-08-06T01:00:28.776Z]   Created build cantrips: 100 cards
[2026-08-06T01:00:30.758Z]   Created build wraiths: 100 cards
[2026-08-06T01:00:32.666Z]   Created build tokens: 100 cards
[2026-08-06T01:00:34.582Z]   Created build control: 100 cards
[2026-08-06T01:00:36.491Z]   Created build plus-1-plus-1-counters: 100 cards
[2026-08-06T01:00:36.491Z] [44/500] Satoru Umezawa
[2026-08-06T01:00:36.491Z]   Processing Satoru Umezawa (14350 decks)
[2026-08-06T01:00:36.633Z]   Found 2 themes: ninjutsu, ninjas
[2026-08-06T01:00:38.529Z]   Created build ninjutsu: 100 cards
[2026-08-06T01:00:40.428Z]   Created build ninjas: 100 cards
[2026-08-06T01:00:40.428Z] [45/500] Tifa Lockhart
[2026-08-06T01:00:40.428Z]   Processing Tifa Lockhart (14248 decks)
[2026-08-06T01:00:40.574Z]   Found 6 themes: lands-matter, voltron, ramp, landfall, plus-1-plus-1-counters, aggro
[2026-08-06T01:00:42.463Z]   Created build lands-matter: 100 cards
[2026-08-06T01:00:44.325Z]   Created build voltron: 100 cards
[2026-08-06T01:00:46.204Z]   Created build ramp: 100 cards
[2026-08-06T01:00:48.135Z]   Created build landfall: 100 cards
[2026-08-06T01:00:50.034Z]   Created build plus-1-plus-1-counters: 100 cards
[2026-08-06T01:00:51.917Z]   Created build aggro: 100 cards
[2026-08-06T01:00:51.917Z] [46/500] Omnath, Locus of All
[2026-08-06T01:00:51.917Z]   Processing Omnath, Locus of All (14161 decks)
[2026-08-06T01:00:52.057Z]   Found 4 themes: lands-matter, legends, x-spells, phyrexians
[2026-08-06T01:00:53.987Z]   Created build lands-matter: 100 cards
[2026-08-06T01:00:55.847Z]   Created build legends: 100 cards
[2026-08-06T01:00:57.717Z]   Created build x-spells: 100 cards
[2026-08-06T01:00:59.604Z]   Created build phyrexians: 100 cards
[2026-08-06T01:00:59.604Z] [47/500] Éowyn, Shieldmaiden
[2026-08-06T01:00:59.604Z]   Processing Éowyn, Shieldmaiden (14157 decks)
[2026-08-06T01:00:59.748Z]   Found 4 themes: humans, tokens, aggro, monarch
[2026-08-06T01:01:01.659Z]   Created build humans: 100 cards
[2026-08-06T01:01:03.536Z]   Created build tokens: 100 cards
[2026-08-06T01:01:05.391Z]   Created build aggro: 100 cards
[2026-08-06T01:01:07.055Z]   Created build monarch: 100 cards
[2026-08-06T01:01:07.055Z] [48/500] Kibo, Uktabi Prince
[2026-08-06T01:01:07.055Z]   Processing Kibo, Uktabi Prince (14116 decks)
[2026-08-06T01:01:07.197Z]   Found 5 themes: apes, plus-1-plus-1-counters, artifacts, monkeys, group-hug
[2026-08-06T01:01:09.113Z]   Created build apes: 100 cards
[2026-08-06T01:01:10.992Z]   Created build plus-1-plus-1-counters: 100 cards
[2026-08-06T01:01:12.895Z]   Created build artifacts: 100 cards
[2026-08-06T01:01:14.768Z]   Created build monkeys: 100 cards
[2026-08-06T01:01:16.684Z]   Created build group-hug: 100 cards
[2026-08-06T01:01:16.688Z] [49/500] The Scarab God
[2026-08-06T01:01:16.689Z]   Processing The Scarab God (13950 decks)
[2026-08-06T01:01:16.834Z]   Found 4 themes: zombies, reanimator, tokens, mill
[2026-08-06T01:01:18.706Z]   Created build zombies: 100 cards
[2026-08-06T01:01:20.650Z]   Created build reanimator: 100 cards
[2026-08-06T01:01:22.906Z]   Created build tokens: 100 cards
[2026-08-06T01:01:24.804Z]   Created build mill: 100 cards
[2026-08-06T01:01:24.804Z] [50/500] Marrow-Gnawer
[2026-08-06T01:01:24.804Z]   Processing Marrow-Gnawer (13944 decks)
[2026-08-06T01:01:24.944Z]   Found 5 themes: rat-colony, rats, tokens, relentless-rats, aggro
[2026-08-06T01:01:26.652Z]   Created build rat-colony: 100 cards
[2026-08-06T01:01:28.524Z]   Created build rats: 100 cards
[2026-08-06T01:01:30.390Z]   Created build tokens: 100 cards
[2026-08-06T01:01:32.062Z]   Created build relentless-rats: 100 cards
[2026-08-06T01:01:33.798Z]   Created build aggro: 100 cards
[2026-08-06T01:01:33.798Z] 
[2026-08-06T01:01:33.798Z] Progress: 50 processed, 217 builds, 21700 cards
[2026-08-06T01:01:33.798Z] 
[2026-08-06T01:01:33.798Z] [51/500] Prosper, Tome-Bound
[2026-08-06T01:01:33.798Z]   Processing Prosper, Tome-Bound (13939 decks)
[2026-08-06T01:01:33.936Z]   Found 6 themes: treasure, exile, artifacts, tokens, burn, combo
[2026-08-06T01:01:35.938Z]   Created build treasure: 100 cards
[2026-08-06T01:01:37.836Z]   Created build exile: 100 cards
[2026-08-06T01:01:39.756Z]   Created build artifacts: 100 cards
[2026-08-06T01:01:41.698Z]   Created build tokens: 100 cards
[2026-08-06T01:01:43.572Z]   Created build burn: 100 cards
[2026-08-06T01:01:45.538Z]   Created build combo: 100 cards
[2026-08-06T01:01:45.538Z] [52/500] Inalla, Archmage Ritualist
[2026-08-06T01:01:45.538Z]   Processing Inalla, Archmage Ritualist (13886 decks)
[2026-08-06T01:01:45.678Z]   Found 4 themes: wizards, combo, spellslinger, cedh
[2026-08-06T01:01:47.706Z]   Created build wizards: 100 cards
[2026-08-06T01:01:50.076Z]   Created build combo: 100 cards
[2026-08-06T01:01:52.646Z]   Created build spellslinger: 100 cards
[2026-08-06T01:01:55.680Z]   Created build cedh: 100 cards
[2026-08-06T01:01:55.680Z] [53/500] Kykar, Wind's Fury
[2026-08-06T01:01:55.680Z]   Processing Kykar, Wind's Fury (13866 decks)
[2026-08-06T01:01:56.478Z]   Found 5 themes: spellslinger, tokens, storm, polymorph, combo
[2026-08-06T01:02:00.341Z]   Created build spellslinger: 100 cards
[2026-08-06T01:02:02.882Z]   Created build tokens: 100 cards
[2026-08-06T01:02:05.240Z]   Created build storm: 100 cards
[2026-08-06T01:02:07.160Z]   Created build polymorph: 100 cards
[2026-08-06T01:02:09.838Z]   Created build combo: 100 cards
[2026-08-06T01:02:09.838Z] [54/500] Sythis, Harvest's Hand
[2026-08-06T01:02:09.838Z]   Processing Sythis, Harvest's Hand (13849 decks)
[2026-08-06T01:02:09.985Z]   Found 4 themes: enchantress, auras, lifegain, combo
[2026-08-06T01:02:12.105Z]   Created build enchantress: 100 cards
[2026-08-06T01:02:15.544Z]   Created build auras: 100 cards
[2026-08-06T01:02:17.434Z]   Created build lifegain: 100 cards
[2026-08-06T01:02:19.764Z]   Created build combo: 100 cards
[2026-08-06T01:02:19.764Z] [55/500] Najeela, the Blade-Blossom
[2026-08-06T01:02:19.764Z]   Processing Najeela, the Blade-Blossom (13844 decks)
[2026-08-06T01:02:19.931Z]   Found 7 themes: warriors, extra-combats, aggro, tokens, combo, cedh, birthing-pod
[2026-08-06T01:02:21.914Z]   Created build warriors: 100 cards
[2026-08-06T01:02:24.020Z]   Created build extra-combats: 100 cards
[2026-08-06T01:02:25.987Z]   Created build aggro: 100 cards
[2026-08-06T01:02:27.911Z]   Created build tokens: 100 cards
[2026-08-06T01:02:29.871Z]   Created build combo: 100 cards
[2026-08-06T01:02:31.827Z]   Created build cedh: 100 cards
[2026-08-06T01:02:33.778Z]   Created build birthing-pod: 100 cards
[2026-08-06T01:02:33.778Z] [56/500] Iroh, Grand Lotus
[2026-08-06T01:02:33.778Z]   Processing Iroh, Grand Lotus (13841 decks)
[2026-08-06T01:02:33.929Z]   Found 4 themes: spellslinger, lessons, storm, flashback
[2026-08-06T01:02:35.839Z]   Created build spellslinger: 100 cards
[2026-08-06T01:02:37.704Z]   Created build lessons: 100 cards
[2026-08-06T01:02:39.592Z]   Created build storm: 100 cards
[2026-08-06T01:02:41.483Z]   Created build flashback: 100 cards
[2026-08-06T01:02:41.484Z] [57/500] Azlask, the Swelling Scourge
[2026-08-06T01:02:41.484Z]   Processing Azlask, the Swelling Scourge (13819 decks)
[2026-08-06T01:02:41.623Z]   Found 3 themes: eldrazi, tokens, experience-counters
[2026-08-06T01:02:43.536Z]   Created build eldrazi: 100 cards
[2026-08-06T01:02:45.467Z]   Created build tokens: 100 cards
[2026-08-06T01:02:47.391Z]   Created build experience-counters: 100 cards
[2026-08-06T01:02:47.391Z] [58/500] Lightning, Army of One
[2026-08-06T01:02:47.391Z]   Processing Lightning, Army of One (13724 decks)
[2026-08-06T01:02:47.538Z]   Found 4 themes: equipment, voltron, extra-combats, aggro
[2026-08-06T01:02:49.446Z]   Created build equipment: 100 cards
[2026-08-06T01:02:51.525Z]   Created build voltron: 100 cards
[2026-08-06T01:02:53.442Z]   Created build extra-combats: 100 cards
[2026-08-06T01:02:55.311Z]   Created build aggro: 100 cards
[2026-08-06T01:02:55.311Z] [59/500] Eshki, Temur's Roar
[2026-08-06T01:02:55.311Z]   Processing Eshki, Temur's Roar (13598 decks)
[2026-08-06T01:02:55.451Z]   Found 4 themes: burn, plus-1-plus-1-counters, aggro, ramp
[2026-08-06T01:02:57.352Z]   Created build burn: 100 cards
[2026-08-06T01:02:59.229Z]   Created build plus-1-plus-1-counters: 100 cards
[2026-08-06T01:03:01.140Z]   Created build aggro: 100 cards
[2026-08-06T01:03:03.015Z]   Created build ramp: 100 cards
[2026-08-06T01:03:03.015Z] [60/500] Winota, Joiner of Forces
[2026-08-06T01:03:03.015Z]   Processing Winota, Joiner of Forces (13555 decks)
[2026-08-06T01:03:03.163Z]   Found 6 themes: aggro, hatebears, stax, cedh, humans, tokens
[2026-08-06T01:03:05.212Z]   Created build aggro: 100 cards
[2026-08-06T01:03:06.937Z]   Created build hatebears: 100 cards
[2026-08-06T01:03:08.729Z]   Created build stax: 100 cards
[2026-08-06T01:03:10.507Z]   Created build cedh: 100 cards
[2026-08-06T01:03:12.439Z]   Created build humans: 100 cards
[2026-08-06T01:03:14.335Z]   Created build tokens: 100 cards
[2026-08-06T01:03:14.335Z] [61/500] Marchesa, the Black Rose
[2026-08-06T01:03:14.336Z]   Processing Marchesa, the Black Rose (13554 decks)
[2026-08-06T01:03:14.488Z]   Found 6 themes: plus-1-plus-1-counters, aristocrats, reanimator, theft, sacrifice, artifacts
[2026-08-06T01:03:16.429Z]   Created build plus-1-plus-1-counters: 100 cards
[2026-08-06T01:03:18.327Z]   Created build aristocrats: 100 cards
[2026-08-06T01:03:20.225Z]   Created build reanimator: 100 cards
[2026-08-06T01:03:22.120Z]   Created build theft: 100 cards
[2026-08-06T01:03:23.991Z]   Created build sacrifice: 100 cards
[2026-08-06T01:03:25.938Z]   Created build artifacts: 100 cards
[2026-08-06T01:03:25.938Z] [62/500] Omo, Queen of Vesuva
[2026-08-06T01:03:25.938Z]   Processing Omo, Queen of Vesuva (13533 decks)
[2026-08-06T01:03:26.084Z]   Found 2 themes: lands-matter, ramp
[2026-08-06T01:03:27.981Z]   Created build lands-matter: 100 cards
[2026-08-06T01:03:29.937Z]   Created build ramp: 100 cards
[2026-08-06T01:03:29.937Z] [63/500] Wick, the Whorled Mind
[2026-08-06T01:03:29.937Z]   Processing Wick, the Whorled Mind (13471 decks)
[2026-08-06T01:03:30.078Z]   Found 4 themes: rats, rat-colony, tokens, plus-1-plus-1-counters
[2026-08-06T01:03:32.002Z]   Created build rats: 100 cards
[2026-08-06T01:03:34.102Z]   Created build rat-colony: 100 cards
[2026-08-06T01:03:36.031Z]   Created build tokens: 100 cards
[2026-08-06T01:03:37.976Z]   Created build plus-1-plus-1-counters: 100 cards
[2026-08-06T01:03:37.976Z] [64/500] Shelob, Child of Ungoliant
[2026-08-06T01:03:37.976Z]   Processing Shelob, Child of Ungoliant (13457 decks)
[2026-08-06T01:03:38.120Z]   Found 4 themes: spiders, tokens, deathtouch, food
[2026-08-06T01:03:40.014Z]   Created build spiders: 100 cards
[2026-08-06T01:03:41.954Z]   Created build tokens: 100 cards
[2026-08-06T01:03:43.865Z]   Created build deathtouch: 100 cards
[2026-08-06T01:03:45.726Z]   Created build food: 100 cards
[2026-08-06T01:03:45.726Z] [65/500] Grand Arbiter Augustin IV
[2026-08-06T01:03:45.726Z]   Processing Grand Arbiter Augustin IV (13450 decks)
[2026-08-06T01:03:45.870Z]   Found 3 themes: stax, control, hatebears
[2026-08-06T01:03:47.802Z]   Created build stax: 100 cards
[2026-08-06T01:03:49.932Z]   Created build control: 100 cards
[2026-08-06T01:03:51.856Z]   Created build hatebears: 100 cards
[2026-08-06T01:03:51.856Z] [66/500] Kynaios and Tiro of Meletis
[2026-08-06T01:03:51.856Z]   Processing Kynaios and Tiro of Meletis (13417 decks)
[2026-08-06T01:03:52.002Z]   Found 4 themes: group-hug, wheels, lands-matter, pillow-fort
[2026-08-06T01:03:54.564Z]   Created build group-hug: 100 cards
[2026-08-06T01:03:56.460Z]   Created build wheels: 100 cards
[2026-08-06T01:03:58.352Z]   Created build lands-matter: 100 cards
[2026-08-06T01:04:00.224Z]   Created build pillow-fort: 100 cards
[2026-08-06T01:04:00.224Z] [67/500] Tiamat
[2026-08-06T01:04:00.224Z]   Processing Tiamat (13387 decks)
[2026-08-06T01:04:00.368Z]   Found 3 themes: dragons, flying, combo
[2026-08-06T01:04:02.266Z]   Created build dragons: 100 cards
[2026-08-06T01:04:04.074Z]   Created build flying: 100 cards
[2026-08-06T01:04:05.940Z]   Created build combo: 100 cards
[2026-08-06T01:04:05.940Z] [68/500] Feather, the Redeemed
[2026-08-06T01:04:05.940Z]   Processing Feather, the Redeemed (13346 decks)
[2026-08-06T01:04:06.089Z]   Found 5 themes: spellslinger, sunforger, voltron, aggro, cantrips
[2026-08-06T01:04:08.068Z]   Created build spellslinger: 100 cards
[2026-08-06T01:04:09.968Z]   Created build sunforger: 100 cards
[2026-08-06T01:04:11.900Z]   Created build voltron: 100 cards
[2026-08-06T01:04:13.864Z]   Created build aggro: 100 cards
[2026-08-06T01:04:15.726Z]   Created build cantrips: 100 cards
[2026-08-06T01:04:15.726Z] [69/500] Anikthea, Hand of Erebos
[2026-08-06T01:04:15.726Z]   Processing Anikthea, Hand of Erebos (13307 decks)
[2026-08-06T01:04:15.867Z]   Found 3 themes: enchantress, reanimator, tokens
[2026-08-06T01:04:17.742Z]   Created build enchantress: 100 cards
[2026-08-06T01:04:19.616Z]   Created build reanimator: 100 cards
[2026-08-06T01:04:21.514Z]   Created build tokens: 100 cards
[2026-08-06T01:04:21.514Z] [70/500] Temmet, Naktamun's Will
[2026-08-06T01:04:21.514Z]   Processing Temmet, Naktamun's Will (13293 decks)
[2026-08-06T01:04:21.658Z]   Found 5 themes: zombies, tokens, card-draw, reanimator, discard
[2026-08-06T01:04:23.604Z]   Created build zombies: 100 cards
[2026-08-06T01:04:25.454Z]   Created build tokens: 100 cards
[2026-08-06T01:04:27.389Z]   Created build card-draw: 100 cards
[2026-08-06T01:04:29.302Z]   Created build reanimator: 100 cards
[2026-08-06T01:04:31.170Z]   Created build discard: 100 cards
[2026-08-06T01:04:31.170Z] [71/500] Vren, the Relentless
[2026-08-06T01:04:31.170Z]   Processing Vren, the Relentless (13161 decks)
[2026-08-06T01:04:31.314Z]   Found 6 themes: rats, rat-colony, tokens, control, sacrifice, aristocrats
[2026-08-06T01:04:33.259Z]   Created build rats: 100 cards
[2026-08-06T01:04:35.128Z]   Created build rat-colony: 100 cards
[2026-08-06T01:04:37.014Z]   Created build tokens: 100 cards
[2026-08-06T01:04:38.923Z]   Created build control: 100 cards
[2026-08-06T01:04:40.799Z]   Created build sacrifice: 100 cards
[2026-08-06T01:04:42.688Z]   Created build aristocrats: 100 cards
[2026-08-06T01:04:42.688Z] [72/500] Edward Kenway
[2026-08-06T01:04:42.688Z]   Processing Edward Kenway (13038 decks)
[2026-08-06T01:04:42.844Z]   Found 6 themes: pirates, treasure, vehicles, theft, artifacts, assassins
[2026-08-06T01:04:44.734Z]   Created build pirates: 100 cards
[2026-08-06T01:04:46.632Z]   Created build treasure: 100 cards
[2026-08-06T01:04:48.509Z]   Created build vehicles: 100 cards
[2026-08-06T01:04:50.391Z]   Created build theft: 100 cards
[2026-08-06T01:04:52.276Z]   Created build artifacts: 100 cards
[2026-08-06T01:04:54.191Z]   Created build assassins: 100 cards
[2026-08-06T01:04:54.191Z] [73/500] Hazel of the Rootbloom
[2026-08-06T01:04:54.192Z]   Processing Hazel of the Rootbloom (13034 decks)
[2026-08-06T01:04:54.335Z]   Found 4 themes: tokens, aristocrats, squirrels, sacrifice
[2026-08-06T01:04:56.299Z]   Created build tokens: 100 cards
[2026-08-06T01:04:58.161Z]   Created build aristocrats: 100 cards
[2026-08-06T01:05:00.391Z]   Created build squirrels: 100 cards
[2026-08-06T01:05:02.450Z]   Created build sacrifice: 100 cards
[2026-08-06T01:05:02.450Z] [74/500] Yarok, the Desecrated
[2026-08-06T01:05:02.450Z]   Processing Yarok, the Desecrated (13001 decks)
[2026-08-06T01:05:02.609Z]   Found 7 themes: lands-matter, landfall, etb, blink, ramp, birthing-pod, combo
[2026-08-06T01:05:04.477Z]   Created build lands-matter: 100 cards
[2026-08-06T01:05:06.395Z]   Created build landfall: 100 cards
[2026-08-06T01:05:08.365Z]   Created build etb: 100 cards
[2026-08-06T01:05:10.259Z]   Created build blink: 100 cards
[2026-08-06T01:05:12.115Z]   Created build ramp: 100 cards
[2026-08-06T01:05:14.014Z]   Created build birthing-pod: 100 cards
[2026-08-06T01:05:15.950Z]   Created build combo: 100 cards
[2026-08-06T01:05:15.950Z] [75/500] Rendmaw, Creaking Nest
[2026-08-06T01:05:15.950Z]   Processing Rendmaw, Creaking Nest (12931 decks)
[2026-08-06T01:05:16.094Z]   Found 4 themes: tokens, forced-combat, artifacts, group-slug
[2026-08-06T01:05:18.008Z]   Created build tokens: 100 cards
[2026-08-06T01:05:19.905Z]   Created build forced-combat: 100 cards
[2026-08-06T01:05:21.801Z]   Created build artifacts: 100 cards
[2026-08-06T01:05:23.669Z]   Created build group-slug: 100 cards
[2026-08-06T01:05:23.669Z] [76/500] Rocco, Street Chef
[2026-08-06T01:05:23.669Z]   Processing Rocco, Street Chef (12930 decks)
[2026-08-06T01:05:23.811Z]   Found 6 themes: plus-1-plus-1-counters, exile, tokens, food, group-hug, artifacts
[2026-08-06T01:05:25.739Z]   Created build plus-1-plus-1-counters: 100 cards
[2026-08-06T01:05:27.611Z]   Created build exile: 100 cards
[2026-08-06T01:05:29.491Z]   Created build tokens: 100 cards
[2026-08-06T01:05:31.386Z]   Created build food: 100 cards
[2026-08-06T01:05:33.263Z]   Created build group-hug: 100 cards
[2026-08-06T01:05:35.123Z]   Created build artifacts: 100 cards
[2026-08-06T01:05:35.123Z] [77/500] Stella Lee, Wild Card
[2026-08-06T01:05:35.123Z]   Processing Stella Lee, Wild Card (12728 decks)
[2026-08-06T01:05:35.263Z]   Found 6 themes: spellslinger, combo, storm, cantrips, cedh, spell-copy
[2026-08-06T01:05:37.193Z]   Created build spellslinger: 100 cards
[2026-08-06T01:05:39.061Z]   Created build combo: 100 cards
[2026-08-06T01:05:40.939Z]   Created build storm: 100 cards
[2026-08-06T01:05:42.832Z]   Created build cantrips: 100 cards
[2026-08-06T01:05:44.581Z]   Created build cedh: 100 cards
[2026-08-06T01:05:46.476Z]   Created build spell-copy: 100 cards
[2026-08-06T01:05:46.476Z] [78/500] Tivit, Seller of Secrets
[2026-08-06T01:05:46.476Z]   Processing Tivit, Seller of Secrets (12726 decks)
[2026-08-06T01:05:46.619Z]   Found 9 themes: politics, artifacts, combo, cedh, control, extra-turns, blink, tokens, midrange
[2026-08-06T01:05:48.535Z]   Created build politics: 100 cards
[2026-08-06T01:05:50.447Z]   Created build artifacts: 100 cards
[2026-08-06T01:05:52.651Z]   Created build combo: 100 cards
[2026-08-06T01:05:54.415Z]   Created build cedh: 100 cards
[2026-08-06T01:05:56.293Z]   Created build control: 100 cards
[2026-08-06T01:05:58.162Z]   Created build extra-turns: 100 cards
[2026-08-06T01:06:00.070Z]   Created build blink: 100 cards
[2026-08-06T01:06:02.293Z]   Created build tokens: 100 cards
[2026-08-06T01:06:04.169Z]   Created build midrange: 100 cards
[2026-08-06T01:06:04.169Z] [79/500] Disa the Restless
[2026-08-06T01:06:04.169Z]   Processing Disa the Restless (12664 decks)
[2026-08-06T01:06:04.319Z]   Found 7 themes: graveyard, mill, reanimator, lhurgoyfs, self-mill, dredge, midrange
[2026-08-06T01:06:06.214Z]   Created build graveyard: 100 cards
[2026-08-06T01:06:08.084Z]   Created build mill: 100 cards
[2026-08-06T01:06:09.976Z]   Created build reanimator: 100 cards
[2026-08-06T01:06:11.941Z]   Created build lhurgoyfs: 100 cards
[2026-08-06T01:06:13.826Z]   Created build self-mill: 100 cards
[2026-08-06T01:06:15.754Z]   Created build dredge: 100 cards
[2026-08-06T01:06:17.649Z]   Created build midrange: 100 cards
[2026-08-06T01:06:17.650Z] [80/500] Liesa, Shroud of Dusk
[2026-08-06T01:06:17.650Z]   Processing Liesa, Shroud of Dusk (12660 decks)
[2026-08-06T01:06:17.790Z]   Found 7 themes: lifegain, lifedrain, hatebears, stax, angels, group-slug, self-damage
[2026-08-06T01:06:19.736Z]   Created build lifegain: 100 cards
[2026-08-06T01:06:21.646Z]   Created build lifedrain: 100 cards
[2026-08-06T01:06:23.534Z]   Created build hatebears: 100 cards
[2026-08-06T01:06:25.470Z]   Created build stax: 100 cards
[2026-08-06T01:06:27.328Z]   Created build angels: 100 cards
[2026-08-06T01:06:29.226Z]   Created build group-slug: 100 cards
[2026-08-06T01:06:31.120Z]   Created build self-damage: 100 cards
[2026-08-06T01:06:31.120Z] [81/500] Ramos, Dragon Engine
[2026-08-06T01:06:31.120Z]   Processing Ramos, Dragon Engine (12605 decks)
[2026-08-06T01:06:31.264Z]   Found 3 themes: plus-1-plus-1-counters, mutate, artifacts
[2026-08-06T01:06:33.190Z]   Created build plus-1-plus-1-counters: 100 cards
[2026-08-06T01:06:35.082Z]   Created build mutate: 100 cards
[2026-08-06T01:06:36.988Z]   Created build artifacts: 100 cards
[2026-08-06T01:06:36.988Z] [82/500] Sefris of the Hidden Ways
[2026-08-06T01:06:36.988Z]   Processing Sefris of the Hidden Ways (12496 decks)
[2026-08-06T01:06:37.124Z]   Found 5 themes: reanimator, dungeon, discard, graveyard, combo
[2026-08-06T01:06:39.020Z]   Created build reanimator: 100 cards
[2026-08-06T01:06:40.922Z]   Created build dungeon: 100 cards
[2026-08-06T01:06:42.802Z]   Created build discard: 100 cards
[2026-08-06T01:06:44.704Z]   Created build graveyard: 100 cards
[2026-08-06T01:06:46.602Z]   Created build combo: 100 cards
[2026-08-06T01:06:46.602Z] [83/500] Jon Irenicus, Shattered One
[2026-08-06T01:06:46.602Z]   Processing Jon Irenicus, Shattered One (12408 decks)
[2026-08-06T01:06:46.742Z]   Found 4 themes: donate, forced-combat, stompy, control
[2026-08-06T01:06:48.714Z]   Created build donate: 100 cards
[2026-08-06T01:06:50.584Z]   Created build forced-combat: 100 cards
[2026-08-06T01:06:52.466Z]   Created build stompy: 100 cards
[2026-08-06T01:06:54.403Z]   Created build control: 100 cards
[2026-08-06T01:06:54.403Z] [84/500] Inspirit, Flagship Vessel
[2026-08-06T01:06:54.403Z]   Processing Inspirit, Flagship Vessel (12405 decks)
[2026-08-06T01:06:54.553Z]   Found 4 themes: artifacts, plus-1-plus-1-counters, charge-counters, proliferate
[2026-08-06T01:06:56.421Z]   Created build artifacts: 100 cards
[2026-08-06T01:06:58.346Z]   Created build plus-1-plus-1-counters: 100 cards
[2026-08-06T01:07:00.237Z]   Created build charge-counters: 100 cards
[2026-08-06T01:07:02.113Z]   Created build proliferate: 100 cards
[2026-08-06T01:07:02.113Z] [85/500] Atreus, Impulsive Son & Kratos, Stoic Father
[2026-08-06T01:07:02.113Z]   Processing Atreus, Impulsive Son & Kratos, Stoic Father (12378 decks)
[2026-08-06T01:07:02.257Z]   Found 3 themes: plus-1-plus-1-counters, gods, experience-counters
[2026-08-06T01:07:04.174Z]   Created build plus-1-plus-1-counters: 100 cards
[2026-08-06T01:07:06.043Z]   Created build gods: 100 cards
[2026-08-06T01:07:07.952Z]   Created build experience-counters: 100 cards
[2026-08-06T01:07:07.952Z] [86/500] The Mindskinner
[2026-08-06T01:07:07.952Z]   Processing The Mindskinner (12331 decks)
[2026-08-06T01:07:08.091Z]   Found 3 themes: mill, equipment, voltron
[2026-08-06T01:07:09.987Z]   Created build mill: 100 cards
[2026-08-06T01:07:11.885Z]   Created build equipment: 100 cards
[2026-08-06T01:07:13.785Z]   Created build voltron: 100 cards
[2026-08-06T01:07:13.785Z] [87/500] Hylda of the Icy Crown
[2026-08-06T01:07:13.785Z]   Processing Hylda of the Icy Crown (12318 decks)
[2026-08-06T01:07:13.936Z]   Found 5 themes: control, tap-untap, tokens, snow, plus-1-plus-1-counters
[2026-08-06T01:07:15.844Z]   Created build control: 100 cards
[2026-08-06T01:07:17.770Z]   Created build tap-untap: 100 cards
[2026-08-06T01:07:19.636Z]   Created build tokens: 100 cards
[2026-08-06T01:07:21.524Z]   Created build snow: 100 cards
[2026-08-06T01:07:23.412Z]   Created build plus-1-plus-1-counters: 100 cards
[2026-08-06T01:07:23.412Z] [88/500] Cosmic Spider-Man
[2026-08-06T01:07:23.412Z]   Processing Cosmic Spider-Man (12294 decks)
[2026-08-06T01:07:23.555Z]   Found 2 themes: spiders, plus-1-plus-1-counters
[2026-08-06T01:07:25.420Z]   Created build spiders: 100 cards
[2026-08-06T01:07:27.350Z]   Created build plus-1-plus-1-counters: 100 cards
[2026-08-06T01:07:27.350Z] [89/500] Fire Lord Zuko
[2026-08-06T01:07:27.350Z]   Processing Fire Lord Zuko (12243 decks)
[2026-08-06T01:07:27.497Z]   Found 5 themes: plus-1-plus-1-counters, exile, firebending, aggro, blink
[2026-08-06T01:07:29.373Z]   Created build plus-1-plus-1-counters: 100 cards
[2026-08-06T01:07:31.205Z]   Created build exile: 100 cards
[2026-08-06T01:07:33.105Z]   Created build firebending: 100 cards
[2026-08-06T01:07:35.019Z]   Created build aggro: 100 cards
[2026-08-06T01:07:36.915Z]   Created build blink: 100 cards
[2026-08-06T01:07:36.915Z] [90/500] Yurlok of Scorch Thrash
[2026-08-06T01:07:36.915Z]   Processing Yurlok of Scorch Thrash (12160 decks)
[2026-08-06T01:07:37.055Z]   Found 6 themes: group-slug, burn, group-hug, ramp, big-mana, x-spells
[2026-08-06T01:07:38.937Z]   Created build group-slug: 100 cards
[2026-08-06T01:07:40.845Z]   Created build burn: 100 cards
[2026-08-06T01:07:42.759Z]   Created build group-hug: 100 cards
[2026-08-06T01:07:44.639Z]   Created build ramp: 100 cards
[2026-08-06T01:07:46.563Z]   Created build big-mana: 100 cards
[2026-08-06T01:07:48.625Z]   Created build x-spells: 100 cards
[2026-08-06T01:07:48.625Z] [91/500] Shroofus Sproutsire
[2026-08-06T01:07:48.625Z]   Processing Shroofus Sproutsire (12090 decks)
[2026-08-06T01:07:48.768Z]   Found 4 themes: saprolings, tokens, aggro, plus-1-plus-1-counters
[2026-08-06T01:07:50.639Z]   Created build saprolings: 100 cards
[2026-08-06T01:07:52.549Z]   Created build tokens: 100 cards
[2026-08-06T01:07:54.429Z]   Created build aggro: 100 cards
[2026-08-06T01:07:56.329Z]   Created build plus-1-plus-1-counters: 100 cards
[2026-08-06T01:07:56.329Z] [92/500] Zedruu the Greathearted
[2026-08-06T01:07:56.329Z]   Processing Zedruu the Greathearted (12089 decks)
[2026-08-06T01:07:56.470Z]   Found 4 themes: chaos, donate, group-hug, control
[2026-08-06T01:07:58.387Z]   Created build chaos: 100 cards
[2026-08-06T01:08:00.281Z]   Created build donate: 100 cards
[2026-08-06T01:08:02.175Z]   Created build group-hug: 100 cards
[2026-08-06T01:08:04.079Z]   Created build control: 100 cards
[2026-08-06T01:08:04.079Z] [93/500] Wolverine, Best There Is
[2026-08-06T01:08:04.079Z]   Processing Wolverine, Best There Is (12082 decks)
[2026-08-06T01:08:04.254Z]   Found 5 themes: plus-1-plus-1-counters, fight, voltron, aggro, equipment
[2026-08-06T01:08:06.152Z]   Created build plus-1-plus-1-counters: 100 cards
[2026-08-06T01:08:08.103Z]   Created build fight: 100 cards
[2026-08-06T01:08:10.021Z]   Created build voltron: 100 cards
[2026-08-06T01:08:11.923Z]   Created build aggro: 100 cards
[2026-08-06T01:08:13.803Z]   Created build equipment: 100 cards
[2026-08-06T01:08:13.803Z] [94/500] Dr. Eggman
[2026-08-06T01:08:13.803Z]   Processing Dr. Eggman (11990 decks)
[2026-08-06T01:08:13.946Z]   Found 6 themes: artifacts, vehicles, discard, constructs, robots, villainous-choice
[2026-08-06T01:08:15.863Z]   Created build artifacts: 100 cards
[2026-08-06T01:08:17.748Z]   Created build vehicles: 100 cards
[2026-08-06T01:08:19.655Z]   Created build discard: 100 cards
[2026-08-06T01:08:21.533Z]   Created build constructs: 100 cards
[2026-08-06T01:08:23.475Z]   Created build robots: 100 cards
[2026-08-06T01:08:25.363Z]   Created build villainous-choice: 100 cards
[2026-08-06T01:08:25.363Z] [95/500] Light-Paws, Emperor's Voice
[2026-08-06T01:08:25.363Z]   Processing Light-Paws, Emperor's Voice (11975 decks)
[2026-08-06T01:08:25.511Z]   Found 4 themes: auras, voltron, enchantress, aggro
[2026-08-06T01:08:27.372Z]   Created build auras: 100 cards
[2026-08-06T01:08:29.298Z]   Created build voltron: 100 cards
[2026-08-06T01:08:31.180Z]   Created build enchantress: 100 cards
[2026-08-06T01:08:33.087Z]   Created build aggro: 100 cards
[2026-08-06T01:08:33.087Z] [96/500] Judith, Carnage Connoisseur
[2026-08-06T01:08:33.088Z]   Processing Judith, Carnage Connoisseur (11951 decks)
[2026-08-06T01:08:33.230Z]   Found 5 themes: burn, spellslinger, lifegain, tokens, card-draw
[2026-08-06T01:08:35.117Z]   Created build burn: 100 cards
[2026-08-06T01:08:37.513Z]   Created build spellslinger: 100 cards
[2026-08-06T01:08:39.402Z]   Created build lifegain: 100 cards
[2026-08-06T01:08:41.315Z]   Created build tokens: 100 cards
[2026-08-06T01:08:43.196Z]   Created build card-draw: 100 cards
[2026-08-06T01:08:43.196Z] [97/500] Doran, Besieged by Time
[2026-08-06T01:08:43.196Z]   Processing Doran, Besieged by Time (11853 decks)
[2026-08-06T01:08:43.340Z]   Found 3 themes: toughness-matters, treefolk, defenders
[2026-08-06T01:08:45.268Z]   Created build toughness-matters: 100 cards
[2026-08-06T01:08:47.122Z]   Created build treefolk: 100 cards
[2026-08-06T01:08:49.062Z]   Created build defenders: 100 cards
[2026-08-06T01:08:49.062Z] [98/500] Derevi, Empyrial Tactician
[2026-08-06T01:08:49.062Z]   Processing Derevi, Empyrial Tactician (11831 decks)
[2026-08-06T01:08:49.224Z]   Found 8 themes: birthing-pod, birds, combo, flying, stax, cedh, blink, control
[2026-08-06T01:08:51.136Z]   Created build birthing-pod: 100 cards
[2026-08-06T01:08:53.009Z]   Created build birds: 100 cards
[2026-08-06T01:08:54.922Z]   Created build combo: 100 cards
[2026-08-06T01:08:56.858Z]   Created build flying: 100 cards
[2026-08-06T01:08:58.760Z]   Created build stax: 100 cards
[2026-08-06T01:09:00.518Z]   Created build cedh: 100 cards
[2026-08-06T01:09:02.478Z]   Created build blink: 100 cards
[2026-08-06T01:09:04.390Z]   Created build control: 100 cards
[2026-08-06T01:09:04.390Z] [99/500] Sheoldred, the Apocalypse
[2026-08-06T01:09:04.390Z]   Processing Sheoldred, the Apocalypse (11826 decks)
[2026-08-06T01:09:04.545Z]   Found 6 themes: wheels, lifegain, card-draw, group-slug, combo, lifedrain
[2026-08-06T01:09:06.454Z]   Created build wheels: 100 cards
[2026-08-06T01:09:08.392Z]   Created build lifegain: 100 cards
[2026-08-06T01:09:10.306Z]   Created build card-draw: 100 cards
[2026-08-06T01:09:12.192Z]   Created build group-slug: 100 cards
[2026-08-06T01:09:14.132Z]   Created build combo: 100 cards
[2026-08-06T01:09:16.054Z]   Created build lifedrain: 100 cards
[2026-08-06T01:09:16.054Z] [100/500] Thalia and The Gitrog Monster
[2026-08-06T01:09:16.054Z]   Processing Thalia and The Gitrog Monster (11792 decks)
[2026-08-06T01:09:16.199Z]   Found 7 themes: lands-matter, landfall, hatebears, tokens, stax, ramp, aristocrats
[2026-08-06T01:09:18.082Z]   Created build lands-matter: 100 cards
[2026-08-06T01:09:20.222Z]   Created build landfall: 100 cards
[2026-08-06T01:09:22.124Z]   Created build hatebears: 100 cards
[2026-08-06T01:09:24.332Z]   Created build tokens: 100 cards
[2026-08-06T01:09:26.265Z]   Created build stax: 100 cards
[2026-08-06T01:09:28.192Z]   Created build ramp: 100 cards
[2026-08-06T01:09:30.098Z]   Created build aristocrats: 100 cards
[2026-08-06T01:09:30.098Z] 
[2026-08-06T01:09:30.098Z] Progress: 100 processed, 457 builds, 45700 cards
[2026-08-06T01:09:30.098Z] 
[2026-08-06T01:09:30.098Z] [101/500] Alania, Divergent Storm
[2026-08-06T01:09:30.098Z]   Processing Alania, Divergent Storm (11759 decks)
[2026-08-06T01:09:30.236Z]   Found 6 themes: spellslinger, otters, wizards, prowess, spell-copy, storm
[2026-08-06T01:09:32.120Z]   Created build spellslinger: 100 cards
[2026-08-06T01:09:34.009Z]   Created build otters: 100 cards
[2026-08-06T01:09:35.922Z]   Created build wizards: 100 cards
[2026-08-06T01:09:37.842Z]   Created build prowess: 100 cards
[2026-08-06T01:09:39.728Z]   Created build spell-copy: 100 cards
[2026-08-06T01:09:41.626Z]   Created build storm: 100 cards
[2026-08-06T01:09:41.626Z] [102/500] The Jolly Balloon Man
[2026-08-06T01:09:41.626Z]   Processing The Jolly Balloon Man (11686 decks)
[2026-08-06T01:09:41.765Z]   Found 5 themes: tokens, clones, combo, etb, burn
[2026-08-06T01:09:43.644Z]   Created build tokens: 100 cards
[2026-08-06T01:09:45.544Z]   Created build clones: 100 cards
[2026-08-06T01:09:47.428Z]   Created build combo: 100 cards
[2026-08-06T01:09:49.528Z]   Created build etb: 100 cards
[2026-08-06T01:09:51.426Z]   Created build burn: 100 cards
[2026-08-06T01:09:51.427Z] [103/500] Kraum, Ludevic's Opus & Tymna the Weaver
[2026-08-06T01:09:51.427Z]   Processing Kraum, Ludevic's Opus & Tymna the Weaver (11633 decks)
[2026-08-06T01:09:51.571Z]   Found 6 themes: cedh, combo, midrange, ad-nauseam, good-stuff, control
[2026-08-06T01:09:53.233Z]   Created build cedh: 100 cards
[2026-08-06T01:09:54.899Z]   Created build combo: 100 cards
[2026-08-06T01:09:56.619Z]   Created build midrange: 100 cards
[2026-08-06T01:09:58.357Z]   Created build ad-nauseam: 100 cards
[2026-08-06T01:10:00.023Z]   Created build good-stuff: 100 cards
[2026-08-06T01:10:01.897Z]   Created build control: 100 cards
[2026-08-06T01:10:01.897Z] [104/500] Varina, Lich Queen
[2026-08-06T01:10:01.897Z]   Processing Varina, Lich Queen (11613 decks)
[2026-08-06T01:10:02.039Z]   Found 7 themes: zombies, tokens, reanimator, discard, combo, aristocrats, graveyard
[2026-08-06T01:10:03.933Z]   Created build zombies: 100 cards
[2026-08-06T01:10:05.843Z]   Created build tokens: 100 cards
[2026-08-06T01:10:07.749Z]   Created build reanimator: 100 cards
[2026-08-06T01:10:09.635Z]   Created build discard: 100 cards
[2026-08-06T01:10:11.509Z]   Created build combo: 100 cards
[2026-08-06T01:10:13.405Z]   Created build aristocrats: 100 cards
[2026-08-06T01:10:15.289Z]   Created build graveyard: 100 cards
[2026-08-06T01:10:15.289Z] [105/500] Golbez, Crystal Collector
[2026-08-06T01:10:15.289Z]   Processing Golbez, Crystal Collector (11560 decks)
[2026-08-06T01:10:15.436Z]   Found 4 themes: artifacts, reanimator, combo, graveyard
[2026-08-06T01:10:17.355Z]   Created build artifacts: 100 cards
[2026-08-06T01:10:19.225Z]   Created build reanimator: 100 cards
[2026-08-06T01:10:21.143Z]   Created build combo: 100 cards
[2026-08-06T01:10:23.027Z]   Created build graveyard: 100 cards
[2026-08-06T01:10:23.027Z] [106/500] Indoraptor, the Perfect Hybrid
[2026-08-06T01:10:23.027Z]   Processing Indoraptor, the Perfect Hybrid (11383 decks)
[2026-08-06T01:10:23.167Z]   Found 6 themes: burn, plus-1-plus-1-counters, dinosaurs, aggro, dragons-approach, group-slug
[2026-08-06T01:10:25.077Z]   Created build burn: 100 cards
[2026-08-06T01:10:26.243Z]   Created build plus-1-plus-1-counters: 100 cards
[2026-08-06T01:10:28.109Z]   Created build dinosaurs: 100 cards
[2026-08-06T01:10:30.067Z]   Created build aggro: 100 cards
[2026-08-06T01:10:31.953Z]   Created build dragons-approach: 100 cards
[2026-08-06T01:10:33.849Z]   Created build group-slug: 100 cards
[2026-08-06T01:10:33.849Z] [107/500] Gev, Scaled Scorch
[2026-08-06T01:10:33.849Z]   Processing Gev, Scaled Scorch (11365 decks)
[2026-08-06T01:10:34.004Z]   Found 6 themes: lizards, burn, plus-1-plus-1-counters, aggro, aristocrats, combo
[2026-08-06T01:10:35.929Z]   Created build lizards: 100 cards
[2026-08-06T01:10:37.793Z]   Created build burn: 100 cards
[2026-08-06T01:10:39.673Z]   Created build plus-1-plus-1-counters: 100 cards
[2026-08-06T01:10:41.565Z]   Created build aggro: 100 cards
[2026-08-06T01:10:43.515Z]   Created build aristocrats: 100 cards
[2026-08-06T01:10:45.425Z]   Created build combo: 100 cards
[2026-08-06T01:10:45.425Z] [108/500] Captain Howler, Sea Scourge
[2026-08-06T01:10:45.425Z]   Processing Captain Howler, Sea Scourge (11357 decks)
[2026-08-06T01:10:45.570Z]   Found 5 themes: discard, wheels, aggro, cycling, self-discard
[2026-08-06T01:10:46.753Z]   Created build discard: 100 cards
[2026-08-06T01:10:48.631Z]   Created build wheels: 100 cards
[2026-08-06T01:10:50.521Z]   Created build aggro: 100 cards
[2026-08-06T01:10:52.403Z]   Created build cycling: 100 cards
[2026-08-06T01:10:54.324Z]   Created build self-discard: 100 cards
[2026-08-06T01:10:54.324Z] [109/500] Gonti, Canny Acquisitor
[2026-08-06T01:10:54.324Z]   Processing Gonti, Canny Acquisitor (11280 decks)
[2026-08-06T01:10:54.464Z]   Found 2 themes: theft, exile
[2026-08-06T01:10:56.338Z]   Created build theft: 100 cards
[2026-08-06T01:10:58.267Z]   Created build exile: 100 cards
[2026-08-06T01:10:58.267Z] [110/500] Kona, Rescue Beastie
[2026-08-06T01:10:58.267Z]   Processing Kona, Rescue Beastie (11278 decks)
[2026-08-06T01:10:58.414Z]   Found 3 themes: big-mana, ramp, aggro
[2026-08-06T01:11:00.353Z]   Created build big-mana: 100 cards
[2026-08-06T01:11:02.211Z]   Created build ramp: 100 cards
[2026-08-06T01:11:04.107Z]   Created build aggro: 100 cards
[2026-08-06T01:11:04.107Z] [111/500] Arahbo, Roar of the World
[2026-08-06T01:11:04.107Z]   Processing Arahbo, Roar of the World (11274 decks)
[2026-08-06T01:11:04.250Z]   Found 7 themes: cats, kaheera-companion, equipment, plus-1-plus-1-counters, aggro, tokens, lifegain
[2026-08-06T01:11:06.166Z]   Created build cats: 100 cards
[2026-08-06T01:11:08.263Z]   Created build kaheera-companion: 100 cards
[2026-08-06T01:11:10.140Z]   Created build equipment: 100 cards
[2026-08-06T01:11:12.049Z]   Created build plus-1-plus-1-counters: 100 cards
[2026-08-06T01:11:13.969Z]   Created build aggro: 100 cards
[2026-08-06T01:11:15.899Z]   Created build tokens: 100 cards
[2026-08-06T01:11:17.771Z]   Created build lifegain: 100 cards
[2026-08-06T01:11:17.771Z] [112/500] Thrasios, Triton Hero & Tymna the Weaver
[2026-08-06T01:11:17.771Z]   Processing Thrasios, Triton Hero & Tymna the Weaver (11241 decks)
[2026-08-06T01:11:17.916Z]   Found 4 themes: birthing-pod, cedh, combo, midrange
[2026-08-06T01:11:19.812Z]   Created build birthing-pod: 100 cards
[2026-08-06T01:11:21.722Z]   Created build cedh: 100 cards
[2026-08-06T01:11:23.603Z]   Created build combo: 100 cards
[2026-08-06T01:11:25.498Z]   Created build midrange: 100 cards
[2026-08-06T01:11:25.498Z] [113/500] Celes, Rune Knight
[2026-08-06T01:11:25.498Z]   Processing Celes, Rune Knight (11214 decks)
[2026-08-06T01:11:25.648Z]   Found 7 themes: reanimator, combo, plus-1-plus-1-counters, aristocrats, graveyard, cedh, blink
[2026-08-06T01:11:27.576Z]   Created build reanimator: 100 cards
[2026-08-06T01:11:29.446Z]   Created build combo: 100 cards
[2026-08-06T01:11:31.738Z]   Created build plus-1-plus-1-counters: 100 cards
[2026-08-06T01:11:33.632Z]   Created build aristocrats: 100 cards
[2026-08-06T01:11:35.526Z]   Created build graveyard: 100 cards
[2026-08-06T01:11:37.264Z]   Created build cedh: 100 cards
[2026-08-06T01:11:39.186Z]   Created build blink: 100 cards
[2026-08-06T01:11:39.186Z] [114/500] Anti-Venom, Horrifying Healer
[2026-08-06T01:11:39.186Z]   Processing Anti-Venom, Horrifying Healer (11156 decks)
[2026-08-06T01:11:39.326Z]   Found 4 themes: voltron, plus-1-plus-1-counters, equipment, auras
[2026-08-06T01:11:41.214Z]   Created build voltron: 100 cards
[2026-08-06T01:11:43.146Z]   Created build plus-1-plus-1-counters: 100 cards
[2026-08-06T01:11:45.040Z]   Created build equipment: 100 cards
[2026-08-06T01:11:46.948Z]   Created build auras: 100 cards
[2026-08-06T01:11:46.948Z] [115/500] Shadow the Hedgehog
[2026-08-06T01:11:46.948Z]   Processing Shadow the Hedgehog (11122 decks)
[2026-08-06T01:11:47.096Z]   Found 5 themes: artifacts, aristocrats, tokens, treasure, combo
[2026-08-06T01:11:49.003Z]   Created build artifacts: 100 cards
[2026-08-06T01:11:50.897Z]   Created build aristocrats: 100 cards
[2026-08-06T01:11:52.792Z]   Created build tokens: 100 cards
[2026-08-06T01:11:54.672Z]   Created build treasure: 100 cards
[2026-08-06T01:11:56.548Z]   Created build combo: 100 cards
[2026-08-06T01:11:56.548Z] [116/500] Sonic the Hedgehog
[2026-08-06T01:11:56.548Z]   Processing Sonic the Hedgehog (11118 decks)
[2026-08-06T01:11:56.690Z]   Found 5 themes: plus-1-plus-1-counters, aggro, haste, flash, treasure
[2026-08-06T01:11:58.764Z]   Created build plus-1-plus-1-counters: 100 cards
[2026-08-06T01:12:00.669Z]   Created build aggro: 100 cards
[2026-08-06T01:12:02.562Z]   Created build haste: 100 cards
[2026-08-06T01:12:04.451Z]   Created build flash: 100 cards
[2026-08-06T01:12:06.334Z]   Created build treasure: 100 cards
[2026-08-06T01:12:06.334Z] [117/500] Veyran, Voice of Duality
[2026-08-06T01:12:06.334Z]   Processing Veyran, Voice of Duality (11101 decks)
[2026-08-06T01:12:06.472Z]   Found 6 themes: spellslinger, storm, spell-copy, cantrips, burn, combo
[2026-08-06T01:12:08.342Z]   Created build spellslinger: 100 cards
[2026-08-06T01:12:10.248Z]   Created build storm: 100 cards
[2026-08-06T01:12:12.144Z]   Created build spell-copy: 100 cards
[2026-08-06T01:12:14.028Z]   Created build cantrips: 100 cards
[2026-08-06T01:12:15.936Z]   Created build burn: 100 cards
[2026-08-06T01:12:17.878Z]   Created build combo: 100 cards
[2026-08-06T01:12:17.878Z] [118/500] Ovika, Enigma Goliath
[2026-08-06T01:12:17.878Z]   Processing Ovika, Enigma Goliath (11059 decks)
[2026-08-06T01:12:18.021Z]   Found 4 themes: spellslinger, tokens, artifacts, goblins
[2026-08-06T01:12:19.936Z]   Created build spellslinger: 100 cards
[2026-08-06T01:12:21.825Z]   Created build tokens: 100 cards
[2026-08-06T01:12:23.698Z]   Created build artifacts: 100 cards
[2026-08-06T01:12:25.645Z]   Created build goblins: 100 cards
[2026-08-06T01:12:25.645Z] [119/500] Blech, Loafing Pest
[2026-08-06T01:12:25.645Z]   Processing Blech, Loafing Pest (10987 decks)
[2026-08-06T01:12:25.785Z]   Found 3 themes: lifegain, plus-1-plus-1-counters, tokens
[2026-08-06T01:12:27.676Z]   Created build lifegain: 100 cards
[2026-08-06T01:12:29.595Z]   Created build plus-1-plus-1-counters: 100 cards
[2026-08-06T01:12:31.581Z]   Created build tokens: 100 cards
[2026-08-06T01:12:31.581Z] [120/500] Umbris, Fear Manifest
[2026-08-06T01:12:31.581Z]   Processing Umbris, Fear Manifest (10914 decks)
[2026-08-06T01:12:31.724Z]   Found 5 themes: horrors, exile, mill, nightmares, voltron
[2026-08-06T01:12:33.635Z]   Created build horrors: 100 cards
[2026-08-06T01:12:35.513Z]   Created build exile: 100 cards
[2026-08-06T01:12:37.411Z]   Created build mill: 100 cards
[2026-08-06T01:12:39.402Z]   Created build nightmares: 100 cards
[2026-08-06T01:12:41.335Z]   Created build voltron: 100 cards
[2026-08-06T01:12:41.335Z] [121/500] Dihada, Binder of Wills
[2026-08-06T01:12:41.335Z]   Processing Dihada, Binder of Wills (10889 decks)
[2026-08-06T01:12:41.476Z]   Found 7 themes: legends, reanimator, historic, combo, treasure, aggro, cedh
[2026-08-06T01:12:43.455Z]   Created build legends: 100 cards
[2026-08-06T01:12:45.367Z]   Created build reanimator: 100 cards
[2026-08-06T01:12:47.243Z]   Created build historic: 100 cards
[2026-08-06T01:12:49.203Z]   Created build combo: 100 cards
[2026-08-06T01:12:51.093Z]   Created build treasure: 100 cards
[2026-08-06T01:12:53.013Z]   Created build aggro: 100 cards
[2026-08-06T01:12:54.811Z]   Created build cedh: 100 cards
[2026-08-06T01:12:54.811Z] [122/500] Child of Alara
[2026-08-06T01:12:54.811Z]   Processing Child of Alara (10788 decks)
[2026-08-06T01:12:54.954Z]   Found 2 themes: lands-matter, gods
[2026-08-06T01:12:56.838Z]   Created build lands-matter: 100 cards
[2026-08-06T01:12:58.755Z]   Created build gods: 100 cards
[2026-08-06T01:12:58.755Z] [123/500] Orvar, the All-Form
[2026-08-06T01:12:58.755Z]   Processing Orvar, the All-Form (10778 decks)
[2026-08-06T01:12:58.915Z]   Found 6 themes: clones, cantrips, combo, spellslinger, control, tokens
[2026-08-06T01:13:00.809Z]   Created build clones: 100 cards
[2026-08-06T01:13:02.679Z]   Created build cantrips: 100 cards
[2026-08-06T01:13:04.585Z]   Created build combo: 100 cards
[2026-08-06T01:13:06.511Z]   Created build spellslinger: 100 cards
[2026-08-06T01:13:08.401Z]   Created build control: 100 cards
[2026-08-06T01:13:10.267Z]   Created build tokens: 100 cards
[2026-08-06T01:13:10.267Z] [124/500] Sliver Overlord
[2026-08-06T01:13:10.267Z]   Processing Sliver Overlord (10689 decks)
[2026-08-06T01:13:10.408Z]   Found 2 themes: slivers, combo
[2026-08-06T01:13:12.373Z]   Created build slivers: 100 cards
[2026-08-06T01:13:14.231Z]   Created build combo: 100 cards
[2026-08-06T01:13:14.231Z] [125/500] Narset, Enlightened Exile
[2026-08-06T01:13:14.231Z]   Processing Narset, Enlightened Exile (10547 decks)
[2026-08-06T01:13:14.371Z]   Found 5 themes: spellslinger, prowess, tokens, aggro, cantrips
[2026-08-06T01:13:16.275Z]   Created build spellslinger: 100 cards
[2026-08-06T01:13:18.191Z]   Created build prowess: 100 cards
[2026-08-06T01:13:20.083Z]   Created build tokens: 100 cards
[2026-08-06T01:13:21.991Z]   Created build aggro: 100 cards
[2026-08-06T01:13:23.921Z]   Created build cantrips: 100 cards
[2026-08-06T01:13:23.921Z] [126/500] Bria, Riptide Rogue
[2026-08-06T01:13:23.921Z]   Processing Bria, Riptide Rogue (10544 decks)
[2026-08-06T01:13:24.064Z]   Found 7 themes: spellslinger, prowess, wizards, otters, cantrips, storm, aggro
[2026-08-06T01:13:26.275Z]   Created build spellslinger: 100 cards
[2026-08-06T01:13:28.457Z]   Created build prowess: 100 cards
[2026-08-06T01:13:30.360Z]   Created build wizards: 100 cards
[2026-08-06T01:13:32.255Z]   Created build otters: 100 cards
[2026-08-06T01:13:34.319Z]   Created build cantrips: 100 cards
[2026-08-06T01:13:36.185Z]   Created build storm: 100 cards
[2026-08-06T01:13:38.195Z]   Created build aggro: 100 cards
[2026-08-06T01:13:38.195Z] [127/500] Ob Nixilis, Captive Kingpin
[2026-08-06T01:13:38.195Z]   Processing Ob Nixilis, Captive Kingpin (10530 decks)
[2026-08-06T01:13:38.392Z]   Found 8 themes: combo, cedh, burn, plus-1-plus-1-counters, storm, group-slug, pingers, treasure
[2026-08-06T01:13:40.294Z]   Created build combo: 100 cards
[2026-08-06T01:13:42.095Z]   Created build cedh: 100 cards
[2026-08-06T01:13:43.998Z]   Created build burn: 100 cards
[2026-08-06T01:13:46.119Z]   Created build plus-1-plus-1-counters: 100 cards
[2026-08-06T01:13:48.376Z]   Created build storm: 100 cards
[2026-08-06T01:13:50.287Z]   Created build group-slug: 100 cards
[2026-08-06T01:13:52.555Z]   Created build pingers: 100 cards
[2026-08-06T01:13:54.459Z]   Created build treasure: 100 cards
[2026-08-06T01:13:54.460Z] [128/500] Ziatora, the Incinerator
[2026-08-06T01:13:54.460Z]   Processing Ziatora, the Incinerator (10509 decks)
[2026-08-06T01:13:54.624Z]   Found 7 themes: treasure, sacrifice, aristocrats, burn, fling, reanimator, tokens
[2026-08-06T01:13:56.574Z]   Created build treasure: 100 cards
[2026-08-06T01:13:58.512Z]   Created build sacrifice: 100 cards
[2026-08-06T01:14:00.415Z]   Created build aristocrats: 100 cards
[2026-08-06T01:14:02.336Z]   Created build burn: 100 cards
[2026-08-06T01:14:04.236Z]   Created build fling: 100 cards
[2026-08-06T01:14:06.106Z]   Created build reanimator: 100 cards
[2026-08-06T01:14:08.088Z]   Created build tokens: 100 cards
[2026-08-06T01:14:08.088Z] [129/500] Yuna, Grand Summoner
[2026-08-06T01:14:08.088Z]   Processing Yuna, Grand Summoner (10493 decks)
[2026-08-06T01:14:08.234Z]   Found 3 themes: plus-1-plus-1-counters, combo, enchantress
[2026-08-06T01:14:10.130Z]   Created build plus-1-plus-1-counters: 100 cards
[2026-08-06T01:14:12.014Z]   Created build combo: 100 cards
[2026-08-06T01:14:13.899Z]   Created build enchantress: 100 cards
[2026-08-06T01:14:13.899Z] [130/500] Clavileño, First of the Blessed
[2026-08-06T01:14:13.899Z]   Processing Clavileño, First of the Blessed (10493 decks)
[2026-08-06T01:14:14.047Z]   Found 5 themes: vampires, lifegain, aristocrats, tokens, sacrifice
[2026-08-06T01:14:15.944Z]   Created build vampires: 100 cards
[2026-08-06T01:14:17.848Z]   Created build lifegain: 100 cards
[2026-08-06T01:14:19.778Z]   Created build aristocrats: 100 cards
[2026-08-06T01:14:21.666Z]   Created build tokens: 100 cards
[2026-08-06T01:14:23.596Z]   Created build sacrifice: 100 cards
[2026-08-06T01:14:23.596Z] [131/500] Sokka, Tenacious Tactician
[2026-08-06T01:14:23.596Z]   Processing Sokka, Tenacious Tactician (10464 decks)
[2026-08-06T01:14:23.756Z]   Found 4 themes: spellslinger, tokens, allies, prowess
[2026-08-06T01:14:25.695Z]   Created build spellslinger: 100 cards
[2026-08-06T01:14:27.588Z]   Created build tokens: 100 cards
[2026-08-06T01:14:29.466Z]   Created build allies: 100 cards
[2026-08-06T01:14:31.441Z]   Created build prowess: 100 cards
[2026-08-06T01:14:31.441Z] [132/500] Kastral, the Windcrested
[2026-08-06T01:14:31.441Z]   Processing Kastral, the Windcrested (10386 decks)
[2026-08-06T01:14:31.600Z]   Found 3 themes: birds, flying, plus-1-plus-1-counters
[2026-08-06T01:14:33.480Z]   Created build birds: 100 cards
[2026-08-06T01:14:35.386Z]   Created build flying: 100 cards
[2026-08-06T01:14:37.285Z]   Created build plus-1-plus-1-counters: 100 cards
[2026-08-06T01:14:37.285Z] [133/500] Saruman, the White Hand
[2026-08-06T01:14:37.285Z]   Processing Saruman, the White Hand (10270 decks)
[2026-08-06T01:14:37.430Z]   Found 6 themes: spellslinger, zombies, amass, tokens, plus-1-plus-1-counters, orcs
[2026-08-06T01:14:39.580Z]   Created build spellslinger: 100 cards
[2026-08-06T01:14:45.318Z]   Created build zombies: 100 cards
[2026-08-06T01:14:47.189Z]   Created build amass: 100 cards
[2026-08-06T01:14:49.074Z]   Created build tokens: 100 cards
[2026-08-06T01:14:51.014Z]   Created build plus-1-plus-1-counters: 100 cards
[2026-08-06T01:14:52.898Z]   Created build orcs: 100 cards
[2026-08-06T01:14:52.898Z] [134/500] Tinybones, Bauble Burglar
[2026-08-06T01:14:52.898Z]   Processing Tinybones, Bauble Burglar (10187 decks)
[2026-08-06T01:14:53.041Z]   Found 2 themes: discard, theft
[2026-08-06T01:14:54.911Z]   Created build discard: 100 cards
[2026-08-06T01:14:56.781Z]   Created build theft: 100 cards
[2026-08-06T01:14:56.781Z] [135/500] Volo, Guide to Monsters
[2026-08-06T01:14:56.781Z]   Processing Volo, Guide to Monsters (10151 decks)
[2026-08-06T01:14:56.925Z]   Found 3 themes: clones, tokens, zoo
[2026-08-06T01:14:58.798Z]   Created build clones: 100 cards
[2026-08-06T01:15:00.672Z]   Created build tokens: 100 cards
[2026-08-06T01:15:02.566Z]   Created build zoo: 100 cards
[2026-08-06T01:15:02.566Z] [136/500] Lord Windgrace
[2026-08-06T01:15:02.566Z]   Processing Lord Windgrace (10114 decks)
[2026-08-06T01:15:02.708Z]   Found 4 themes: lands-matter, landfall, ramp, land-destruction
[2026-08-06T01:15:04.613Z]   Created build lands-matter: 100 cards
[2026-08-06T01:15:06.495Z]   Created build landfall: 100 cards
[2026-08-06T01:15:08.378Z]   Created build ramp: 100 cards
[2026-08-06T01:15:10.281Z]   Created build land-destruction: 100 cards
[2026-08-06T01:15:10.281Z] [137/500] Rakdos, Lord of Riots
[2026-08-06T01:15:10.281Z]   Processing Rakdos, Lord of Riots (10096 decks)
[2026-08-06T01:15:10.441Z]   Found 5 themes: demons, burn, aggro, group-slug, eldrazi
[2026-08-06T01:15:12.403Z]   Created build demons: 100 cards
[2026-08-06T01:15:14.301Z]   Created build burn: 100 cards
[2026-08-06T01:15:16.191Z]   Created build aggro: 100 cards
[2026-08-06T01:15:18.075Z]   Created build group-slug: 100 cards
[2026-08-06T01:15:19.977Z]   Created build eldrazi: 100 cards
[2026-08-06T01:15:19.977Z] [138/500] Niko, Light of Hope
[2026-08-06T01:15:19.977Z]   Processing Niko, Light of Hope (10061 decks)
[2026-08-06T01:15:20.131Z]   Found 4 themes: blink, tokens, clones, enchantress
[2026-08-06T01:15:22.041Z]   Created build blink: 100 cards
[2026-08-06T01:15:23.905Z]   Created build tokens: 100 cards
[2026-08-06T01:15:25.809Z]   Created build clones: 100 cards
[2026-08-06T01:15:27.697Z]   Created build enchantress: 100 cards
[2026-08-06T01:15:27.697Z] [139/500] Ketramose, the New Dawn
[2026-08-06T01:15:27.697Z]   Processing Ketramose, the New Dawn (9987 decks)
[2026-08-06T01:15:27.845Z]   Found 5 themes: exile, blink, control, combo, lifegain
[2026-08-06T01:15:30.165Z]   Created build exile: 100 cards
[2026-08-06T01:15:32.057Z]   Created build blink: 100 cards
[2026-08-06T01:15:33.963Z]   Created build control: 100 cards
[2026-08-06T01:15:35.903Z]   Created build combo: 100 cards
[2026-08-06T01:15:37.807Z]   Created build lifegain: 100 cards
[2026-08-06T01:15:37.807Z] [140/500] Yidris, Maelstrom Wielder
[2026-08-06T01:15:37.807Z]   Processing Yidris, Maelstrom Wielder (9902 decks)
[2026-08-06T01:15:37.961Z]   Found 2 themes: cascade, chaos
[2026-08-06T01:15:39.839Z]   Created build cascade: 100 cards
[2026-08-06T01:15:41.759Z]   Created build chaos: 100 cards
[2026-08-06T01:15:41.759Z] [141/500] The Infamous Cruelclaw
[2026-08-06T01:15:41.759Z]   Processing The Infamous Cruelclaw (9894 decks)
[2026-08-06T01:15:41.899Z]   Found 3 themes: big-mana, obosh-companion, reanimator
[2026-08-06T01:15:43.817Z]   Created build big-mana: 100 cards
[2026-08-06T01:15:45.510Z]   Created build obosh-companion: 100 cards
[2026-08-06T01:15:47.403Z]   Created build reanimator: 100 cards
[2026-08-06T01:15:47.403Z] [142/500] Silverquill, the Disputant
[2026-08-06T01:15:47.403Z]   Processing Silverquill, the Disputant (9854 decks)
[2026-08-06T01:15:47.544Z]   Found 3 themes: tokens, spellslinger, aristocrats
[2026-08-06T01:15:49.435Z]   Created build tokens: 100 cards
[2026-08-06T01:15:51.283Z]   Created build spellslinger: 100 cards
[2026-08-06T01:15:53.187Z]   Created build aristocrats: 100 cards
[2026-08-06T01:15:53.187Z] [143/500] Okaun, Eye of Chaos & Zndrsplt, Eye of Wisdom
[2026-08-06T01:15:53.187Z]   Processing Okaun, Eye of Chaos & Zndrsplt, Eye of Wisdom (9853 decks)
[2026-08-06T01:15:53.332Z]   Found 3 themes: chaos, coin-flip, voltron
[2026-08-06T01:15:55.251Z]   Created build chaos: 100 cards
[2026-08-06T01:15:57.136Z]   Created build coin-flip: 100 cards
[2026-08-06T01:15:59.057Z]   Created build voltron: 100 cards
[2026-08-06T01:15:59.057Z] [144/500] Lorehold, the Historian
[2026-08-06T01:15:59.057Z]   Processing Lorehold, the Historian (9830 decks)
[2026-08-06T01:15:59.198Z]   Found 2 themes: topdeck, spellslinger
[2026-08-06T01:16:01.131Z]   Created build topdeck: 100 cards
[2026-08-06T01:16:03.043Z]   Created build spellslinger: 100 cards
[2026-08-06T01:16:03.043Z] [145/500] Raffine, Scheming Seer
[2026-08-06T01:16:03.043Z]   Processing Raffine, Scheming Seer (9826 decks)
[2026-08-06T01:16:03.187Z]   Found 9 themes: reanimator, wheels, plus-1-plus-1-counters, discard, connive, aggro, flying, control, midrange
[2026-08-06T01:16:05.071Z]   Created build reanimator: 100 cards
[2026-08-06T01:16:06.995Z]   Created build wheels: 100 cards
[2026-08-06T01:16:08.881Z]   Created build plus-1-plus-1-counters: 100 cards
[2026-08-06T01:16:10.781Z]   Created build discard: 100 cards
[2026-08-06T01:16:12.649Z]   Created build connive: 100 cards
[2026-08-06T01:16:14.551Z]   Created build aggro: 100 cards
[2026-08-06T01:16:16.529Z]   Created build flying: 100 cards
[2026-08-06T01:16:18.383Z]   Created build control: 100 cards
[2026-08-06T01:16:20.335Z]   Created build midrange: 100 cards
[2026-08-06T01:16:20.335Z] [146/500] Jetmir, Nexus of Revels
[2026-08-06T01:16:20.335Z]   Processing Jetmir, Nexus of Revels (9754 decks)
[2026-08-06T01:16:20.496Z]   Found 4 themes: tokens, aggro, cats, hatebears
[2026-08-06T01:16:22.404Z]   Created build tokens: 100 cards
[2026-08-06T01:16:24.347Z]   Created build aggro: 100 cards
[2026-08-06T01:16:26.247Z]   Created build cats: 100 cards
[2026-08-06T01:16:28.145Z]   Created build hatebears: 100 cards
[2026-08-06T01:16:28.145Z] [147/500] The Gitrog Monster
[2026-08-06T01:16:28.145Z]   Processing The Gitrog Monster (9732 decks)
[2026-08-06T01:16:28.288Z]   Found 8 themes: lands-matter, dredge, combo, graveyard, landfall, ramp, cedh, self-mill
[2026-08-06T01:16:30.189Z]   Created build lands-matter: 100 cards
[2026-08-06T01:16:32.073Z]   Created build dredge: 100 cards
[2026-08-06T01:16:33.972Z]   Created build combo: 100 cards
[2026-08-06T01:16:35.845Z]   Created build graveyard: 100 cards
[2026-08-06T01:16:37.748Z]   Created build landfall: 100 cards
[2026-08-06T01:16:39.637Z]   Created build ramp: 100 cards
[2026-08-06T01:16:41.332Z]   Created build cedh: 100 cards
[2026-08-06T01:16:43.260Z]   Created build self-mill: 100 cards
[2026-08-06T01:16:43.260Z] [148/500] Vihaan, Goldwaker
[2026-08-06T01:16:43.260Z]   Processing Vihaan, Goldwaker (9699 decks)
[2026-08-06T01:16:43.402Z]   Found 6 themes: treasure, tokens, artifacts, aristocrats, outlaws, aggro
[2026-08-06T01:16:45.312Z]   Created build treasure: 100 cards
[2026-08-06T01:16:47.191Z]   Created build tokens: 100 cards
[2026-08-06T01:16:49.096Z]   Created build artifacts: 100 cards
[2026-08-06T01:16:50.972Z]   Created build aristocrats: 100 cards
[2026-08-06T01:16:52.838Z]   Created build outlaws: 100 cards
[2026-08-06T01:16:54.756Z]   Created build aggro: 100 cards
[2026-08-06T01:16:54.756Z] [149/500] Saheeli, Radiant Creator
[2026-08-06T01:16:54.756Z]   Processing Saheeli, Radiant Creator (9677 decks)
[2026-08-06T01:16:54.895Z]   Found 4 themes: energy, artifacts, tokens, clones
[2026-08-06T01:16:56.806Z]   Created build energy: 100 cards
[2026-08-06T01:16:58.690Z]   Created build artifacts: 100 cards
[2026-08-06T01:17:00.576Z]   Created build tokens: 100 cards
[2026-08-06T01:17:02.499Z]   Created build clones: 100 cards
[2026-08-06T01:17:02.499Z] [150/500] Infinite Guideline Station
[2026-08-06T01:17:02.499Z]   Processing Infinite Guideline Station (9665 decks)
[2026-08-06T01:17:02.642Z]   Found 4 themes: artifacts, tokens, multicolor-matters, legends
[2026-08-06T01:17:04.497Z]   Created build artifacts: 100 cards
[2026-08-06T01:17:06.388Z]   Created build tokens: 100 cards
[2026-08-06T01:17:08.340Z]   Created build multicolor-matters: 100 cards
[2026-08-06T01:17:10.280Z]   Created build legends: 100 cards
[2026-08-06T01:17:10.280Z] 
[2026-08-06T01:17:10.280Z] Progress: 150 processed, 693 builds, 69300 cards
[2026-08-06T01:17:10.280Z] 
[2026-08-06T01:17:10.280Z] [151/500] Tannuk, Steadfast Second
[2026-08-06T01:17:10.280Z]   Processing Tannuk, Steadfast Second (9603 decks)
[2026-08-06T01:17:10.430Z]   Found 3 themes: aggro, artifacts, warp
[2026-08-06T01:17:12.310Z]   Created build aggro: 100 cards
[2026-08-06T01:17:14.268Z]   Created build artifacts: 100 cards
[2026-08-06T01:17:16.022Z]   Created build warp: 100 cards
[2026-08-06T01:17:16.022Z] [152/500] Killian, Decisive Mentor
[2026-08-06T01:17:16.022Z]   Processing Killian, Decisive Mentor (9580 decks)
[2026-08-06T01:17:16.164Z]   Found 4 themes: auras, enchantress, forced-combat, control
[2026-08-06T01:17:17.886Z]   Created build auras: 100 cards
[2026-08-06T01:17:19.892Z]   Created build enchantress: 100 cards
[2026-08-06T01:17:21.582Z]   Created build forced-combat: 100 cards
[2026-08-06T01:17:23.308Z]   Created build control: 100 cards
[2026-08-06T01:17:23.308Z] [153/500] Dina, Essence Brewer
[2026-08-06T01:17:23.308Z]   Processing Dina, Essence Brewer (9577 decks)
[2026-08-06T01:17:23.448Z]   Found 5 themes: lifegain, aristocrats, plus-1-plus-1-counters, tokens, sacrifice
[2026-08-06T01:17:25.312Z]   Created build lifegain: 100 cards
[2026-08-06T01:17:27.076Z]   Created build aristocrats: 100 cards
[2026-08-06T01:17:28.860Z]   Created build plus-1-plus-1-counters: 100 cards
[2026-08-06T01:17:30.530Z]   Created build tokens: 100 cards
[2026-08-06T01:17:32.221Z]   Created build sacrifice: 100 cards
[2026-08-06T01:17:32.221Z] [154/500] Shalai and Hallar
[2026-08-06T01:17:32.221Z]   Processing Shalai and Hallar (9573 decks)
[2026-08-06T01:17:32.384Z]   Found 3 themes: plus-1-plus-1-counters, burn, combo
[2026-08-06T01:17:34.286Z]   Created build plus-1-plus-1-counters: 100 cards
[2026-08-06T01:17:36.189Z]   Created build burn: 100 cards
[2026-08-06T01:17:38.508Z]   Created build combo: 100 cards
[2026-08-06T01:17:38.508Z] [155/500] Shilgengar, Sire of Famine
[2026-08-06T01:17:38.508Z]   Processing Shilgengar, Sire of Famine (9539 decks)
[2026-08-06T01:17:38.658Z]   Found 8 themes: angels, reanimator, lifegain, aristocrats, tokens, flying, sacrifice, blood
[2026-08-06T01:17:40.617Z]   Created build angels: 100 cards
[2026-08-06T01:17:42.540Z]   Created build reanimator: 100 cards
[2026-08-06T01:17:44.469Z]   Created build lifegain: 100 cards
[2026-08-06T01:17:46.419Z]   Created build aristocrats: 100 cards
[2026-08-06T01:17:48.589Z]   Created build tokens: 100 cards
[2026-08-06T01:17:50.508Z]   Created build flying: 100 cards
[2026-08-06T01:17:52.387Z]   Created build sacrifice: 100 cards
[2026-08-06T01:17:54.230Z]   Created build blood: 100 cards
[2026-08-06T01:17:54.230Z] [156/500] Chulane, Teller of Tales
[2026-08-06T01:17:54.230Z]   Processing Chulane, Teller of Tales (9480 decks)
[2026-08-06T01:17:54.374Z]   Found 5 themes: combo, lands-matter, ramp, landfall, birthing-pod
[2026-08-06T01:17:56.309Z]   Created build combo: 100 cards
[2026-08-06T01:17:58.211Z]   Created build lands-matter: 100 cards
[2026-08-06T01:18:00.095Z]   Created build ramp: 100 cards
[2026-08-06T01:18:02.445Z]   Created build landfall: 100 cards
[2026-08-06T01:18:04.404Z]   Created build birthing-pod: 100 cards
[2026-08-06T01:18:04.404Z] [157/500] Omnath, Locus of Mana
[2026-08-06T01:18:04.404Z]   Processing Omnath, Locus of Mana (9474 decks)
[2026-08-06T01:18:04.549Z]   Found 4 themes: ramp, big-mana, voltron, elves
[2026-08-06T01:18:06.479Z]   Created build ramp: 100 cards
[2026-08-06T01:18:08.361Z]   Created build big-mana: 100 cards
[2026-08-06T01:18:10.243Z]   Created build voltron: 100 cards
[2026-08-06T01:18:12.105Z]   Created build elves: 100 cards
[2026-08-06T01:18:12.105Z] [158/500] Betor, Kin to All
[2026-08-06T01:18:12.105Z]   Processing Betor, Kin to All (9393 decks)
[2026-08-06T01:18:12.254Z]   Found 2 themes: defenders, toughness-matters
[2026-08-06T01:18:14.149Z]   Created build defenders: 100 cards
[2026-08-06T01:18:16.059Z]   Created build toughness-matters: 100 cards
[2026-08-06T01:18:16.059Z] [159/500] Rocco, Cabaretti Caterer
[2026-08-06T01:18:16.059Z]   Processing Rocco, Cabaretti Caterer (9389 decks)
[2026-08-06T01:18:16.201Z]   Found 7 themes: birthing-pod, combo, blink, toolbox, cedh, burn, tokens
[2026-08-06T01:18:18.072Z]   Created build birthing-pod: 100 cards
[2026-08-06T01:18:19.937Z]   Created build combo: 100 cards
[2026-08-06T01:18:21.853Z]   Created build blink: 100 cards
[2026-08-06T01:18:23.749Z]   Created build toolbox: 100 cards
[2026-08-06T01:18:25.504Z]   Created build cedh: 100 cards
[2026-08-06T01:18:27.389Z]   Created build burn: 100 cards
[2026-08-06T01:18:29.299Z]   Created build tokens: 100 cards
[2026-08-06T01:18:29.299Z] [160/500] Mirko, Obsessive Theorist
[2026-08-06T01:18:29.299Z]   Processing Mirko, Obsessive Theorist (9323 decks)
[2026-08-06T01:18:29.449Z]   Found 7 themes: topdeck, reanimator, surveil, clones, graveyard, self-mill, plus-1-plus-1-counters
[2026-08-06T01:18:31.337Z]   Created build topdeck: 100 cards
[2026-08-06T01:18:33.219Z]   Created build reanimator: 100 cards
[2026-08-06T01:18:35.122Z]   Created build surveil: 100 cards
[2026-08-06T01:18:37.010Z]   Created build clones: 100 cards
[2026-08-06T01:18:38.923Z]   Created build graveyard: 100 cards
[2026-08-06T01:18:40.845Z]   Created build self-mill: 100 cards
[2026-08-06T01:18:42.739Z]   Created build plus-1-plus-1-counters: 100 cards
[2026-08-06T01:18:42.739Z] [161/500] Skullbriar, the Walking Grave
[2026-08-06T01:18:42.739Z]   Processing Skullbriar, the Walking Grave (9306 decks)
[2026-08-06T01:18:42.883Z]   Found 3 themes: plus-1-plus-1-counters, voltron, aggro
[2026-08-06T01:18:44.787Z]   Created build plus-1-plus-1-counters: 100 cards
[2026-08-06T01:18:46.680Z]   Created build voltron: 100 cards
[2026-08-06T01:18:48.664Z]   Created build aggro: 100 cards
[2026-08-06T01:18:48.664Z] [162/500] Dina, Soul Steeper
[2026-08-06T01:18:48.664Z]   Processing Dina, Soul Steeper (9297 decks)
[2026-08-06T01:18:48.835Z]   Found 5 themes: lifegain, aristocrats, lifedrain, combo, tokens
[2026-08-06T01:18:50.713Z]   Created build lifegain: 100 cards
[2026-08-06T01:18:52.607Z]   Created build aristocrats: 100 cards
[2026-08-06T01:18:54.529Z]   Created build lifedrain: 100 cards
[2026-08-06T01:18:56.431Z]   Created build combo: 100 cards
[2026-08-06T01:18:58.306Z]   Created build tokens: 100 cards
[2026-08-06T01:18:58.306Z] [163/500] Roxanne, Starfall Savant
[2026-08-06T01:18:58.306Z]   Processing Roxanne, Starfall Savant (9289 decks)
[2026-08-06T01:18:58.456Z]   Found 5 themes: treasure, tokens, artifacts, burn, ramp
[2026-08-06T01:19:00.433Z]   Created build treasure: 100 cards
[2026-08-06T01:19:02.387Z]   Created build tokens: 100 cards
[2026-08-06T01:19:04.263Z]   Created build artifacts: 100 cards
[2026-08-06T01:19:06.152Z]   Created build burn: 100 cards
[2026-08-06T01:19:08.032Z]   Created build ramp: 100 cards
[2026-08-06T01:19:08.032Z] [164/500] Aloy, Savior of Meridian
[2026-08-06T01:19:08.032Z]   Processing Aloy, Savior of Meridian (9280 decks)
[2026-08-06T01:19:08.176Z]   Found 2 themes: artifacts, discover
[2026-08-06T01:19:10.069Z]   Created build artifacts: 100 cards
[2026-08-06T01:19:11.936Z]   Created build discover: 100 cards
[2026-08-06T01:19:11.936Z] [165/500] Prismari, the Inspiration
[2026-08-06T01:19:11.936Z]   Processing Prismari, the Inspiration (9262 decks)
[2026-08-06T01:19:12.090Z]   Found 2 themes: storm, spellslinger
[2026-08-06T01:19:13.988Z]   Created build storm: 100 cards
[2026-08-06T01:19:16.048Z]   Created build spellslinger: 100 cards
[2026-08-06T01:19:16.048Z] [166/500] Jodah, Archmage Eternal
[2026-08-06T01:19:16.048Z]   Processing Jodah, Archmage Eternal (9251 decks)
[2026-08-06T01:19:16.198Z]   Found 2 themes: big-mana, good-stuff
[2026-08-06T01:19:18.105Z]   Created build big-mana: 100 cards
[2026-08-06T01:19:20.022Z]   Created build good-stuff: 100 cards
[2026-08-06T01:19:20.022Z] [167/500] Katara, the Fearless
[2026-08-06T01:19:20.022Z]   Processing Katara, the Fearless (9237 decks)
[2026-08-06T01:19:20.162Z]   Found 2 themes: allies, plus-1-plus-1-counters
[2026-08-06T01:19:22.070Z]   Created build allies: 100 cards
[2026-08-06T01:19:24.038Z]   Created build plus-1-plus-1-counters: 100 cards
[2026-08-06T01:19:24.038Z] [168/500] Shiko and Narset, Unified
[2026-08-06T01:19:24.038Z]   Processing Shiko and Narset, Unified (9235 decks)
[2026-08-06T01:19:24.185Z]   Found 2 themes: spellslinger, spell-copy
[2026-08-06T01:19:26.098Z]   Created build spellslinger: 100 cards
[2026-08-06T01:19:28.020Z]   Created build spell-copy: 100 cards
[2026-08-06T01:19:28.020Z] [169/500] Kudo, King Among Bears
[2026-08-06T01:19:28.020Z]   Processing Kudo, King Among Bears (9234 decks)
[2026-08-06T01:19:28.164Z]   Found 4 themes: plus-1-plus-1-counters, tokens, bears, hatebears
[2026-08-06T01:19:30.076Z]   Created build plus-1-plus-1-counters: 100 cards
[2026-08-06T01:19:31.963Z]   Created build tokens: 100 cards
[2026-08-06T01:19:33.848Z]   Created build bears: 100 cards
[2026-08-06T01:19:35.742Z]   Created build hatebears: 100 cards
[2026-08-06T01:19:35.742Z] [170/500] Hazezon, Shaper of Sand
[2026-08-06T01:19:35.742Z]   Processing Hazezon, Shaper of Sand (9162 decks)
[2026-08-06T01:19:35.903Z]   Found 6 themes: lands-matter, tokens, deserts, landfall, ramp, land-destruction
[2026-08-06T01:19:37.804Z]   Created build lands-matter: 100 cards
[2026-08-06T01:19:39.722Z]   Created build tokens: 100 cards
[2026-08-06T01:19:41.632Z]   Created build deserts: 100 cards
[2026-08-06T01:19:43.524Z]   Created build landfall: 100 cards
[2026-08-06T01:19:45.407Z]   Created build ramp: 100 cards
[2026-08-06T01:19:47.436Z]   Created build land-destruction: 100 cards
[2026-08-06T01:19:47.436Z] [171/500] Queza, Augur of Agonies
[2026-08-06T01:19:47.436Z]   Processing Queza, Augur of Agonies (9155 decks)
[2026-08-06T01:19:47.604Z]   Found 7 themes: wheels, lifegain, card-draw, combo, control, lifedrain, cantrips
[2026-08-06T01:19:49.614Z]   Created build wheels: 100 cards
[2026-08-06T01:19:51.541Z]   Created build lifegain: 100 cards
[2026-08-06T01:19:53.444Z]   Created build card-draw: 100 cards
[2026-08-06T01:19:55.334Z]   Created build combo: 100 cards
[2026-08-06T01:19:57.272Z]   Created build control: 100 cards
[2026-08-06T01:19:59.116Z]   Created build lifedrain: 100 cards
[2026-08-06T01:20:01.006Z]   Created build cantrips: 100 cards
[2026-08-06T01:20:01.007Z] [172/500] The Mycotyrant
[2026-08-06T01:20:01.007Z]   Processing The Mycotyrant (9148 decks)
[2026-08-06T01:20:01.170Z]   Found 9 themes: mill, tokens, self-mill, dredge, fungi, graveyard, saprolings, reanimator, aristocrats
[2026-08-06T01:20:03.069Z]   Created build mill: 100 cards
[2026-08-06T01:20:04.969Z]   Created build tokens: 100 cards
[2026-08-06T01:20:06.838Z]   Created build self-mill: 100 cards
[2026-08-06T01:20:08.744Z]   Created build dredge: 100 cards
[2026-08-06T01:20:10.610Z]   Created build fungi: 100 cards
[2026-08-06T01:20:12.451Z]   Created build graveyard: 100 cards
[2026-08-06T01:20:14.352Z]   Created build saprolings: 100 cards
[2026-08-06T01:20:16.236Z]   Created build reanimator: 100 cards
[2026-08-06T01:20:18.118Z]   Created build aristocrats: 100 cards
[2026-08-06T01:20:18.118Z] [173/500] Tatyova, Benthic Druid
[2026-08-06T01:20:18.118Z]   Processing Tatyova, Benthic Druid (9074 decks)
[2026-08-06T01:20:18.293Z]   Found 4 themes: lands-matter, landfall, ramp, combo
[2026-08-06T01:20:20.217Z]   Created build lands-matter: 100 cards
[2026-08-06T01:20:22.114Z]   Created build landfall: 100 cards
[2026-08-06T01:20:24.007Z]   Created build ramp: 100 cards
[2026-08-06T01:20:25.909Z]   Created build combo: 100 cards
[2026-08-06T01:20:25.909Z] [174/500] Zimone, Infinite Analyst
[2026-08-06T01:20:25.909Z]   Processing Zimone, Infinite Analyst (9070 decks)
[2026-08-06T01:20:26.053Z]   Found 3 themes: plus-1-plus-1-counters, x-spells, spellslinger
[2026-08-06T01:20:27.813Z]   Created build plus-1-plus-1-counters: 100 cards
[2026-08-06T01:20:29.533Z]   Created build x-spells: 100 cards
[2026-08-06T01:20:31.263Z]   Created build spellslinger: 100 cards
[2026-08-06T01:20:31.264Z] [175/500] Coram, the Undertaker
[2026-08-06T01:20:31.264Z]   Processing Coram, the Undertaker (9045 decks)
[2026-08-06T01:20:31.409Z]   Found 6 themes: mill, reanimator, graveyard, self-mill, dredge, voltron
[2026-08-06T01:20:33.298Z]   Created build mill: 100 cards
[2026-08-06T01:20:34.651Z]   Created build reanimator: 100 cards
[2026-08-06T01:20:36.541Z]   Created build graveyard: 100 cards
[2026-08-06T01:20:38.409Z]   Created build self-mill: 100 cards
[2026-08-06T01:20:40.275Z]   Created build dredge: 100 cards
[2026-08-06T01:20:42.180Z]   Created build voltron: 100 cards
[2026-08-06T01:20:42.180Z] [176/500] Rowan, Scion of War
[2026-08-06T01:20:42.180Z]   Processing Rowan, Scion of War (9040 decks)
[2026-08-06T01:20:42.335Z]   Found 8 themes: x-spells, self-damage, combo, spellslinger, burn, cedh, storm, lifegain
[2026-08-06T01:20:44.251Z]   Created build x-spells: 100 cards
[2026-08-06T01:20:46.165Z]   Created build self-damage: 100 cards
[2026-08-06T01:20:48.075Z]   Created build combo: 100 cards
[2026-08-06T01:20:49.985Z]   Created build spellslinger: 100 cards
[2026-08-06T01:20:51.873Z]   Created build burn: 100 cards
[2026-08-06T01:20:53.763Z]   Created build cedh: 100 cards
[2026-08-06T01:20:55.684Z]   Created build storm: 100 cards
[2026-08-06T01:20:57.661Z]   Created build lifegain: 100 cards
[2026-08-06T01:20:57.661Z] [177/500] Reaper King
[2026-08-06T01:20:57.661Z]   Processing Reaper King (9032 decks)
[2026-08-06T01:20:57.807Z]   Found 4 themes: scarecrows, artifacts, shapeshifters, blink
[2026-08-06T01:20:59.735Z]   Created build scarecrows: 100 cards
[2026-08-06T01:21:01.634Z]   Created build artifacts: 100 cards
[2026-08-06T01:21:03.649Z]   Created build shapeshifters: 100 cards
[2026-08-06T01:21:05.585Z]   Created build blink: 100 cards
[2026-08-06T01:21:05.585Z] [178/500] Iron Man, Titan of Innovation
[2026-08-06T01:21:05.585Z]   Processing Iron Man, Titan of Innovation (9002 decks)
[2026-08-06T01:21:05.745Z]   Found 4 themes: artifacts, birthing-pod, combo, equipment
[2026-08-06T01:21:07.694Z]   Created build artifacts: 100 cards
[2026-08-06T01:21:09.607Z]   Created build birthing-pod: 100 cards
[2026-08-06T01:21:11.656Z]   Created build combo: 100 cards
[2026-08-06T01:21:13.583Z]   Created build equipment: 100 cards
[2026-08-06T01:21:13.583Z] [179/500] Phenax, God of Deception
[2026-08-06T01:21:13.583Z]   Processing Phenax, God of Deception (8991 decks)
[2026-08-06T01:21:13.742Z]   Found 3 themes: mill, toughness-matters, combo
[2026-08-06T01:21:15.712Z]   Created build mill: 100 cards
[2026-08-06T01:21:17.754Z]   Created build toughness-matters: 100 cards
[2026-08-06T01:21:19.707Z]   Created build combo: 100 cards
[2026-08-06T01:21:19.707Z] [180/500] Syr Gwyn, Hero of Ashvale
[2026-08-06T01:21:19.707Z]   Processing Syr Gwyn, Hero of Ashvale (8961 decks)
[2026-08-06T01:21:19.870Z]   Found 5 themes: equipment, knights, voltron, aggro, artifacts
[2026-08-06T01:21:21.811Z]   Created build equipment: 100 cards
[2026-08-06T01:21:23.721Z]   Created build knights: 100 cards
[2026-08-06T01:21:25.664Z]   Created build voltron: 100 cards
[2026-08-06T01:21:27.559Z]   Created build aggro: 100 cards
[2026-08-06T01:21:29.523Z]   Created build artifacts: 100 cards
[2026-08-06T01:21:29.523Z] [181/500] Athreos, God of Passage
[2026-08-06T01:21:29.523Z]   Processing Athreos, God of Passage (8943 decks)
[2026-08-06T01:21:29.667Z]   Found 5 themes: shadowborn-apostles, aristocrats, lifegain, demons, reanimator
[2026-08-06T01:21:31.433Z]   Created build shadowborn-apostles: 100 cards
[2026-08-06T01:21:33.326Z]   Created build aristocrats: 100 cards
[2026-08-06T01:21:35.268Z]   Created build lifegain: 100 cards
[2026-08-06T01:21:37.073Z]   Created build demons: 100 cards
[2026-08-06T01:21:39.068Z]   Created build reanimator: 100 cards
[2026-08-06T01:21:39.068Z] [182/500] Brenard, Ginger Sculptor
[2026-08-06T01:21:39.068Z]   Processing Brenard, Ginger Sculptor (8940 decks)
[2026-08-06T01:21:39.211Z]   Found 7 themes: tokens, artifacts, birthing-pod, golems, food, sacrifice, populate
[2026-08-06T01:21:41.242Z]   Created build tokens: 100 cards
[2026-08-06T01:21:43.142Z]   Created build artifacts: 100 cards
[2026-08-06T01:21:45.064Z]   Created build birthing-pod: 100 cards
[2026-08-06T01:21:46.935Z]   Created build golems: 100 cards
[2026-08-06T01:21:48.880Z]   Created build food: 100 cards
[2026-08-06T01:21:50.761Z]   Created build sacrifice: 100 cards
[2026-08-06T01:21:52.682Z]   Created build populate: 100 cards
[2026-08-06T01:21:52.682Z] [183/500] Arna Kennerüd, Skycaptain
[2026-08-06T01:21:52.682Z]   Processing Arna Kennerüd, Skycaptain (8932 decks)
[2026-08-06T01:21:52.830Z]   Found 8 themes: equipment, auras, voltron, plus-1-plus-1-counters, artifacts, tokens, modified-creatures, enchantress
[2026-08-06T01:21:54.706Z]   Created build equipment: 100 cards
[2026-08-06T01:21:56.624Z]   Created build auras: 100 cards
[2026-08-06T01:21:58.518Z]   Created build voltron: 100 cards
[2026-08-06T01:22:00.412Z]   Created build plus-1-plus-1-counters: 100 cards
[2026-08-06T01:22:02.304Z]   Created build artifacts: 100 cards
[2026-08-06T01:22:04.250Z]   Created build tokens: 100 cards
[2026-08-06T01:22:06.140Z]   Created build modified-creatures: 100 cards
[2026-08-06T01:22:08.050Z]   Created build enchantress: 100 cards
[2026-08-06T01:22:08.050Z] [184/500] Alexios, Deimos of Kosmos
[2026-08-06T01:22:08.050Z]   Processing Alexios, Deimos of Kosmos (8905 decks)
[2026-08-06T01:22:08.207Z]   Found 5 themes: equipment, voltron, aggro, forced-combat, treasure
[2026-08-06T01:22:10.238Z]   Created build equipment: 100 cards
[2026-08-06T01:22:12.188Z]   Created build voltron: 100 cards
[2026-08-06T01:22:14.153Z]   Created build aggro: 100 cards
[2026-08-06T01:22:16.442Z]   Created build forced-combat: 100 cards
[2026-08-06T01:22:18.375Z]   Created build treasure: 100 cards
[2026-08-06T01:22:18.375Z] [185/500] Raggadragga, Goreguts Boss
[2026-08-06T01:22:18.375Z]   Processing Raggadragga, Goreguts Boss (8888 decks)
[2026-08-06T01:22:18.516Z]   Found 5 themes: ramp, aggro, big-mana, combo, x-spells
[2026-08-06T01:22:20.514Z]   Created build ramp: 100 cards
[2026-08-06T01:22:22.393Z]   Created build aggro: 100 cards
[2026-08-06T01:22:24.306Z]   Created build big-mana: 100 cards
[2026-08-06T01:22:26.200Z]   Created build combo: 100 cards
[2026-08-06T01:22:28.088Z]   Created build x-spells: 100 cards
[2026-08-06T01:22:28.088Z] [186/500] Gargos, Vicious Watcher
[2026-08-06T01:22:28.088Z]   Processing Gargos, Vicious Watcher (8887 decks)
[2026-08-06T01:22:28.231Z]   Found 4 themes: plus-1-plus-1-counters, hydras, x-spells, ramp
[2026-08-06T01:22:30.108Z]   Created build plus-1-plus-1-counters: 100 cards
[2026-08-06T01:22:31.969Z]   Created build hydras: 100 cards
[2026-08-06T01:22:33.866Z]   Created build x-spells: 100 cards
[2026-08-06T01:22:35.754Z]   Created build ramp: 100 cards
[2026-08-06T01:22:35.754Z] [187/500] Finneas, Ace Archer
[2026-08-06T01:22:35.754Z]   Processing Finneas, Ace Archer (8876 decks)
[2026-08-06T01:22:35.896Z]   Found 3 themes: tokens, rabbits, plus-1-plus-1-counters
[2026-08-06T01:22:37.862Z]   Created build tokens: 100 cards
[2026-08-06T01:22:39.750Z]   Created build rabbits: 100 cards
[2026-08-06T01:22:41.753Z]   Created build plus-1-plus-1-counters: 100 cards
[2026-08-06T01:22:41.753Z] [188/500] Indominus Rex, Alpha
[2026-08-06T01:22:41.753Z]   Processing Indominus Rex, Alpha (8870 decks)
[2026-08-06T01:22:41.903Z]   Found 4 themes: voltron, keywords, reanimator, discard
[2026-08-06T01:22:43.808Z]   Created build voltron: 100 cards
[2026-08-06T01:22:45.780Z]   Created build keywords: 100 cards
[2026-08-06T01:22:47.710Z]   Created build reanimator: 100 cards
[2026-08-06T01:22:49.598Z]   Created build discard: 100 cards
[2026-08-06T01:22:49.598Z] [189/500] Dogmeat, Ever Loyal
[2026-08-06T01:22:49.598Z]   Processing Dogmeat, Ever Loyal (8857 decks)
[2026-08-06T01:22:49.740Z]   Found 5 themes: equipment, auras, voltron, artifacts, enchantress
[2026-08-06T01:22:51.625Z]   Created build equipment: 100 cards
[2026-08-06T01:22:53.527Z]   Created build auras: 100 cards
[2026-08-06T01:22:55.407Z]   Created build voltron: 100 cards
[2026-08-06T01:22:57.358Z]   Created build artifacts: 100 cards
[2026-08-06T01:22:59.179Z]   Created build enchantress: 100 cards
[2026-08-06T01:22:59.179Z] [190/500] Minsc & Boo, Timeless Heroes
[2026-08-06T01:22:59.179Z]   Processing Minsc & Boo, Timeless Heroes (8828 decks)
[2026-08-06T01:22:59.329Z]   Found 3 themes: plus-1-plus-1-counters, aggro, fling
[2026-08-06T01:23:01.291Z]   Created build plus-1-plus-1-counters: 100 cards
[2026-08-06T01:23:03.177Z]   Created build aggro: 100 cards
[2026-08-06T01:23:05.102Z]   Created build fling: 100 cards
[2026-08-06T01:23:05.102Z] [191/500] Tayam, Luminous Enigma
[2026-08-06T01:23:05.102Z]   Processing Tayam, Luminous Enigma (8823 decks)
[2026-08-06T01:23:05.243Z]   Found 12 themes: plus-1-plus-1-counters, combo, reanimator, cedh, stax, aristocrats, minus-1-minus-1-counters, mill, midrange, toolbox, hatebears, control
[2026-08-06T01:23:07.189Z]   Created build plus-1-plus-1-counters: 100 cards
[2026-08-06T01:23:09.095Z]   Created build combo: 100 cards
[2026-08-06T01:23:10.979Z]   Created build reanimator: 100 cards
[2026-08-06T01:23:12.797Z]   Created build cedh: 100 cards
[2026-08-06T01:23:14.730Z]   Created build stax: 100 cards
[2026-08-06T01:23:16.631Z]   Created build aristocrats: 100 cards
[2026-08-06T01:23:18.531Z]   Created build minus-1-minus-1-counters: 100 cards
[2026-08-06T01:23:20.428Z]   Created build mill: 100 cards
[2026-08-06T01:23:22.311Z]   Created build midrange: 100 cards
[2026-08-06T01:23:24.209Z]   Created build toolbox: 100 cards
[2026-08-06T01:23:26.151Z]   Created build hatebears: 100 cards
[2026-08-06T01:23:28.330Z]   Created build control: 100 cards
[2026-08-06T01:23:28.330Z] [192/500] Omnath, Locus of Rage
[2026-08-06T01:23:28.330Z]   Processing Omnath, Locus of Rage (8802 decks)
[2026-08-06T01:23:28.479Z]   Found 6 themes: lands-matter, landfall, ramp, tokens, elementals, burn
[2026-08-06T01:23:30.332Z]   Created build lands-matter: 100 cards
[2026-08-06T01:23:32.224Z]   Created build landfall: 100 cards
[2026-08-06T01:23:34.207Z]   Created build ramp: 100 cards
[2026-08-06T01:23:36.082Z]   Created build tokens: 100 cards
[2026-08-06T01:23:37.966Z]   Created build elementals: 100 cards
[2026-08-06T01:23:39.872Z]   Created build burn: 100 cards
[2026-08-06T01:23:39.872Z] [193/500] Goro-Goro and Satoru
[2026-08-06T01:23:39.872Z]   Processing Goro-Goro and Satoru (8752 decks)
[2026-08-06T01:23:40.013Z]   Found 6 themes: ninjutsu, aggro, tokens, ninjas, dragons, haste
[2026-08-06T01:23:41.887Z]   Created build ninjutsu: 100 cards
[2026-08-06T01:23:43.800Z]   Created build aggro: 100 cards
[2026-08-06T01:23:45.691Z]   Created build tokens: 100 cards
[2026-08-06T01:23:47.628Z]   Created build ninjas: 100 cards
[2026-08-06T01:23:49.559Z]   Created build dragons: 100 cards
[2026-08-06T01:23:51.466Z]   Created build haste: 100 cards
[2026-08-06T01:23:51.466Z] [194/500] Toxrill, the Corrosive
[2026-08-06T01:23:51.466Z]   Processing Toxrill, the Corrosive (8702 decks)
[2026-08-06T01:23:51.609Z]   Found 3 themes: minus-1-minus-1-counters, control, infect
[2026-08-06T01:23:53.493Z]   Created build minus-1-minus-1-counters: 100 cards
[2026-08-06T01:23:55.443Z]   Created build control: 100 cards
[2026-08-06T01:23:57.349Z]   Created build infect: 100 cards
[2026-08-06T01:23:57.349Z] [195/500] Clement, the Worrywort
[2026-08-06T01:23:57.349Z]   Processing Clement, the Worrywort (8681 decks)
[2026-08-06T01:23:57.491Z]   Found 5 themes: frogs, plus-1-plus-1-counters, bounce, blink, combo
[2026-08-06T01:23:59.371Z]   Created build frogs: 100 cards
[2026-08-06T01:24:01.234Z]   Created build plus-1-plus-1-counters: 100 cards
[2026-08-06T01:24:03.139Z]   Created build bounce: 100 cards
[2026-08-06T01:24:04.978Z]   Created build blink: 100 cards
[2026-08-06T01:24:06.850Z]   Created build combo: 100 cards
[2026-08-06T01:24:06.851Z] [196/500] Marvo, Deep Operative
[2026-08-06T01:24:06.851Z]   Processing Marvo, Deep Operative (8676 decks)
[2026-08-06T01:24:06.997Z]   Found 2 themes: topdeck, big-mana
[2026-08-06T01:24:08.900Z]   Created build topdeck: 100 cards
[2026-08-06T01:24:10.834Z]   Created build big-mana: 100 cards
[2026-08-06T01:24:10.834Z] [197/500] Rograkh, Son of Rohgahh & Thrasios, Triton Hero
[2026-08-06T01:24:10.834Z]   Processing Rograkh, Son of Rohgahh & Thrasios, Triton Hero (8676 decks)
[2026-08-06T01:24:10.979Z]   Found 5 themes: cedh, birthing-pod, combo, midrange, ramp
[2026-08-06T01:24:12.856Z]   Created build cedh: 100 cards
[2026-08-06T01:24:14.714Z]   Created build birthing-pod: 100 cards
[2026-08-06T01:24:16.586Z]   Created build combo: 100 cards
[2026-08-06T01:24:18.344Z]   Created build midrange: 100 cards
[2026-08-06T01:24:20.235Z]   Created build ramp: 100 cards
[2026-08-06T01:24:20.235Z] [198/500] Slimefoot and Squee
[2026-08-06T01:24:20.235Z]   Processing Slimefoot and Squee (8662 decks)
[2026-08-06T01:24:20.377Z]   Found 8 themes: reanimator, aristocrats, saprolings, tokens, sacrifice, combo, graveyard, birthing-pod
[2026-08-06T01:24:22.432Z]   Created build reanimator: 100 cards
[2026-08-06T01:24:24.297Z]   Created build aristocrats: 100 cards
[2026-08-06T01:24:26.219Z]   Created build saprolings: 100 cards
[2026-08-06T01:24:28.138Z]   Created build tokens: 100 cards
[2026-08-06T01:24:30.000Z]   Created build sacrifice: 100 cards
[2026-08-06T01:24:31.904Z]   Created build combo: 100 cards
[2026-08-06T01:24:33.820Z]   Created build graveyard: 100 cards
[2026-08-06T01:24:35.684Z]   Created build birthing-pod: 100 cards
[2026-08-06T01:24:35.684Z] [199/500] Kalamax, the Stormsire
[2026-08-06T01:24:35.684Z]   Processing Kalamax, the Stormsire (8657 decks)
[2026-08-06T01:24:35.825Z]   Found 4 themes: spellslinger, spell-copy, combo, plus-1-plus-1-counters
[2026-08-06T01:24:37.725Z]   Created build spellslinger: 100 cards
[2026-08-06T01:24:39.641Z]   Created build spell-copy: 100 cards
[2026-08-06T01:24:41.528Z]   Created build combo: 100 cards
[2026-08-06T01:24:43.445Z]   Created build plus-1-plus-1-counters: 100 cards
[2026-08-06T01:24:43.445Z] [200/500] Norin the Wary
[2026-08-06T01:24:43.445Z]   Processing Norin the Wary (8652 decks)
[2026-08-06T01:24:43.587Z]   Found 3 themes: burn, chaos, blink
[2026-08-06T01:24:44.864Z]   Created build burn: 100 cards
[2026-08-06T01:24:46.734Z]   Created build chaos: 100 cards
[2026-08-06T01:24:48.642Z]   Created build blink: 100 cards
[2026-08-06T01:24:48.642Z] 
[2026-08-06T01:24:48.642Z] Progress: 200 processed, 930 builds, 93000 cards
[2026-08-06T01:24:48.642Z] 
[2026-08-06T01:24:48.642Z] [201/500] Rograkh, Son of Rohgahh & Silas Renn, Seeker Adept
[2026-08-06T01:24:48.642Z]   Processing Rograkh, Son of Rohgahh & Silas Renn, Seeker Adept (8649 decks)
[2026-08-06T01:24:48.783Z]   Found 4 themes: cedh, combo, storm, wheels
[2026-08-06T01:24:50.442Z]   Created build cedh: 100 cards
[2026-08-06T01:24:52.107Z]   Created build combo: 100 cards
[2026-08-06T01:24:53.954Z]   Created build storm: 100 cards
[2026-08-06T01:24:55.711Z]   Created build wheels: 100 cards
[2026-08-06T01:24:55.712Z] [202/500] Brimaz, Blight of Oreskos
[2026-08-06T01:24:55.712Z]   Processing Brimaz, Blight of Oreskos (8647 decks)
[2026-08-06T01:24:55.851Z]   Found 7 themes: phyrexians, infect, tokens, plus-1-plus-1-counters, artifacts, proliferate, aristocrats
[2026-08-06T01:24:57.726Z]   Created build phyrexians: 100 cards
[2026-08-06T01:24:59.608Z]   Created build infect: 100 cards
[2026-08-06T01:25:01.526Z]   Created build tokens: 100 cards
[2026-08-06T01:25:03.418Z]   Created build plus-1-plus-1-counters: 100 cards
[2026-08-06T01:25:05.292Z]   Created build artifacts: 100 cards
[2026-08-06T01:25:08.272Z]   Created build proliferate: 100 cards
[2026-08-06T01:25:10.175Z]   Created build aristocrats: 100 cards
[2026-08-06T01:25:10.175Z] [203/500] Elsha, Threefold Master
[2026-08-06T01:25:10.175Z]   Processing Elsha, Threefold Master (8643 decks)
[2026-08-06T01:25:10.318Z]   Found 5 themes: spellslinger, tokens, prowess, aggro, voltron
[2026-08-06T01:25:12.186Z]   Created build spellslinger: 100 cards
[2026-08-06T01:25:14.064Z]   Created build tokens: 100 cards
[2026-08-06T01:25:15.985Z]   Created build prowess: 100 cards
[2026-08-06T01:25:17.915Z]   Created build aggro: 100 cards
[2026-08-06T01:25:19.808Z]   Created build voltron: 100 cards
[2026-08-06T01:25:19.808Z] [204/500] Winter, Misanthropic Guide
[2026-08-06T01:25:19.808Z]   Processing Winter, Misanthropic Guide (8641 decks)
[2026-08-06T01:25:19.951Z]   Found 7 themes: wheels, discard, group-slug, mill, self-mill, graveyard, group-hug
[2026-08-06T01:25:21.865Z]   Created build wheels: 100 cards
[2026-08-06T01:25:23.773Z]   Created build discard: 100 cards
[2026-08-06T01:25:25.662Z]   Created build group-slug: 100 cards
[2026-08-06T01:25:27.562Z]   Created build mill: 100 cards
[2026-08-06T01:25:29.467Z]   Created build self-mill: 100 cards
[2026-08-06T01:25:31.335Z]   Created build graveyard: 100 cards
[2026-08-06T01:25:33.220Z]   Created build group-hug: 100 cards
[2026-08-06T01:25:33.220Z] [205/500] Kratos, God of War
[2026-08-06T01:25:33.220Z]   Processing Kratos, God of War (8632 decks)
[2026-08-06T01:25:33.363Z]   Found 4 themes: aggro, burn, forced-combat, extra-combats
[2026-08-06T01:25:35.248Z]   Created build aggro: 100 cards
[2026-08-06T01:25:37.110Z]   Created build burn: 100 cards
[2026-08-06T01:25:39.006Z]   Created build forced-combat: 100 cards
[2026-08-06T01:25:40.928Z]   Created build extra-combats: 100 cards
[2026-08-06T01:25:40.928Z] [206/500] Codie, Vociferous Codex
[2026-08-06T01:25:40.928Z]   Processing Codie, Vociferous Codex (8603 decks)
[2026-08-06T01:25:41.074Z]   Found 2 themes: spellslinger, combo
[2026-08-06T01:25:42.960Z]   Created build spellslinger: 100 cards
[2026-08-06T01:25:44.835Z]   Created build combo: 100 cards
[2026-08-06T01:25:44.835Z] [207/500] Ghalta, Primal Hunger
[2026-08-06T01:25:44.835Z]   Processing Ghalta, Primal Hunger (8601 decks)
[2026-08-06T01:25:44.978Z]   Found 3 themes: ramp, stompy, aggro
[2026-08-06T01:25:46.874Z]   Created build ramp: 100 cards
[2026-08-06T01:25:48.642Z]   Created build stompy: 100 cards
[2026-08-06T01:25:50.474Z]   Created build aggro: 100 cards
[2026-08-06T01:25:50.474Z] [208/500] Myrel, Shield of Argive
[2026-08-06T01:25:50.475Z]   Processing Myrel, Shield of Argive (8591 decks)
[2026-08-06T01:25:50.634Z]   Found 5 themes: soldiers, tokens, aggro, stax, plus-1-plus-1-counters
[2026-08-06T01:25:52.516Z]   Created build soldiers: 100 cards
[2026-08-06T01:25:54.438Z]   Created build tokens: 100 cards
[2026-08-06T01:25:56.318Z]   Created build aggro: 100 cards
[2026-08-06T01:25:58.221Z]   Created build stax: 100 cards
[2026-08-06T01:26:00.128Z]   Created build plus-1-plus-1-counters: 100 cards
[2026-08-06T01:26:00.128Z] [209/500] Adrix and Nev, Twincasters
[2026-08-06T01:26:00.128Z]   Processing Adrix and Nev, Twincasters (8583 decks)
[2026-08-06T01:26:00.270Z]   Found 3 themes: tokens, clones, plus-1-plus-1-counters
[2026-08-06T01:26:02.168Z]   Created build tokens: 100 cards
[2026-08-06T01:26:04.056Z]   Created build clones: 100 cards
[2026-08-06T01:26:05.946Z]   Created build plus-1-plus-1-counters: 100 cards
[2026-08-06T01:26:05.946Z] [210/500] Tannuk, Memorial Ensign
[2026-08-06T01:26:05.946Z]   Processing Tannuk, Memorial Ensign (8579 decks)
[2026-08-06T01:26:06.092Z]   Found 4 themes: lands-matter, burn, landfall, ramp
[2026-08-06T01:26:07.969Z]   Created build lands-matter: 100 cards
[2026-08-06T01:26:10.002Z]   Created build burn: 100 cards
[2026-08-06T01:26:11.899Z]   Created build landfall: 100 cards
[2026-08-06T01:26:13.798Z]   Created build ramp: 100 cards
[2026-08-06T01:26:13.798Z] [211/500] The Master of Keys
[2026-08-06T01:26:13.798Z]   Processing The Master of Keys (8565 decks)
[2026-08-06T01:26:13.943Z]   Found 8 themes: enchantress, reanimator, mill, combo, cedh, control, self-mill, graveyard
[2026-08-06T01:26:15.822Z]   Created build enchantress: 100 cards
[2026-08-06T01:26:17.736Z]   Created build reanimator: 100 cards
[2026-08-06T01:26:19.608Z]   Created build mill: 100 cards
[2026-08-06T01:26:21.516Z]   Created build combo: 100 cards
[2026-08-06T01:26:23.224Z]   Created build cedh: 100 cards
[2026-08-06T01:26:25.122Z]   Created build control: 100 cards
[2026-08-06T01:26:27.020Z]   Created build self-mill: 100 cards
[2026-08-06T01:26:29.266Z]   Created build graveyard: 100 cards
[2026-08-06T01:26:29.266Z] [212/500] Noctis, Prince of Lucis
[2026-08-06T01:26:29.266Z]   Processing Noctis, Prince of Lucis (8531 decks)
[2026-08-06T01:26:29.410Z]   Found 4 themes: artifacts, combo, reanimator, cedh
[2026-08-06T01:26:31.296Z]   Created build artifacts: 100 cards
[2026-08-06T01:26:33.254Z]   Created build combo: 100 cards
[2026-08-06T01:26:35.160Z]   Created build reanimator: 100 cards
[2026-08-06T01:26:37.054Z]   Created build cedh: 100 cards
[2026-08-06T01:26:37.054Z] [213/500] Leonardo, the Balance & Michelangelo, the Heart
[2026-08-06T01:26:37.054Z]   Processing Leonardo, the Balance & Michelangelo, the Heart (8515 decks)
[2026-08-06T01:26:37.205Z]   Found 5 themes: plus-1-plus-1-counters, tokens, mutants, ninjas, turtles
[2026-08-06T01:26:39.116Z]   Created build plus-1-plus-1-counters: 100 cards
[2026-08-06T01:26:41.014Z]   Created build tokens: 100 cards
[2026-08-06T01:26:42.761Z]   Created build mutants: 100 cards
[2026-08-06T01:26:44.650Z]   Created build ninjas: 100 cards
[2026-08-06T01:26:46.389Z]   Created build turtles: 100 cards
[2026-08-06T01:26:46.389Z] [214/500] Quintorius, History Chaser
[2026-08-06T01:26:46.389Z]   Processing Quintorius, History Chaser (8435 decks)
[2026-08-06T01:26:46.534Z]   Found 7 themes: reanimator, tokens, graveyard, self-mill, discard, spirits, flashback
[2026-08-06T01:26:48.424Z]   Created build reanimator: 100 cards
[2026-08-06T01:26:50.314Z]   Created build tokens: 100 cards
[2026-08-06T01:26:52.168Z]   Created build graveyard: 100 cards
[2026-08-06T01:26:53.840Z]   Created build self-mill: 100 cards
[2026-08-06T01:26:55.714Z]   Created build discard: 100 cards
[2026-08-06T01:26:57.394Z]   Created build spirits: 100 cards
[2026-08-06T01:26:59.078Z]   Created build flashback: 100 cards
[2026-08-06T01:26:59.078Z] [215/500] Kess, Dissident Mage
[2026-08-06T01:26:59.078Z]   Processing Kess, Dissident Mage (8414 decks)
[2026-08-06T01:26:59.223Z]   Found 6 themes: spellslinger, combo, reanimator, wheels, control, storm
[2026-08-06T01:27:01.176Z]   Created build spellslinger: 100 cards
[2026-08-06T01:27:03.126Z]   Created build combo: 100 cards
[2026-08-06T01:27:05.042Z]   Created build reanimator: 100 cards
[2026-08-06T01:27:06.914Z]   Created build wheels: 100 cards
[2026-08-06T01:27:08.815Z]   Created build control: 100 cards
[2026-08-06T01:27:10.692Z]   Created build storm: 100 cards
[2026-08-06T01:27:10.692Z] [216/500] Obeka, Brute Chronologist
[2026-08-06T01:27:10.692Z]   Processing Obeka, Brute Chronologist (8412 decks)
[2026-08-06T01:27:10.843Z]   Found 4 themes: clones, extra-turns, reanimator, tokens
[2026-08-06T01:27:12.762Z]   Created build clones: 100 cards
[2026-08-06T01:27:14.720Z]   Created build extra-turns: 100 cards
[2026-08-06T01:27:16.618Z]   Created build reanimator: 100 cards
[2026-08-06T01:27:18.508Z]   Created build tokens: 100 cards
[2026-08-06T01:27:18.508Z] [217/500] Ardenn, Intrepid Archaeologist & Rograkh, Son of Rohgahh
[2026-08-06T01:27:18.508Z]   Processing Ardenn, Intrepid Archaeologist & Rograkh, Son of Rohgahh (8404 decks)
[2026-08-06T01:27:18.652Z]   Found 4 themes: equipment, voltron, aggro, artifacts
[2026-08-06T01:27:20.572Z]   Created build equipment: 100 cards
[2026-08-06T01:27:22.500Z]   Created build voltron: 100 cards
[2026-08-06T01:27:24.402Z]   Created build aggro: 100 cards
[2026-08-06T01:27:26.269Z]   Created build artifacts: 100 cards
[2026-08-06T01:27:26.269Z] [218/500] Lumra, Bellow of the Woods
[2026-08-06T01:27:26.269Z]   Processing Lumra, Bellow of the Woods (8373 decks)
[2026-08-06T01:27:26.414Z]   Found 6 themes: lands-matter, combo, ramp, cedh, landfall, mill
[2026-08-06T01:27:28.306Z]   Created build lands-matter: 100 cards
[2026-08-06T01:27:30.038Z]   Created build combo: 100 cards
[2026-08-06T01:27:31.922Z]   Created build ramp: 100 cards
[2026-08-06T01:27:33.758Z]   Created build cedh: 100 cards
[2026-08-06T01:27:35.660Z]   Created build landfall: 100 cards
[2026-08-06T01:27:37.618Z]   Created build mill: 100 cards
[2026-08-06T01:27:37.618Z] [219/500] Haldan, Avid Arcanist & Pako, Arcane Retriever
[2026-08-06T01:27:37.618Z]   Processing Haldan, Avid Arcanist & Pako, Arcane Retriever (8372 decks)
[2026-08-06T01:27:37.759Z]   Found 8 themes: voltron, extra-combats, theft, plus-1-plus-1-counters, aggro, spellslinger, ramp, exile
[2026-08-06T01:27:39.652Z]   Created build voltron: 100 cards
[2026-08-06T01:27:41.583Z]   Created build extra-combats: 100 cards
[2026-08-06T01:27:43.489Z]   Created build theft: 100 cards
[2026-08-06T01:27:45.350Z]   Created build plus-1-plus-1-counters: 100 cards
[2026-08-06T01:27:47.215Z]   Created build aggro: 100 cards
[2026-08-06T01:27:49.232Z]   Created build spellslinger: 100 cards
[2026-08-06T01:27:51.096Z]   Created build ramp: 100 cards
[2026-08-06T01:27:52.990Z]   Created build exile: 100 cards
[2026-08-06T01:27:52.990Z] [220/500] Braids, Arisen Nightmare
[2026-08-06T01:27:52.990Z]   Processing Braids, Arisen Nightmare (8369 decks)
[2026-08-06T01:27:53.130Z]   Found 6 themes: aristocrats, sacrifice, reanimator, combo, control, discard
[2026-08-06T01:27:54.994Z]   Created build aristocrats: 100 cards
[2026-08-06T01:27:56.896Z]   Created build sacrifice: 100 cards
[2026-08-06T01:27:58.798Z]   Created build reanimator: 100 cards
[2026-08-06T01:28:00.710Z]   Created build combo: 100 cards
[2026-08-06T01:28:02.598Z]   Created build control: 100 cards
[2026-08-06T01:28:04.814Z]   Created build discard: 100 cards
[2026-08-06T01:28:04.814Z] [221/500] Elas il-Kor, Sadistic Pilgrim
[2026-08-06T01:28:04.814Z]   Processing Elas il-Kor, Sadistic Pilgrim (8348 decks)
[2026-08-06T01:28:05.301Z]   Found 6 themes: lifegain, aristocrats, tokens, lifedrain, combo, sacrifice
[2026-08-06T01:28:07.234Z]   Created build lifegain: 100 cards
[2026-08-06T01:28:09.542Z]   Created build aristocrats: 100 cards
[2026-08-06T01:28:12.296Z]   Created build tokens: 100 cards
[2026-08-06T01:28:14.188Z]   Created build lifedrain: 100 cards
[2026-08-06T01:28:16.130Z]   Created build combo: 100 cards
[2026-08-06T01:28:18.030Z]   Created build sacrifice: 100 cards
[2026-08-06T01:28:18.030Z] [222/500] Zoraline, Cosmos Caller
[2026-08-06T01:28:18.030Z]   Processing Zoraline, Cosmos Caller (8339 decks)
[2026-08-06T01:28:18.174Z]   Found 5 themes: lifegain, bats, flying, reanimator, lifedrain
[2026-08-06T01:28:20.052Z]   Created build lifegain: 100 cards
[2026-08-06T01:28:21.954Z]   Created build bats: 100 cards
[2026-08-06T01:28:23.842Z]   Created build flying: 100 cards
[2026-08-06T01:28:25.730Z]   Created build reanimator: 100 cards
[2026-08-06T01:28:27.648Z]   Created build lifedrain: 100 cards
[2026-08-06T01:28:27.648Z] [223/500] Xenagos, God of Revels
[2026-08-06T01:28:27.648Z]   Processing Xenagos, God of Revels (8266 decks)
[2026-08-06T01:28:27.792Z]   Found 4 themes: extra-combats, aggro, ramp, stompy
[2026-08-06T01:28:29.708Z]   Created build extra-combats: 100 cards
[2026-08-06T01:28:31.614Z]   Created build aggro: 100 cards
[2026-08-06T01:28:32.906Z]   Created build ramp: 100 cards
[2026-08-06T01:28:34.798Z]   Created build stompy: 100 cards
[2026-08-06T01:28:34.798Z] [224/500] Talion, the Kindly Lord
[2026-08-06T01:28:34.798Z]   Processing Talion, the Kindly Lord (8173 decks)
[2026-08-06T01:28:34.943Z]   Found 6 themes: control, faeries, cedh, clones, combo, midrange
[2026-08-06T01:28:36.826Z]   Created build control: 100 cards
[2026-08-06T01:28:39.366Z]   Created build faeries: 100 cards
[2026-08-06T01:28:41.616Z]   Created build cedh: 100 cards
[2026-08-06T01:28:43.524Z]   Created build clones: 100 cards
[2026-08-06T01:28:45.440Z]   Created build combo: 100 cards
[2026-08-06T01:28:47.398Z]   Created build midrange: 100 cards
[2026-08-06T01:28:47.398Z] [225/500] Marwyn, the Nurturer
[2026-08-06T01:28:47.398Z]   Processing Marwyn, the Nurturer (8105 decks)
[2026-08-06T01:28:47.543Z]   Found 4 themes: elves, plus-1-plus-1-counters, combo, ramp
[2026-08-06T01:28:49.488Z]   Created build elves: 100 cards
[2026-08-06T01:28:51.420Z]   Created build plus-1-plus-1-counters: 100 cards
[2026-08-06T01:28:53.308Z]   Created build combo: 100 cards
[2026-08-06T01:28:55.172Z]   Created build ramp: 100 cards
[2026-08-06T01:28:55.172Z] [226/500] Strefan, Maurer Progenitor
[2026-08-06T01:28:55.172Z]   Processing Strefan, Maurer Progenitor (8015 decks)
[2026-08-06T01:28:55.312Z]   Found 6 themes: vampires, blood, tokens, aggro, artifacts, lifegain
[2026-08-06T01:28:57.178Z]   Created build vampires: 100 cards
[2026-08-06T01:28:59.050Z]   Created build blood: 100 cards
[2026-08-06T01:29:00.970Z]   Created build tokens: 100 cards
[2026-08-06T01:29:03.322Z]   Created build aggro: 100 cards
[2026-08-06T01:29:05.242Z]   Created build artifacts: 100 cards
[2026-08-06T01:29:07.122Z]   Created build lifegain: 100 cards
[2026-08-06T01:29:07.122Z] [227/500] Imotekh the Stormlord
[2026-08-06T01:29:07.122Z]   Processing Imotekh the Stormlord (7998 decks)
[2026-08-06T01:29:07.267Z]   Found 8 themes: artifacts, reanimator, graveyard, necrons, tokens, combo, aristocrats, self-mill
[2026-08-06T01:29:09.172Z]   Created build artifacts: 100 cards
[2026-08-06T01:29:11.420Z]   Created build reanimator: 100 cards
[2026-08-06T01:29:13.317Z]   Created build graveyard: 100 cards
[2026-08-06T01:29:15.726Z]   Created build necrons: 100 cards
[2026-08-06T01:29:17.576Z]   Created build tokens: 100 cards
[2026-08-06T01:29:19.495Z]   Created build combo: 100 cards
[2026-08-06T01:29:21.401Z]   Created build aristocrats: 100 cards
[2026-08-06T01:29:23.112Z]   Created build self-mill: 100 cards
[2026-08-06T01:29:23.112Z] [228/500] Saskia the Unyielding
[2026-08-06T01:29:23.112Z]   Processing Saskia the Unyielding (7965 decks)
[2026-08-06T01:29:23.254Z]   Found 4 themes: legends, aggro, humans, extra-combats
[2026-08-06T01:29:25.208Z]   Created build legends: 100 cards
[2026-08-06T01:29:27.172Z]   Created build aggro: 100 cards
[2026-08-06T01:29:29.062Z]   Created build humans: 100 cards
[2026-08-06T01:29:30.968Z]   Created build extra-combats: 100 cards
[2026-08-06T01:29:30.968Z] [229/500] Ghave, Guru of Spores
[2026-08-06T01:29:30.968Z]   Processing Ghave, Guru of Spores (7956 decks)
[2026-08-06T01:29:31.112Z]   Found 6 themes: plus-1-plus-1-counters, tokens, aristocrats, combo, saprolings, fungi
[2026-08-06T01:29:32.992Z]   Created build plus-1-plus-1-counters: 100 cards
[2026-08-06T01:29:34.904Z]   Created build tokens: 100 cards
[2026-08-06T01:29:36.978Z]   Created build aristocrats: 100 cards
[2026-08-06T01:29:38.876Z]   Created build combo: 100 cards
[2026-08-06T01:29:40.770Z]   Created build saprolings: 100 cards
[2026-08-06T01:29:42.640Z]   Created build fungi: 100 cards
[2026-08-06T01:29:42.640Z] [230/500] Morska, Undersea Sleuth
[2026-08-06T01:29:42.640Z]   Processing Morska, Undersea Sleuth (7932 decks)
[2026-08-06T01:29:42.785Z]   Found 5 themes: clues, tokens, artifacts, plus-1-plus-1-counters, card-draw
[2026-08-06T01:29:45.098Z]   Created build clues: 100 cards
[2026-08-06T01:29:47.056Z]   Created build tokens: 100 cards
[2026-08-06T01:29:49.379Z]   Created build artifacts: 100 cards
[2026-08-06T01:29:51.272Z]   Created build plus-1-plus-1-counters: 100 cards
[2026-08-06T01:29:53.154Z]   Created build card-draw: 100 cards
[2026-08-06T01:29:53.154Z] [231/500] Ellivere of the Wild Court
[2026-08-06T01:29:53.154Z]   Processing Ellivere of the Wild Court (7901 decks)
[2026-08-06T01:29:53.301Z]   Found 6 themes: auras, enchantress, hatebears, stax, aggro, cedh
[2026-08-06T01:29:55.170Z]   Created build auras: 100 cards
[2026-08-06T01:29:57.072Z]   Created build enchantress: 100 cards
[2026-08-06T01:29:59.074Z]   Created build hatebears: 100 cards
[2026-08-06T01:30:00.954Z]   Created build stax: 100 cards
[2026-08-06T01:30:03.044Z]   Created build aggro: 100 cards
[2026-08-06T01:30:04.772Z]   Created build cedh: 100 cards
[2026-08-06T01:30:04.772Z] [232/500] Xavier Sal, Infested Captain
[2026-08-06T01:30:04.772Z]   Processing Xavier Sal, Infested Captain (7897 decks)
[2026-08-06T01:30:04.914Z]   Found 9 themes: tokens, planeswalkers, plus-1-plus-1-counters, infect, proliferate, populate, sagas, saprolings, clones
[2026-08-06T01:30:06.818Z]   Created build tokens: 100 cards
[2026-08-06T01:30:08.740Z]   Created build planeswalkers: 100 cards
[2026-08-06T01:30:10.657Z]   Created build plus-1-plus-1-counters: 100 cards
[2026-08-06T01:30:12.518Z]   Created build infect: 100 cards
[2026-08-06T01:30:14.398Z]   Created build proliferate: 100 cards
[2026-08-06T01:30:16.510Z]   Created build populate: 100 cards
[2026-08-06T01:30:19.264Z]   Created build sagas: 100 cards
[2026-08-06T01:30:21.162Z]   Created build saprolings: 100 cards
[2026-08-06T01:30:23.073Z]   Created build clones: 100 cards
[2026-08-06T01:30:23.074Z] [233/500] Maelstrom Wanderer
[2026-08-06T01:30:23.074Z]   Processing Maelstrom Wanderer (7881 decks)
[2026-08-06T01:30:23.214Z]   Found 6 themes: cascade, ramp, chaos, big-mana, combo, aggro
[2026-08-06T01:30:25.114Z]   Created build cascade: 100 cards
[2026-08-06T01:30:27.449Z]   Created build ramp: 100 cards
[2026-08-06T01:30:29.328Z]   Created build chaos: 100 cards
[2026-08-06T01:30:31.190Z]   Created build big-mana: 100 cards
[2026-08-06T01:30:33.062Z]   Created build combo: 100 cards
[2026-08-06T01:30:34.960Z]   Created build aggro: 100 cards
[2026-08-06T01:30:34.960Z] [234/500] Grist, the Hunger Tide
[2026-08-06T01:30:34.960Z]   Processing Grist, the Hunger Tide (7864 decks)
[2026-08-06T01:30:35.106Z]   Found 6 themes: insects, self-mill, mill, reanimator, tokens, graveyard
[2026-08-06T01:30:37.005Z]   Created build insects: 100 cards
[2026-08-06T01:30:39.228Z]   Created build self-mill: 100 cards
[2026-08-06T01:30:41.148Z]   Created build mill: 100 cards
[2026-08-06T01:30:43.012Z]   Created build reanimator: 100 cards
[2026-08-06T01:30:44.957Z]   Created build tokens: 100 cards
[2026-08-06T01:30:46.816Z]   Created build graveyard: 100 cards
[2026-08-06T01:30:46.816Z] [235/500] Cloud, Midgar Mercenary
[2026-08-06T01:30:46.816Z]   Processing Cloud, Midgar Mercenary (7853 decks)
[2026-08-06T01:30:46.962Z]   Found 3 themes: equipment, voltron, artifacts
[2026-08-06T01:30:48.839Z]   Created build equipment: 100 cards
[2026-08-06T01:30:50.725Z]   Created build voltron: 100 cards
[2026-08-06T01:30:52.608Z]   Created build artifacts: 100 cards
[2026-08-06T01:30:52.608Z] [236/500] Yuma, Proud Protector
[2026-08-06T01:30:52.608Z]   Processing Yuma, Proud Protector (7826 decks)
[2026-08-06T01:30:52.750Z]   Found 8 themes: lands-matter, tokens, deserts, landfall, ramp, graveyard, land-destruction, self-mill
[2026-08-06T01:30:54.656Z]   Created build lands-matter: 100 cards
[2026-08-06T01:30:56.512Z]   Created build tokens: 100 cards
[2026-08-06T01:30:58.388Z]   Created build deserts: 100 cards
[2026-08-06T01:31:00.326Z]   Created build landfall: 100 cards
[2026-08-06T01:31:02.190Z]   Created build ramp: 100 cards
[2026-08-06T01:31:04.078Z]   Created build graveyard: 100 cards
[2026-08-06T01:31:05.970Z]   Created build land-destruction: 100 cards
[2026-08-06T01:31:07.840Z]   Created build self-mill: 100 cards
[2026-08-06T01:31:07.840Z] [237/500] Neriv, Heart of the Storm
[2026-08-06T01:31:07.840Z]   Processing Neriv, Heart of the Storm (7812 decks)
[2026-08-06T01:31:07.980Z]   Found 4 themes: aggro, tokens, burn, haste
[2026-08-06T01:31:09.856Z]   Created build aggro: 100 cards
[2026-08-06T01:31:11.706Z]   Created build tokens: 100 cards
[2026-08-06T01:31:13.596Z]   Created build burn: 100 cards
[2026-08-06T01:31:15.504Z]   Created build haste: 100 cards
[2026-08-06T01:31:15.504Z] [238/500] Kellan, the Kid
[2026-08-06T01:31:15.504Z]   Processing Kellan, the Kid (7800 decks)
[2026-08-06T01:31:15.648Z]   Found 2 themes: foretell, exile
[2026-08-06T01:31:17.518Z]   Created build foretell: 100 cards
[2026-08-06T01:31:19.410Z]   Created build exile: 100 cards
[2026-08-06T01:31:19.410Z] [239/500] Sidisi, Brood Tyrant
[2026-08-06T01:31:19.410Z]   Processing Sidisi, Brood Tyrant (7795 decks)
[2026-08-06T01:31:19.550Z]   Found 8 themes: mill, reanimator, self-mill, dredge, graveyard, zombies, tokens, combo
[2026-08-06T01:31:21.464Z]   Created build mill: 100 cards
[2026-08-06T01:31:23.988Z]   Created build reanimator: 100 cards
[2026-08-06T01:31:25.862Z]   Created build self-mill: 100 cards
[2026-08-06T01:31:27.796Z]   Created build dredge: 100 cards
[2026-08-06T01:31:29.682Z]   Created build graveyard: 100 cards
[2026-08-06T01:31:31.592Z]   Created build zombies: 100 cards
[2026-08-06T01:31:33.499Z]   Created build tokens: 100 cards
[2026-08-06T01:31:35.364Z]   Created build combo: 100 cards
[2026-08-06T01:31:35.364Z] [240/500] Mishra, Eminent One
[2026-08-06T01:31:35.364Z]   Processing Mishra, Eminent One (7778 decks)
[2026-08-06T01:31:35.504Z]   Found 6 themes: artifacts, tokens, clones, combo, vehicles, artificers
[2026-08-06T01:31:36.793Z]   Created build artifacts: 100 cards
[2026-08-06T01:31:38.714Z]   Created build tokens: 100 cards
[2026-08-06T01:31:40.776Z]   Created build clones: 100 cards
[2026-08-06T01:31:42.692Z]   Created build combo: 100 cards
[2026-08-06T01:31:44.554Z]   Created build vehicles: 100 cards
[2026-08-06T01:31:46.474Z]   Created build artificers: 100 cards
[2026-08-06T01:31:46.474Z] [241/500] Elesh Norn, Mother of Machines
[2026-08-06T01:31:46.474Z]   Processing Elesh Norn, Mother of Machines (7778 decks)
[2026-08-06T01:31:46.614Z]   Found 4 themes: blink, tokens, etb, stax
[2026-08-06T01:31:48.532Z]   Created build blink: 100 cards
[2026-08-06T01:31:50.414Z]   Created build tokens: 100 cards
[2026-08-06T01:31:52.328Z]   Created build etb: 100 cards
[2026-08-06T01:31:54.206Z]   Created build stax: 100 cards
[2026-08-06T01:31:54.206Z] [242/500] Tuvasa the Sunlit
[2026-08-06T01:31:54.206Z]   Processing Tuvasa the Sunlit (7775 decks)
[2026-08-06T01:31:54.348Z]   Found 4 themes: enchantress, auras, voltron, pillow-fort
[2026-08-06T01:31:56.262Z]   Created build enchantress: 100 cards
[2026-08-06T01:31:58.186Z]   Created build auras: 100 cards
[2026-08-06T01:32:00.125Z]   Created build voltron: 100 cards
[2026-08-06T01:32:01.997Z]   Created build pillow-fort: 100 cards
[2026-08-06T01:32:01.997Z] [243/500] Szarel, Genesis Shepherd
[2026-08-06T01:32:01.998Z]   Processing Szarel, Genesis Shepherd (7775 decks)
[2026-08-06T01:32:02.142Z]   Found 6 themes: lands-matter, plus-1-plus-1-counters, landfall, ramp, land-destruction, sacrifice
[2026-08-06T01:32:04.040Z]   Created build lands-matter: 100 cards
[2026-08-06T01:32:05.966Z]   Created build plus-1-plus-1-counters: 100 cards
[2026-08-06T01:32:07.860Z]   Created build landfall: 100 cards
[2026-08-06T01:32:09.755Z]   Created build ramp: 100 cards
[2026-08-06T01:32:11.668Z]   Created build land-destruction: 100 cards
[2026-08-06T01:32:13.608Z]   Created build sacrifice: 100 cards
[2026-08-06T01:32:13.608Z] [244/500] The Gitrog, Ravenous Ride
[2026-08-06T01:32:13.608Z]   Processing The Gitrog, Ravenous Ride (7749 decks)
[2026-08-06T01:32:13.748Z]   Found 6 themes: stompy, lands-matter, ramp, landfall, aggro, sacrifice
[2026-08-06T01:32:15.650Z]   Created build stompy: 100 cards
[2026-08-06T01:32:17.684Z]   Created build lands-matter: 100 cards
[2026-08-06T01:32:19.578Z]   Created build ramp: 100 cards
[2026-08-06T01:32:21.482Z]   Created build landfall: 100 cards
[2026-08-06T01:32:23.352Z]   Created build aggro: 100 cards
[2026-08-06T01:32:25.294Z]   Created build sacrifice: 100 cards
[2026-08-06T01:32:25.294Z] [245/500] Myrkul, Lord of Bones
[2026-08-06T01:32:25.294Z]   Processing Myrkul, Lord of Bones (7746 decks)
[2026-08-06T01:32:25.438Z]   Found 5 themes: enchantress, tokens, aristocrats, birthing-pod, combo
[2026-08-06T01:32:27.338Z]   Created build enchantress: 100 cards
[2026-08-06T01:32:29.248Z]   Created build tokens: 100 cards
[2026-08-06T01:32:31.189Z]   Created build aristocrats: 100 cards
[2026-08-06T01:32:33.074Z]   Created build birthing-pod: 100 cards
[2026-08-06T01:32:34.993Z]   Created build combo: 100 cards
[2026-08-06T01:32:34.994Z] [246/500] Sen Triplets
[2026-08-06T01:32:34.994Z]   Processing Sen Triplets (7738 decks)
[2026-08-06T01:32:35.134Z]   Found 3 themes: theft, control, stax
[2026-08-06T01:32:37.002Z]   Created build theft: 100 cards
[2026-08-06T01:32:38.996Z]   Created build control: 100 cards
[2026-08-06T01:32:40.946Z]   Created build stax: 100 cards
[2026-08-06T01:32:40.946Z] [247/500] Bristly Bill, Spine Sower
[2026-08-06T01:32:40.946Z]   Processing Bristly Bill, Spine Sower (7696 decks)
[2026-08-06T01:32:41.106Z]   Found 4 themes: plus-1-plus-1-counters, lands-matter, landfall, ramp
[2026-08-06T01:32:42.984Z]   Created build plus-1-plus-1-counters: 100 cards
[2026-08-06T01:32:44.871Z]   Created build lands-matter: 100 cards
[2026-08-06T01:32:46.819Z]   Created build landfall: 100 cards
[2026-08-06T01:32:48.700Z]   Created build ramp: 100 cards
[2026-08-06T01:32:48.700Z] [248/500] Admiral Brass, Unsinkable
[2026-08-06T01:32:48.700Z]   Processing Admiral Brass, Unsinkable (7686 decks)
[2026-08-06T01:32:48.861Z]   Found 5 themes: pirates, treasure, reanimator, aggro, theft
[2026-08-06T01:32:50.860Z]   Created build pirates: 100 cards
[2026-08-06T01:32:52.792Z]   Created build treasure: 100 cards
[2026-08-06T01:32:54.785Z]   Created build reanimator: 100 cards
[2026-08-06T01:32:56.958Z]   Created build aggro: 100 cards
[2026-08-06T01:32:58.881Z]   Created build theft: 100 cards
[2026-08-06T01:32:58.882Z] [249/500] Kadena, Slinking Sorcerer
[2026-08-06T01:32:58.882Z]   Processing Kadena, Slinking Sorcerer (7645 decks)
[2026-08-06T01:32:59.042Z]   Found 2 themes: morph, control
[2026-08-06T01:33:01.102Z]   Created build morph: 100 cards
[2026-08-06T01:33:03.001Z]   Created build control: 100 cards
[2026-08-06T01:33:03.001Z] [250/500] Niv-Mizzet, Visionary
[2026-08-06T01:33:03.001Z]   Processing Niv-Mizzet, Visionary (7644 decks)
[2026-08-06T01:33:03.156Z]   Found 6 themes: burn, spellslinger, dragons-approach, combo, card-draw, storm
[2026-08-06T01:33:05.138Z]   Created build burn: 100 cards
[2026-08-06T01:33:07.080Z]   Created build spellslinger: 100 cards
[2026-08-06T01:33:09.068Z]   Created build dragons-approach: 100 cards
[2026-08-06T01:33:11.018Z]   Created build combo: 100 cards
[2026-08-06T01:33:12.964Z]   Created build card-draw: 100 cards
[2026-08-06T01:33:15.220Z]   Created build storm: 100 cards
[2026-08-06T01:33:15.220Z] 
[2026-08-06T01:33:15.220Z] Progress: 250 processed, 1189 builds, 118900 cards
[2026-08-06T01:33:15.220Z] 
[2026-08-06T01:33:15.220Z] [251/500] Koma, Cosmos Serpent
[2026-08-06T01:33:15.220Z]   Processing Koma, Cosmos Serpent (7633 decks)
[2026-08-06T01:33:15.370Z]   Found 5 themes: tokens, clones, control, ramp, sea-creatures
[2026-08-06T01:33:17.313Z]   Created build tokens: 100 cards
[2026-08-06T01:33:19.211Z]   Created build clones: 100 cards
[2026-08-06T01:33:21.117Z]   Created build control: 100 cards
[2026-08-06T01:33:23.305Z]   Created build ramp: 100 cards
[2026-08-06T01:33:25.193Z]   Created build sea-creatures: 100 cards
[2026-08-06T01:33:25.193Z] [252/500] Gluntch, the Bestower
[2026-08-06T01:33:25.193Z]   Processing Gluntch, the Bestower (7593 decks)
[2026-08-06T01:33:25.339Z]   Found 4 themes: group-hug, plus-1-plus-1-counters, pillow-fort, tokens
[2026-08-06T01:33:27.240Z]   Created build group-hug: 100 cards
[2026-08-06T01:33:29.148Z]   Created build plus-1-plus-1-counters: 100 cards
[2026-08-06T01:33:31.028Z]   Created build pillow-fort: 100 cards
[2026-08-06T01:33:32.916Z]   Created build tokens: 100 cards
[2026-08-06T01:33:32.916Z] [253/500] Gisa and Geralf
[2026-08-06T01:33:32.916Z]   Processing Gisa and Geralf (7553 decks)
[2026-08-06T01:33:33.058Z]   Found 6 themes: zombies, reanimator, graveyard, tokens, mill, self-mill
[2026-08-06T01:33:35.893Z]   Created build zombies: 100 cards
[2026-08-06T01:33:37.824Z]   Created build reanimator: 100 cards
[2026-08-06T01:33:39.705Z]   Created build graveyard: 100 cards
[2026-08-06T01:33:41.656Z]   Created build tokens: 100 cards
[2026-08-06T01:33:43.550Z]   Created build mill: 100 cards
[2026-08-06T01:33:45.445Z]   Created build self-mill: 100 cards
[2026-08-06T01:33:45.445Z] [254/500] Sméagol, Helpful Guide
[2026-08-06T01:33:45.445Z]   Processing Sméagol, Helpful Guide (7543 decks)
[2026-08-06T01:33:45.588Z]   Found 8 themes: lands-matter, landfall, sacrifice, mill, aristocrats, ramp, the-ring, reanimator
[2026-08-06T01:33:47.489Z]   Created build lands-matter: 100 cards
[2026-08-06T01:33:49.460Z]   Created build landfall: 100 cards
[2026-08-06T01:33:51.351Z]   Created build sacrifice: 100 cards
[2026-08-06T01:33:53.228Z]   Created build mill: 100 cards
[2026-08-06T01:33:55.135Z]   Created build aristocrats: 100 cards
[2026-08-06T01:33:57.028Z]   Created build ramp: 100 cards
[2026-08-06T01:33:58.934Z]   Created build the-ring: 100 cards
[2026-08-06T01:34:00.850Z]   Created build reanimator: 100 cards
[2026-08-06T01:34:00.850Z] [255/500] Shirei, Shizo's Caretaker
[2026-08-06T01:34:00.850Z]   Processing Shirei, Shizo's Caretaker (7523 decks)
[2026-08-06T01:34:00.998Z]   Found 4 themes: aristocrats, reanimator, sacrifice, shadowborn-apostles
[2026-08-06T01:34:02.901Z]   Created build aristocrats: 100 cards
[2026-08-06T01:34:04.894Z]   Created build reanimator: 100 cards
[2026-08-06T01:34:06.814Z]   Created build sacrifice: 100 cards
[2026-08-06T01:34:08.520Z]   Created build shadowborn-apostles: 100 cards
[2026-08-06T01:34:08.520Z] [256/500] Breena, the Demagogue
[2026-08-06T01:34:08.521Z]   Processing Breena, the Demagogue (7508 decks)
[2026-08-06T01:34:08.668Z]   Found 5 themes: plus-1-plus-1-counters, pillow-fort, politics, group-hug, aggro
[2026-08-06T01:34:10.569Z]   Created build plus-1-plus-1-counters: 100 cards
[2026-08-06T01:34:12.470Z]   Created build pillow-fort: 100 cards
[2026-08-06T01:34:14.340Z]   Created build politics: 100 cards
[2026-08-06T01:34:16.268Z]   Created build group-hug: 100 cards
[2026-08-06T01:34:18.188Z]   Created build aggro: 100 cards
[2026-08-06T01:34:18.188Z] [257/500] Mabel, Heir to Cragflame
[2026-08-06T01:34:18.188Z]   Processing Mabel, Heir to Cragflame (7497 decks)
[2026-08-06T01:34:18.328Z]   Found 4 themes: equipment, mice, voltron, aggro
[2026-08-06T01:34:20.225Z]   Created build equipment: 100 cards
[2026-08-06T01:34:22.113Z]   Created build mice: 100 cards
[2026-08-06T01:34:24.012Z]   Created build voltron: 100 cards
[2026-08-06T01:34:26.281Z]   Created build aggro: 100 cards
[2026-08-06T01:34:26.282Z] [258/500] Bruvac the Grandiloquent
[2026-08-06T01:34:26.282Z]   Processing Bruvac the Grandiloquent (7464 decks)
[2026-08-06T01:34:26.428Z]   Found 4 themes: mill, persistent-petitioners, combo, control
[2026-08-06T01:34:28.318Z]   Created build mill: 100 cards
[2026-08-06T01:34:30.049Z]   Created build persistent-petitioners: 100 cards
[2026-08-06T01:34:31.911Z]   Created build combo: 100 cards
[2026-08-06T01:34:33.824Z]   Created build control: 100 cards
[2026-08-06T01:34:33.824Z] [259/500] Nethroi, Apex of Death
[2026-08-06T01:34:33.824Z]   Processing Nethroi, Apex of Death (7463 decks)
[2026-08-06T01:34:33.970Z]   Found 9 themes: reanimator, mutate, mill, self-mill, graveyard, aristocrats, plus-1-plus-1-counters, combo, dredge
[2026-08-06T01:34:35.857Z]   Created build reanimator: 100 cards
[2026-08-06T01:34:37.786Z]   Created build mutate: 100 cards
[2026-08-06T01:34:39.704Z]   Created build mill: 100 cards
[2026-08-06T01:34:41.606Z]   Created build self-mill: 100 cards
[2026-08-06T01:34:43.501Z]   Created build graveyard: 100 cards
[2026-08-06T01:34:45.361Z]   Created build aristocrats: 100 cards
[2026-08-06T01:34:47.303Z]   Created build plus-1-plus-1-counters: 100 cards
[2026-08-06T01:34:49.193Z]   Created build combo: 100 cards
[2026-08-06T01:34:51.153Z]   Created build dredge: 100 cards
[2026-08-06T01:34:51.153Z] [260/500] Lathiel, the Bounteous Dawn
[2026-08-06T01:34:51.153Z]   Processing Lathiel, the Bounteous Dawn (7459 decks)
[2026-08-06T01:34:51.296Z]   Found 3 themes: lifegain, plus-1-plus-1-counters, unicorns
[2026-08-06T01:34:53.211Z]   Created build lifegain: 100 cards
[2026-08-06T01:34:55.508Z]   Created build plus-1-plus-1-counters: 100 cards
[2026-08-06T01:34:57.412Z]   Created build unicorns: 100 cards
[2026-08-06T01:34:57.412Z] [261/500] Commodore Guff
[2026-08-06T01:34:57.412Z]   Processing Commodore Guff (7449 decks)
[2026-08-06T01:34:57.558Z]   Found 2 themes: planeswalkers, control
[2026-08-06T01:34:59.409Z]   Created build planeswalkers: 100 cards
[2026-08-06T01:35:01.301Z]   Created build control: 100 cards
[2026-08-06T01:35:01.301Z] [262/500] Kardur, Doomscourge
[2026-08-06T01:35:01.301Z]   Processing Kardur, Doomscourge (7377 decks)
[2026-08-06T01:35:01.444Z]   Found 3 themes: forced-combat, group-slug, aristocrats
[2026-08-06T01:35:03.319Z]   Created build forced-combat: 100 cards
[2026-08-06T01:35:05.199Z]   Created build group-slug: 100 cards
[2026-08-06T01:35:07.087Z]   Created build aristocrats: 100 cards
[2026-08-06T01:35:07.087Z] [263/500] Lynde, Cheerful Tormentor
[2026-08-06T01:35:07.087Z]   Processing Lynde, Cheerful Tormentor (7365 decks)
[2026-08-06T01:35:07.230Z]   Found 3 themes: curses, enchantress, auras
[2026-08-06T01:35:09.126Z]   Created build curses: 100 cards
[2026-08-06T01:35:11.290Z]   Created build enchantress: 100 cards
[2026-08-06T01:35:13.302Z]   Created build auras: 100 cards
[2026-08-06T01:35:13.302Z] [264/500] Ezuri, Claw of Progress
[2026-08-06T01:35:13.302Z]   Processing Ezuri, Claw of Progress (7357 decks)
[2026-08-06T01:35:13.458Z]   Found 2 themes: plus-1-plus-1-counters, infect
[2026-08-06T01:35:15.365Z]   Created build plus-1-plus-1-counters: 100 cards
[2026-08-06T01:35:17.435Z]   Created build infect: 100 cards
[2026-08-06T01:35:17.435Z] [265/500] Vnwxt, Verbose Host
[2026-08-06T01:35:17.435Z]   Processing Vnwxt, Verbose Host (7336 decks)
[2026-08-06T01:35:17.575Z]   Found 4 themes: card-draw, wheels, mill, control
[2026-08-06T01:35:19.481Z]   Created build card-draw: 100 cards
[2026-08-06T01:35:21.380Z]   Created build wheels: 100 cards
[2026-08-06T01:35:23.281Z]   Created build mill: 100 cards
[2026-08-06T01:35:25.203Z]   Created build control: 100 cards
[2026-08-06T01:35:25.203Z] [266/500] Squall, SeeD Mercenary
[2026-08-06T01:35:25.203Z]   Processing Squall, SeeD Mercenary (7315 decks)
[2026-08-06T01:35:25.348Z]   Found 4 themes: reanimator, voltron, equipment, aristocrats
[2026-08-06T01:35:26.643Z]   Created build reanimator: 100 cards
[2026-08-06T01:35:27.539Z]   Created build voltron: 100 cards
[2026-08-06T01:35:29.435Z]   Created build equipment: 100 cards
[2026-08-06T01:35:31.296Z]   Created build aristocrats: 100 cards
[2026-08-06T01:35:31.296Z] [267/500] Ozai, the Phoenix King
[2026-08-06T01:35:31.296Z]   Processing Ozai, the Phoenix King (7260 decks)
[2026-08-06T01:35:31.440Z]   Found 6 themes: aggro, extra-combats, firebending, x-spells, burn, big-mana
[2026-08-06T01:35:33.353Z]   Created build aggro: 100 cards
[2026-08-06T01:35:35.251Z]   Created build extra-combats: 100 cards
[2026-08-06T01:35:37.165Z]   Created build firebending: 100 cards
[2026-08-06T01:35:39.031Z]   Created build x-spells: 100 cards
[2026-08-06T01:35:40.951Z]   Created build burn: 100 cards
[2026-08-06T01:35:42.889Z]   Created build big-mana: 100 cards
[2026-08-06T01:35:42.889Z] [268/500] Thantis, the Warweaver
[2026-08-06T01:35:42.889Z]   Processing Thantis, the Warweaver (7218 decks)
[2026-08-06T01:35:43.031Z]   Found 4 themes: forced-combat, aggro, spiders, group-slug
[2026-08-06T01:35:44.929Z]   Created build forced-combat: 100 cards
[2026-08-06T01:35:46.793Z]   Created build aggro: 100 cards
[2026-08-06T01:35:48.849Z]   Created build spiders: 100 cards
[2026-08-06T01:35:50.747Z]   Created build group-slug: 100 cards
[2026-08-06T01:35:50.747Z] [269/500] Grolnok, the Omnivore
[2026-08-06T01:35:50.747Z]   Processing Grolnok, the Omnivore (7217 decks)
[2026-08-06T01:35:50.891Z]   Found 5 themes: frogs, mill, self-mill, plus-1-plus-1-counters, combo
[2026-08-06T01:35:52.788Z]   Created build frogs: 100 cards
[2026-08-06T01:35:54.699Z]   Created build mill: 100 cards
[2026-08-06T01:35:56.699Z]   Created build self-mill: 100 cards
[2026-08-06T01:35:58.576Z]   Created build plus-1-plus-1-counters: 100 cards
[2026-08-06T01:36:00.505Z]   Created build combo: 100 cards
[2026-08-06T01:36:00.505Z] [270/500] Sigarda, Font of Blessings
[2026-08-06T01:36:00.506Z]   Processing Sigarda, Font of Blessings (7211 decks)
[2026-08-06T01:36:00.648Z]   Found 5 themes: angels, plus-1-plus-1-counters, humans, lifegain, flying
[2026-08-06T01:36:02.503Z]   Created build angels: 100 cards
[2026-08-06T01:36:04.387Z]   Created build plus-1-plus-1-counters: 100 cards
[2026-08-06T01:36:06.303Z]   Created build humans: 100 cards
[2026-08-06T01:36:08.217Z]   Created build lifegain: 100 cards
[2026-08-06T01:36:10.061Z]   Created build flying: 100 cards
[2026-08-06T01:36:10.061Z] [271/500] Ultima, Origin of Oblivion
[2026-08-06T01:36:10.061Z]   Processing Ultima, Origin of Oblivion (7210 decks)
[2026-08-06T01:36:10.205Z]   Found 3 themes: artifacts, eldrazi, ramp
[2026-08-06T01:36:12.123Z]   Created build artifacts: 100 cards
[2026-08-06T01:36:14.032Z]   Created build eldrazi: 100 cards
[2026-08-06T01:36:15.911Z]   Created build ramp: 100 cards
[2026-08-06T01:36:15.911Z] [272/500] Azusa, Lost but Seeking
[2026-08-06T01:36:15.911Z]   Processing Azusa, Lost but Seeking (7182 decks)
[2026-08-06T01:36:16.056Z]   Found 3 themes: lands-matter, ramp, landfall
[2026-08-06T01:36:17.975Z]   Created build lands-matter: 100 cards
[2026-08-06T01:36:19.885Z]   Created build ramp: 100 cards
[2026-08-06T01:36:21.827Z]   Created build landfall: 100 cards
[2026-08-06T01:36:21.827Z] [273/500] The Lord of Pain
[2026-08-06T01:36:21.827Z]   Processing The Lord of Pain (7180 decks)
[2026-08-06T01:36:21.966Z]   Found 3 themes: group-slug, burn, group-hug
[2026-08-06T01:36:23.853Z]   Created build group-slug: 100 cards
[2026-08-06T01:36:25.768Z]   Created build burn: 100 cards
[2026-08-06T01:36:27.731Z]   Created build group-hug: 100 cards
[2026-08-06T01:36:27.731Z] [274/500] Millicent, Restless Revenant
[2026-08-06T01:36:27.731Z]   Processing Millicent, Restless Revenant (7161 decks)
[2026-08-06T01:36:27.878Z]   Found 4 themes: spirits, tokens, flying, aggro
[2026-08-06T01:36:30.159Z]   Created build spirits: 100 cards
[2026-08-06T01:36:32.038Z]   Created build tokens: 100 cards
[2026-08-06T01:36:33.933Z]   Created build flying: 100 cards
[2026-08-06T01:36:36.143Z]   Created build aggro: 100 cards
[2026-08-06T01:36:36.143Z] [275/500] Pramikon, Sky Rampart
[2026-08-06T01:36:36.143Z]   Processing Pramikon, Sky Rampart (7160 decks)
[2026-08-06T01:36:36.286Z]   Found 6 themes: toughness-matters, pillow-fort, planeswalkers, defenders, control, forced-combat
[2026-08-06T01:36:38.208Z]   Created build toughness-matters: 100 cards
[2026-08-06T01:36:40.095Z]   Created build pillow-fort: 100 cards
[2026-08-06T01:36:42.001Z]   Created build planeswalkers: 100 cards
[2026-08-06T01:36:43.883Z]   Created build defenders: 100 cards
[2026-08-06T01:36:45.785Z]   Created build control: 100 cards
[2026-08-06T01:36:47.699Z]   Created build forced-combat: 100 cards
[2026-08-06T01:36:47.699Z] [276/500] Kiora, Sovereign of the Deep
[2026-08-06T01:36:47.699Z]   Processing Kiora, Sovereign of the Deep (7156 decks)
[2026-08-06T01:36:47.842Z]   Found 3 themes: sea-creatures, ramp, cascade
[2026-08-06T01:36:49.719Z]   Created build sea-creatures: 100 cards
[2026-08-06T01:36:51.574Z]   Created build ramp: 100 cards
[2026-08-06T01:36:53.449Z]   Created build cascade: 100 cards
[2026-08-06T01:36:53.449Z] [277/500] Bilbo, Birthday Celebrant
[2026-08-06T01:36:53.449Z]   Processing Bilbo, Birthday Celebrant (7132 decks)
[2026-08-06T01:36:53.604Z]   Found 2 themes: lifegain, tokens
[2026-08-06T01:36:55.535Z]   Created build lifegain: 100 cards
[2026-08-06T01:36:57.412Z]   Created build tokens: 100 cards
[2026-08-06T01:36:57.412Z] [278/500] Tifa, Martial Artist
[2026-08-06T01:36:57.412Z]   Processing Tifa, Martial Artist (7125 decks)
[2026-08-06T01:36:57.555Z]   Found 4 themes: extra-combats, aggro, equipment, plus-1-plus-1-counters
[2026-08-06T01:36:59.750Z]   Created build extra-combats: 100 cards
[2026-08-06T01:37:01.630Z]   Created build aggro: 100 cards
[2026-08-06T01:37:03.523Z]   Created build equipment: 100 cards
[2026-08-06T01:37:05.385Z]   Created build plus-1-plus-1-counters: 100 cards
[2026-08-06T01:37:05.385Z] [279/500] Astarion, the Decadent
[2026-08-06T01:37:05.385Z]   Processing Astarion, the Decadent (7114 decks)
[2026-08-06T01:37:05.523Z]   Found 4 themes: lifegain, vampires, lifedrain, combo
[2026-08-06T01:37:07.455Z]   Created build lifegain: 100 cards
[2026-08-06T01:37:09.308Z]   Created build vampires: 100 cards
[2026-08-06T01:37:11.206Z]   Created build lifedrain: 100 cards
[2026-08-06T01:37:13.121Z]   Created build combo: 100 cards
[2026-08-06T01:37:13.121Z] [280/500] Chishiro, the Shattered Blade
[2026-08-06T01:37:13.121Z]   Processing Chishiro, the Shattered Blade (7097 decks)
[2026-08-06T01:37:13.266Z]   Found 8 themes: plus-1-plus-1-counters, equipment, auras, tokens, aggro, enchantress, voltron, modified-creatures
[2026-08-06T01:37:15.143Z]   Created build plus-1-plus-1-counters: 100 cards
[2026-08-06T01:37:17.057Z]   Created build equipment: 100 cards
[2026-08-06T01:37:18.956Z]   Created build auras: 100 cards
[2026-08-06T01:37:20.870Z]   Created build tokens: 100 cards
[2026-08-06T01:37:22.818Z]   Created build aggro: 100 cards
[2026-08-06T01:37:24.729Z]   Created build enchantress: 100 cards
[2026-08-06T01:37:26.604Z]   Created build voltron: 100 cards
[2026-08-06T01:37:28.550Z]   Created build modified-creatures: 100 cards
[2026-08-06T01:37:28.550Z] [281/500] The Beamtown Bullies
[2026-08-06T01:37:28.550Z]   Processing The Beamtown Bullies (7072 decks)
[2026-08-06T01:37:28.706Z]   Found 5 themes: reanimator, forced-combat, donate, self-mill, graveyard
[2026-08-06T01:37:30.575Z]   Created build reanimator: 100 cards
[2026-08-06T01:37:32.649Z]   Created build forced-combat: 100 cards
[2026-08-06T01:37:34.547Z]   Created build donate: 100 cards
[2026-08-06T01:37:36.446Z]   Created build self-mill: 100 cards
[2026-08-06T01:37:38.343Z]   Created build graveyard: 100 cards
[2026-08-06T01:37:38.343Z] [282/500] Anowon, the Ruin Thief
[2026-08-06T01:37:38.343Z]   Processing Anowon, the Ruin Thief (7070 decks)
[2026-08-06T01:37:38.489Z]   Found 5 themes: rogues, mill, theft, aggro, unblockable
[2026-08-06T01:37:40.365Z]   Created build rogues: 100 cards
[2026-08-06T01:37:42.275Z]   Created build mill: 100 cards
[2026-08-06T01:37:44.149Z]   Created build theft: 100 cards
[2026-08-06T01:37:46.028Z]   Created build aggro: 100 cards
[2026-08-06T01:37:47.939Z]   Created build unblockable: 100 cards
[2026-08-06T01:37:47.939Z] [283/500] Maarika, Brutal Gladiator
[2026-08-06T01:37:47.939Z]   Processing Maarika, Brutal Gladiator (7068 decks)
[2026-08-06T01:37:48.083Z]   Found 4 themes: fight, aggro, voltron, equipment
[2026-08-06T01:37:49.999Z]   Created build fight: 100 cards
[2026-08-06T01:37:51.904Z]   Created build aggro: 100 cards
[2026-08-06T01:37:53.806Z]   Created build voltron: 100 cards
[2026-08-06T01:37:55.711Z]   Created build equipment: 100 cards
[2026-08-06T01:37:55.711Z] [284/500] Slinza, the Spiked Stampede
[2026-08-06T01:37:55.711Z]   Processing Slinza, the Spiked Stampede (7047 decks)
[2026-08-06T01:37:55.857Z]   Found 4 themes: beasts, plus-1-plus-1-counters, aggro, fight
[2026-08-06T01:37:57.743Z]   Created build beasts: 100 cards
[2026-08-06T01:37:59.641Z]   Created build plus-1-plus-1-counters: 100 cards
[2026-08-06T01:38:01.555Z]   Created build aggro: 100 cards
[2026-08-06T01:38:04.093Z]   Created build fight: 100 cards
[2026-08-06T01:38:04.093Z] [285/500] Laughing Jasper Flint
[2026-08-06T01:38:04.093Z]   Processing Laughing Jasper Flint (7029 decks)
[2026-08-06T01:38:04.239Z]   Found 4 themes: treasure, theft, outlaws, exile
[2026-08-06T01:38:06.150Z]   Created build treasure: 100 cards
[2026-08-06T01:38:08.043Z]   Created build theft: 100 cards
[2026-08-06T01:38:09.923Z]   Created build outlaws: 100 cards
[2026-08-06T01:38:11.837Z]   Created build exile: 100 cards
[2026-08-06T01:38:11.837Z] [286/500] Maha, Its Feathers Night
[2026-08-06T01:38:11.837Z]   Processing Maha, Its Feathers Night (7014 decks)
[2026-08-06T01:38:11.980Z]   Found 2 themes: minus-1-minus-1-counters, control
[2026-08-06T01:38:13.906Z]   Created build minus-1-minus-1-counters: 100 cards
[2026-08-06T01:38:15.817Z]   Created build control: 100 cards
[2026-08-06T01:38:15.817Z] [287/500] Ayara, First of Locthwain
[2026-08-06T01:38:15.817Z]   Processing Ayara, First of Locthwain (7012 decks)
[2026-08-06T01:38:15.957Z]   Found 8 themes: aristocrats, lifegain, tokens, devotion, combo, lifedrain, sacrifice, reanimator
[2026-08-06T01:38:17.965Z]   Created build aristocrats: 100 cards
[2026-08-06T01:38:19.853Z]   Created build lifegain: 100 cards
[2026-08-06T01:38:21.785Z]   Created build tokens: 100 cards
[2026-08-06T01:38:23.669Z]   Created build devotion: 100 cards
[2026-08-06T01:38:25.559Z]   Created build combo: 100 cards
[2026-08-06T01:38:27.459Z]   Created build lifedrain: 100 cards
[2026-08-06T01:38:29.357Z]   Created build sacrifice: 100 cards
[2026-08-06T01:38:31.285Z]   Created build reanimator: 100 cards
[2026-08-06T01:38:31.285Z] [288/500] Winter, Cynical Opportunist
[2026-08-06T01:38:31.285Z]   Processing Winter, Cynical Opportunist (7011 decks)
[2026-08-06T01:38:31.427Z]   Found 5 themes: mill, reanimator, self-mill, graveyard, delirium
[2026-08-06T01:38:33.310Z]   Created build mill: 100 cards
[2026-08-06T01:38:35.251Z]   Created build reanimator: 100 cards
[2026-08-06T01:38:37.531Z]   Created build self-mill: 100 cards
[2026-08-06T01:38:39.763Z]   Created build graveyard: 100 cards
[2026-08-06T01:38:41.648Z]   Created build delirium: 100 cards
[2026-08-06T01:38:41.648Z] [289/500] Yawgmoth, Thran Physician
[2026-08-06T01:38:41.648Z]   Processing Yawgmoth, Thran Physician (6981 decks)
[2026-08-06T01:38:41.789Z]   Found 7 themes: aristocrats, minus-1-minus-1-counters, combo, reanimator, infect, control, sacrifice
[2026-08-06T01:38:44.077Z]   Created build aristocrats: 100 cards
[2026-08-06T01:38:45.934Z]   Created build minus-1-minus-1-counters: 100 cards
[2026-08-06T01:38:47.815Z]   Created build combo: 100 cards
[2026-08-06T01:38:49.701Z]   Created build reanimator: 100 cards
[2026-08-06T01:38:51.597Z]   Created build infect: 100 cards
[2026-08-06T01:38:53.463Z]   Created build control: 100 cards
[2026-08-06T01:38:55.384Z]   Created build sacrifice: 100 cards
[2026-08-06T01:38:55.384Z] [290/500] Doctor Doom, King of Latveria
[2026-08-06T01:38:55.384Z]   Processing Doctor Doom, King of Latveria (6979 decks)
[2026-08-06T01:38:55.531Z]   Found 4 themes: discard, villains, connive, plus-1-plus-1-counters
[2026-08-06T01:38:57.398Z]   Created build discard: 100 cards
[2026-08-06T01:38:59.081Z]   Created build villains: 100 cards
[2026-08-06T01:39:00.969Z]   Created build connive: 100 cards
[2026-08-06T01:39:02.703Z]   Created build plus-1-plus-1-counters: 100 cards
[2026-08-06T01:39:02.703Z] [291/500] Jhoira, Weatherlight Captain
[2026-08-06T01:39:02.703Z]   Processing Jhoira, Weatherlight Captain (6971 decks)
[2026-08-06T01:39:02.849Z]   Found 6 themes: artifacts, storm, cheerios, combo, historic, cedh
[2026-08-06T01:39:04.779Z]   Created build artifacts: 100 cards
[2026-08-06T01:39:06.679Z]   Created build storm: 100 cards
[2026-08-06T01:39:08.551Z]   Created build cheerios: 100 cards
[2026-08-06T01:39:10.437Z]   Created build combo: 100 cards
[2026-08-06T01:39:12.368Z]   Created build historic: 100 cards
[2026-08-06T01:39:14.255Z]   Created build cedh: 100 cards
[2026-08-06T01:39:14.255Z] [292/500] The Mimeoplasm
[2026-08-06T01:39:14.255Z]   Processing The Mimeoplasm (6962 decks)
[2026-08-06T01:39:14.403Z]   Found 8 themes: mill, reanimator, plus-1-plus-1-counters, self-mill, graveyard, oozes, stompy, dredge
[2026-08-06T01:39:16.273Z]   Created build mill: 100 cards
[2026-08-06T01:39:18.188Z]   Created build reanimator: 100 cards
[2026-08-06T01:39:20.063Z]   Created build plus-1-plus-1-counters: 100 cards
[2026-08-06T01:39:21.967Z]   Created build self-mill: 100 cards
[2026-08-06T01:39:23.851Z]   Created build graveyard: 100 cards
[2026-08-06T01:39:25.719Z]   Created build oozes: 100 cards
[2026-08-06T01:39:27.628Z]   Created build stompy: 100 cards
[2026-08-06T01:39:29.567Z]   Created build dredge: 100 cards
[2026-08-06T01:39:29.567Z] [293/500] Evereth, Viceroy of Plunder
[2026-08-06T01:39:29.567Z]   Processing Evereth, Viceroy of Plunder (6959 decks)
[2026-08-06T01:39:29.711Z]   Found 8 themes: treasure, aristocrats, plus-1-plus-1-counters, tokens, artifacts, sacrifice, voltron, burn
[2026-08-06T01:39:31.591Z]   Created build treasure: 100 cards
[2026-08-06T01:39:32.769Z]   Created build aristocrats: 100 cards
[2026-08-06T01:39:34.713Z]   Created build plus-1-plus-1-counters: 100 cards
[2026-08-06T01:39:36.611Z]   Created build tokens: 100 cards
[2026-08-06T01:39:38.557Z]   Created build artifacts: 100 cards
[2026-08-06T01:39:40.463Z]   Created build sacrifice: 100 cards
[2026-08-06T01:39:42.413Z]   Created build voltron: 100 cards
[2026-08-06T01:39:44.537Z]   Created build burn: 100 cards
[2026-08-06T01:39:44.537Z] [294/500] Prossh, Skyraider of Kher
[2026-08-06T01:39:44.537Z]   Processing Prossh, Skyraider of Kher (6904 decks)
[2026-08-06T01:39:44.687Z]   Found 4 themes: aristocrats, tokens, sacrifice, combo
[2026-08-06T01:39:46.651Z]   Created build aristocrats: 100 cards
[2026-08-06T01:39:48.653Z]   Created build tokens: 100 cards
[2026-08-06T01:39:50.539Z]   Created build sacrifice: 100 cards
[2026-08-06T01:39:52.441Z]   Created build combo: 100 cards
[2026-08-06T01:39:52.441Z] [295/500] Ayula, Queen Among Bears
[2026-08-06T01:39:52.441Z]   Processing Ayula, Queen Among Bears (6880 decks)
[2026-08-06T01:39:52.585Z]   Found 3 themes: bears, plus-1-plus-1-counters, aggro
[2026-08-06T01:39:54.409Z]   Created build bears: 100 cards
[2026-08-06T01:39:56.281Z]   Created build plus-1-plus-1-counters: 100 cards
[2026-08-06T01:39:58.193Z]   Created build aggro: 100 cards
[2026-08-06T01:39:58.193Z] [296/500] Zurgo, Thunder's Decree
[2026-08-06T01:39:58.193Z]   Processing Zurgo, Thunder's Decree (6875 decks)
[2026-08-06T01:39:58.332Z]   Found 3 themes: tokens, aggro, warriors
[2026-08-06T01:40:00.215Z]   Created build tokens: 100 cards
[2026-08-06T01:40:02.166Z]   Created build aggro: 100 cards
[2026-08-06T01:40:04.027Z]   Created build warriors: 100 cards
[2026-08-06T01:40:04.027Z] [297/500] Hinata, Dawn-Crowned
[2026-08-06T01:40:04.027Z]   Processing Hinata, Dawn-Crowned (6859 decks)
[2026-08-06T01:40:04.169Z]   Found 3 themes: spellslinger, x-spells, control
[2026-08-06T01:40:06.133Z]   Created build spellslinger: 100 cards
[2026-08-06T01:40:08.024Z]   Created build x-spells: 100 cards
[2026-08-06T01:40:09.909Z]   Created build control: 100 cards
[2026-08-06T01:40:09.909Z] [298/500] Kwain, Itinerant Meddler
[2026-08-06T01:40:09.909Z]   Processing Kwain, Itinerant Meddler (6839 decks)
[2026-08-06T01:40:10.047Z]   Found 6 themes: wheels, group-hug, card-draw, control, pillow-fort, combo
[2026-08-06T01:40:11.949Z]   Created build wheels: 100 cards
[2026-08-06T01:40:13.883Z]   Created build group-hug: 100 cards
[2026-08-06T01:40:15.789Z]   Created build card-draw: 100 cards
[2026-08-06T01:40:17.678Z]   Created build control: 100 cards
[2026-08-06T01:40:19.639Z]   Created build pillow-fort: 100 cards
[2026-08-06T01:40:21.617Z]   Created build combo: 100 cards
[2026-08-06T01:40:21.617Z] [299/500] Nahiri, Forged in Fury
[2026-08-06T01:40:21.617Z]   Processing Nahiri, Forged in Fury (6835 decks)
[2026-08-06T01:40:21.762Z]   Found 5 themes: equipment, aggro, artifacts, voltron, tokens
[2026-08-06T01:40:23.695Z]   Created build equipment: 100 cards
[2026-08-06T01:40:25.599Z]   Created build aggro: 100 cards
[2026-08-06T01:40:27.517Z]   Created build artifacts: 100 cards
[2026-08-06T01:40:29.395Z]   Created build voltron: 100 cards
[2026-08-06T01:40:31.281Z]   Created build tokens: 100 cards
[2026-08-06T01:40:31.281Z] [300/500] Ixhel, Scion of Atraxa
[2026-08-06T01:40:31.281Z]   Processing Ixhel, Scion of Atraxa (6818 decks)
[2026-08-06T01:40:31.421Z]   Found 3 themes: infect, phyrexians, proliferate
[2026-08-06T01:40:33.295Z]   Created build infect: 100 cards
[2026-08-06T01:40:35.193Z]   Created build phyrexians: 100 cards
[2026-08-06T01:40:37.061Z]   Created build proliferate: 100 cards
[2026-08-06T01:40:37.061Z] 
[2026-08-06T01:40:37.061Z] Progress: 300 processed, 1416 builds, 141600 cards
[2026-08-06T01:40:37.061Z] 
[2026-08-06T01:40:37.061Z] [301/500] Aminatou, the Fateshifter
[2026-08-06T01:40:37.061Z]   Processing Aminatou, the Fateshifter (6807 decks)
[2026-08-06T01:40:37.203Z]   Found 5 themes: blink, control, combo, planeswalkers, topdeck
[2026-08-06T01:40:39.103Z]   Created build blink: 100 cards
[2026-08-06T01:40:40.982Z]   Created build control: 100 cards
[2026-08-06T01:40:42.887Z]   Created build combo: 100 cards
[2026-08-06T01:40:44.760Z]   Created build planeswalkers: 100 cards
[2026-08-06T01:40:46.713Z]   Created build topdeck: 100 cards
[2026-08-06T01:40:46.713Z] [302/500] Talrand, Sky Summoner
[2026-08-06T01:40:46.713Z]   Processing Talrand, Sky Summoner (6794 decks)
[2026-08-06T01:40:46.857Z]   Found 6 themes: spellslinger, tokens, control, cantrips, counterspells, flying
[2026-08-06T01:40:48.777Z]   Created build spellslinger: 100 cards
[2026-08-06T01:40:50.621Z]   Created build tokens: 100 cards
[2026-08-06T01:40:52.487Z]   Created build control: 100 cards
[2026-08-06T01:40:54.368Z]   Created build cantrips: 100 cards
[2026-08-06T01:40:56.251Z]   Created build counterspells: 100 cards
[2026-08-06T01:40:58.117Z]   Created build flying: 100 cards
[2026-08-06T01:40:58.117Z] [303/500] The Locust God
[2026-08-06T01:40:58.117Z]   Processing The Locust God (6787 decks)
[2026-08-06T01:40:58.258Z]   Found 6 themes: wheels, tokens, card-draw, combo, spellslinger, burn
[2026-08-06T01:41:00.153Z]   Created build wheels: 100 cards
[2026-08-06T01:41:02.027Z]   Created build tokens: 100 cards
[2026-08-06T01:41:03.925Z]   Created build card-draw: 100 cards
[2026-08-06T01:41:05.930Z]   Created build combo: 100 cards
[2026-08-06T01:41:07.878Z]   Created build spellslinger: 100 cards
[2026-08-06T01:41:09.735Z]   Created build burn: 100 cards
[2026-08-06T01:41:09.735Z] [304/500] Elenda, the Dusk Rose
[2026-08-06T01:41:09.735Z]   Processing Elenda, the Dusk Rose (6786 decks)
[2026-08-06T01:41:09.887Z]   Found 6 themes: aristocrats, vampires, lifegain, tokens, plus-1-plus-1-counters, sacrifice
[2026-08-06T01:41:11.865Z]   Created build aristocrats: 100 cards
[2026-08-06T01:41:13.871Z]   Created build vampires: 100 cards
[2026-08-06T01:41:15.827Z]   Created build lifegain: 100 cards
[2026-08-06T01:41:17.777Z]   Created build tokens: 100 cards
[2026-08-06T01:41:19.717Z]   Created build plus-1-plus-1-counters: 100 cards
[2026-08-06T01:41:21.641Z]   Created build sacrifice: 100 cards
[2026-08-06T01:41:21.641Z] [305/500] Ognis, the Dragon's Lash
[2026-08-06T01:41:21.641Z]   Processing Ognis, the Dragon's Lash (6765 decks)
[2026-08-06T01:41:21.802Z]   Found 5 themes: treasure, aggro, haste, tokens, artifacts
[2026-08-06T01:41:23.763Z]   Created build treasure: 100 cards
[2026-08-06T01:41:25.710Z]   Created build aggro: 100 cards
[2026-08-06T01:41:27.650Z]   Created build haste: 100 cards
[2026-08-06T01:41:29.607Z]   Created build tokens: 100 cards
[2026-08-06T01:41:31.523Z]   Created build artifacts: 100 cards
[2026-08-06T01:41:31.523Z] [306/500] Juri, Master of the Revue
[2026-08-06T01:41:31.523Z]   Processing Juri, Master of the Revue (6761 decks)
[2026-08-06T01:41:31.679Z]   Found 6 themes: treasure, sacrifice, aristocrats, plus-1-plus-1-counters, tokens, burn
[2026-08-06T01:41:33.599Z]   Created build treasure: 100 cards
[2026-08-06T01:41:35.539Z]   Created build sacrifice: 100 cards
[2026-08-06T01:41:37.503Z]   Created build aristocrats: 100 cards
[2026-08-06T01:41:39.401Z]   Created build plus-1-plus-1-counters: 100 cards
[2026-08-06T01:41:41.336Z]   Created build tokens: 100 cards
[2026-08-06T01:41:43.306Z]   Created build burn: 100 cards
[2026-08-06T01:41:43.307Z] [307/500] Zimone and Dina
[2026-08-06T01:41:43.307Z]   Processing Zimone and Dina (6755 decks)
[2026-08-06T01:41:43.463Z]   Found 9 themes: lands-matter, landfall, aristocrats, tokens, ramp, combo, card-draw, sacrifice, wheels
[2026-08-06T01:41:45.668Z]   Created build lands-matter: 100 cards
[2026-08-06T01:41:47.549Z]   Created build landfall: 100 cards
[2026-08-06T01:41:49.487Z]   Created build aristocrats: 100 cards
[2026-08-06T01:41:51.399Z]   Created build tokens: 100 cards
[2026-08-06T01:41:53.319Z]   Created build ramp: 100 cards
[2026-08-06T01:41:55.195Z]   Created build combo: 100 cards
[2026-08-06T01:41:57.117Z]   Created build card-draw: 100 cards
[2026-08-06T01:41:59.018Z]   Created build sacrifice: 100 cards
[2026-08-06T01:42:00.891Z]   Created build wheels: 100 cards
[2026-08-06T01:42:00.891Z] [308/500] Jasmine Boreal of the Seven
[2026-08-06T01:42:00.891Z]   Processing Jasmine Boreal of the Seven (6743 decks)
[2026-08-06T01:42:01.039Z]   Found 3 themes: power, vanilla, aggro
[2026-08-06T01:42:02.933Z]   Created build power: 100 cards
[2026-08-06T01:42:05.063Z]   Created build vanilla: 100 cards
[2026-08-06T01:42:06.937Z]   Created build aggro: 100 cards
[2026-08-06T01:42:06.937Z] [309/500] Ardbert, Warrior of Darkness
[2026-08-06T01:42:06.937Z]   Processing Ardbert, Warrior of Darkness (6726 decks)
[2026-08-06T01:42:07.079Z]   Found 4 themes: plus-1-plus-1-counters, legends, aggro, historic
[2026-08-06T01:42:08.945Z]   Created build plus-1-plus-1-counters: 100 cards
[2026-08-06T01:42:11.089Z]   Created build legends: 100 cards
[2026-08-06T01:42:13.312Z]   Created build aggro: 100 cards
[2026-08-06T01:42:15.246Z]   Created build historic: 100 cards
[2026-08-06T01:42:15.246Z] [310/500] Karumonix, the Rat King
[2026-08-06T01:42:15.246Z]   Processing Karumonix, the Rat King (6718 decks)
[2026-08-06T01:42:15.393Z]   Found 4 themes: rats, infect, rat-colony, relentless-rats
[2026-08-06T01:42:17.329Z]   Created build rats: 100 cards
[2026-08-06T01:42:19.223Z]   Created build infect: 100 cards
[2026-08-06T01:42:21.111Z]   Created build rat-colony: 100 cards
[2026-08-06T01:42:22.849Z]   Created build relentless-rats: 100 cards
[2026-08-06T01:42:22.849Z] [311/500] Imodane, the Pyrohammer
[2026-08-06T01:42:22.849Z]   Processing Imodane, the Pyrohammer (6714 decks)
[2026-08-06T01:42:22.992Z]   Found 2 themes: burn, spellslinger
[2026-08-06T01:42:24.917Z]   Created build burn: 100 cards
[2026-08-06T01:42:26.831Z]   Created build spellslinger: 100 cards
[2026-08-06T01:42:26.831Z] [312/500] Duskana, the Rage Mother
[2026-08-06T01:42:26.831Z]   Processing Duskana, the Rage Mother (6709 decks)
[2026-08-06T01:42:26.983Z]   Found 2 themes: bears, aggro
[2026-08-06T01:42:28.915Z]   Created build bears: 100 cards
[2026-08-06T01:42:30.817Z]   Created build aggro: 100 cards
[2026-08-06T01:42:30.817Z] [313/500] Marisi, Breaker of the Coil
[2026-08-06T01:42:30.817Z]   Processing Marisi, Breaker of the Coil (6702 decks)
[2026-08-06T01:42:30.955Z]   Found 3 themes: forced-combat, aggro, cats
[2026-08-06T01:42:32.815Z]   Created build forced-combat: 100 cards
[2026-08-06T01:42:34.727Z]   Created build aggro: 100 cards
[2026-08-06T01:42:36.647Z]   Created build cats: 100 cards
[2026-08-06T01:42:36.647Z] [314/500] Ivy, Gleeful Spellthief
[2026-08-06T01:42:36.647Z]   Processing Ivy, Gleeful Spellthief (6696 decks)
[2026-08-06T01:42:36.789Z]   Found 7 themes: auras, mutate, clones, enchantress, voltron, cantrips, spell-copy
[2026-08-06T01:42:38.679Z]   Created build auras: 100 cards
[2026-08-06T01:42:40.587Z]   Created build mutate: 100 cards
[2026-08-06T01:42:42.473Z]   Created build clones: 100 cards
[2026-08-06T01:42:44.381Z]   Created build enchantress: 100 cards
[2026-08-06T01:42:46.269Z]   Created build voltron: 100 cards
[2026-08-06T01:42:48.223Z]   Created build cantrips: 100 cards
[2026-08-06T01:42:50.134Z]   Created build spell-copy: 100 cards
[2026-08-06T01:42:50.134Z] [315/500] Don Andres, the Renegade
[2026-08-06T01:42:50.134Z]   Processing Don Andres, the Renegade (6678 decks)
[2026-08-06T01:42:50.278Z]   Found 4 themes: theft, treasure, pirates, exile
[2026-08-06T01:42:52.185Z]   Created build theft: 100 cards
[2026-08-06T01:42:54.083Z]   Created build treasure: 100 cards
[2026-08-06T01:42:56.387Z]   Created build pirates: 100 cards
[2026-08-06T01:42:58.273Z]   Created build exile: 100 cards
[2026-08-06T01:42:58.273Z] [316/500] Zethi, Arcane Blademaster
[2026-08-06T01:42:58.273Z]   Processing Zethi, Arcane Blademaster (6676 decks)
[2026-08-06T01:42:58.432Z]   Found 5 themes: spellslinger, control, cantrips, voltron, tokens
[2026-08-06T01:43:00.373Z]   Created build spellslinger: 100 cards
[2026-08-06T01:43:02.227Z]   Created build control: 100 cards
[2026-08-06T01:43:04.135Z]   Created build cantrips: 100 cards
[2026-08-06T01:43:06.001Z]   Created build voltron: 100 cards
[2026-08-06T01:43:07.885Z]   Created build tokens: 100 cards
[2026-08-06T01:43:07.885Z] [317/500] Ruric Thar, the Unbowed
[2026-08-06T01:43:07.885Z]   Processing Ruric Thar, the Unbowed (6651 decks)
[2026-08-06T01:43:08.027Z]   Found 4 themes: aggro, primal-surge, burn, stax
[2026-08-06T01:43:09.755Z]   Created build aggro: 100 cards
[2026-08-06T01:43:11.442Z]   Created build primal-surge: 100 cards
[2026-08-06T01:43:13.361Z]   Created build burn: 100 cards
[2026-08-06T01:43:15.255Z]   Created build stax: 100 cards
[2026-08-06T01:43:15.255Z] [318/500] Dr. Madison Li
[2026-08-06T01:43:15.255Z]   Processing Dr. Madison Li (6639 decks)
[2026-08-06T01:43:15.397Z]   Found 2 themes: energy, artifacts
[2026-08-06T01:43:17.357Z]   Created build energy: 100 cards
[2026-08-06T01:43:19.247Z]   Created build artifacts: 100 cards
[2026-08-06T01:43:19.247Z] [319/500] Brudiclad, Telchor Engineer
[2026-08-06T01:43:19.247Z]   Processing Brudiclad, Telchor Engineer (6634 decks)
[2026-08-06T01:43:19.389Z]   Found 4 themes: tokens, artifacts, clones, treasure
[2026-08-06T01:43:21.281Z]   Created build tokens: 100 cards
[2026-08-06T01:43:23.271Z]   Created build artifacts: 100 cards
[2026-08-06T01:43:25.167Z]   Created build clones: 100 cards
[2026-08-06T01:43:27.047Z]   Created build treasure: 100 cards
[2026-08-06T01:43:27.047Z] [320/500] Jenova, Ancient Calamity
[2026-08-06T01:43:27.047Z]   Processing Jenova, Ancient Calamity (6607 decks)
[2026-08-06T01:43:27.191Z]   Found 4 themes: plus-1-plus-1-counters, aristocrats, mutants, sacrifice
[2026-08-06T01:43:29.076Z]   Created build plus-1-plus-1-counters: 100 cards
[2026-08-06T01:43:30.992Z]   Created build aristocrats: 100 cards
[2026-08-06T01:43:32.880Z]   Created build mutants: 100 cards
[2026-08-06T01:43:34.754Z]   Created build sacrifice: 100 cards
[2026-08-06T01:43:34.755Z] [321/500] Narci, Fable Singer
[2026-08-06T01:43:34.755Z]   Processing Narci, Fable Singer (6590 decks)
[2026-08-06T01:43:34.894Z]   Found 2 themes: sagas, enchantress
[2026-08-06T01:43:36.813Z]   Created build sagas: 100 cards
[2026-08-06T01:43:38.681Z]   Created build enchantress: 100 cards
[2026-08-06T01:43:38.681Z] [322/500] Karador, Ghost Chieftain
[2026-08-06T01:43:38.681Z]   Processing Karador, Ghost Chieftain (6564 decks)
[2026-08-06T01:43:38.821Z]   Found 10 themes: reanimator, graveyard, birthing-pod, dredge, aristocrats, combo, mill, self-mill, toolbox, midrange
[2026-08-06T01:43:40.706Z]   Created build reanimator: 100 cards
[2026-08-06T01:43:42.597Z]   Created build graveyard: 100 cards
[2026-08-06T01:43:44.467Z]   Created build birthing-pod: 100 cards
[2026-08-06T01:43:46.186Z]   Created build dredge: 100 cards
[2026-08-06T01:43:48.101Z]   Created build aristocrats: 100 cards
[2026-08-06T01:43:50.247Z]   Created build combo: 100 cards
[2026-08-06T01:43:52.096Z]   Created build mill: 100 cards
[2026-08-06T01:43:53.965Z]   Created build self-mill: 100 cards
[2026-08-06T01:43:55.645Z]   Created build toolbox: 100 cards
[2026-08-06T01:43:57.336Z]   Created build midrange: 100 cards
[2026-08-06T01:43:57.337Z] [323/500] Magar of the Magic Strings
[2026-08-06T01:43:57.337Z]   Processing Magar of the Magic Strings (6561 decks)
[2026-08-06T01:43:57.479Z]   Found 4 themes: spellslinger, treasure, reanimator, discard
[2026-08-06T01:43:59.339Z]   Created build spellslinger: 100 cards
[2026-08-06T01:44:01.241Z]   Created build treasure: 100 cards
[2026-08-06T01:44:03.137Z]   Created build reanimator: 100 cards
[2026-08-06T01:44:05.047Z]   Created build discard: 100 cards
[2026-08-06T01:44:05.047Z] [324/500] Abaddon the Despoiler
[2026-08-06T01:44:05.047Z]   Processing Abaddon the Despoiler (6541 decks)
[2026-08-06T01:44:05.187Z]   Found 4 themes: cascade, chaos, burn, spellslinger
[2026-08-06T01:44:07.111Z]   Created build cascade: 100 cards
[2026-08-06T01:44:09.053Z]   Created build chaos: 100 cards
[2026-08-06T01:44:10.934Z]   Created build burn: 100 cards
[2026-08-06T01:44:12.888Z]   Created build spellslinger: 100 cards
[2026-08-06T01:44:12.888Z] [325/500] Marchesa, Dealer of Death
[2026-08-06T01:44:12.888Z]   Processing Marchesa, Dealer of Death (6537 decks)
[2026-08-06T01:44:13.030Z]   Found 4 themes: control, reanimator, spellslinger, crime
[2026-08-06T01:44:14.954Z]   Created build control: 100 cards
[2026-08-06T01:44:16.831Z]   Created build reanimator: 100 cards
[2026-08-06T01:44:18.779Z]   Created build spellslinger: 100 cards
[2026-08-06T01:44:20.700Z]   Created build crime: 100 cards
[2026-08-06T01:44:20.700Z] [326/500] Wayta, Trainer Prodigy
[2026-08-06T01:44:20.700Z]   Processing Wayta, Trainer Prodigy (6534 decks)
[2026-08-06T01:44:20.845Z]   Found 5 themes: dinosaurs, enrage, fight, burn, combo
[2026-08-06T01:44:22.723Z]   Created build dinosaurs: 100 cards
[2026-08-06T01:44:24.606Z]   Created build enrage: 100 cards
[2026-08-06T01:44:26.566Z]   Created build fight: 100 cards
[2026-08-06T01:44:28.443Z]   Created build burn: 100 cards
[2026-08-06T01:44:30.351Z]   Created build combo: 100 cards
[2026-08-06T01:44:30.351Z] [327/500] Mr. Foxglove
[2026-08-06T01:44:30.351Z]   Processing Mr. Foxglove (6533 decks)
[2026-08-06T01:44:30.495Z]   Found 2 themes: wheels, card-draw
[2026-08-06T01:44:32.400Z]   Created build wheels: 100 cards
[2026-08-06T01:44:34.311Z]   Created build card-draw: 100 cards
[2026-08-06T01:44:34.311Z] [328/500] Greasefang, Okiba Boss
[2026-08-06T01:44:34.311Z]   Processing Greasefang, Okiba Boss (6502 decks)
[2026-08-06T01:44:34.467Z]   Found 6 themes: vehicles, reanimator, artifacts, discard, aggro, graveyard
[2026-08-06T01:44:36.362Z]   Created build vehicles: 100 cards
[2026-08-06T01:44:38.260Z]   Created build reanimator: 100 cards
[2026-08-06T01:44:40.165Z]   Created build artifacts: 100 cards
[2026-08-06T01:44:42.026Z]   Created build discard: 100 cards
[2026-08-06T01:44:44.058Z]   Created build aggro: 100 cards
[2026-08-06T01:44:45.926Z]   Created build graveyard: 100 cards
[2026-08-06T01:44:45.926Z] [329/500] Zur, Eternal Schemer
[2026-08-06T01:44:45.926Z]   Processing Zur, Eternal Schemer (6502 decks)
[2026-08-06T01:44:46.067Z]   Found 2 themes: enchantress, lifegain
[2026-08-06T01:44:48.037Z]   Created build enchantress: 100 cards
[2026-08-06T01:44:49.900Z]   Created build lifegain: 100 cards
[2026-08-06T01:44:49.900Z] [330/500] Emry, Lurker of the Loch
[2026-08-06T01:44:49.901Z]   Processing Emry, Lurker of the Loch (6501 decks)
[2026-08-06T01:44:50.041Z]   Found 5 themes: artifacts, combo, mill, storm, affinity
[2026-08-06T01:44:51.928Z]   Created build artifacts: 100 cards
[2026-08-06T01:44:53.834Z]   Created build combo: 100 cards
[2026-08-06T01:44:55.761Z]   Created build mill: 100 cards
[2026-08-06T01:44:57.701Z]   Created build storm: 100 cards
[2026-08-06T01:44:59.602Z]   Created build affinity: 100 cards
[2026-08-06T01:44:59.602Z] [331/500] Kambal, Profiteering Mayor
[2026-08-06T01:44:59.602Z]   Processing Kambal, Profiteering Mayor (6482 decks)
[2026-08-06T01:44:59.745Z]   Found 4 themes: tokens, aristocrats, lifegain, lifedrain
[2026-08-06T01:45:02.034Z]   Created build tokens: 100 cards
[2026-08-06T01:45:04.141Z]   Created build aristocrats: 100 cards
[2026-08-06T01:45:06.026Z]   Created build lifegain: 100 cards
[2026-08-06T01:45:07.915Z]   Created build lifedrain: 100 cards
[2026-08-06T01:45:07.915Z] [332/500] Hei Bai, Forest Guardian
[2026-08-06T01:45:07.915Z]   Processing Hei Bai, Forest Guardian (6479 decks)
[2026-08-06T01:45:08.057Z]   Found 3 themes: enchantress, shrines, blink
[2026-08-06T01:45:10.366Z]   Created build enchantress: 100 cards
[2026-08-06T01:45:12.205Z]   Created build shrines: 100 cards
[2026-08-06T01:45:14.417Z]   Created build blink: 100 cards
[2026-08-06T01:45:14.417Z] [333/500] Delney, Streetwise Lookout
[2026-08-06T01:45:14.417Z]   Processing Delney, Streetwise Lookout (6473 decks)
[2026-08-06T01:45:14.561Z]   Found 4 themes: tokens, blink, cantrips, lifegain
[2026-08-06T01:45:16.310Z]   Created build tokens: 100 cards
[2026-08-06T01:45:18.073Z]   Created build blink: 100 cards
[2026-08-06T01:45:20.221Z]   Created build cantrips: 100 cards
[2026-08-06T01:45:22.022Z]   Created build lifegain: 100 cards
[2026-08-06T01:45:22.023Z] [334/500] Karametra, God of Harvests
[2026-08-06T01:45:22.023Z]   Processing Karametra, God of Harvests (6459 decks)
[2026-08-06T01:45:22.162Z]   Found 5 themes: landfall, lands-matter, ramp, tokens, enchantress
[2026-08-06T01:45:24.461Z]   Created build landfall: 100 cards
[2026-08-06T01:45:26.378Z]   Created build lands-matter: 100 cards
[2026-08-06T01:45:28.244Z]   Created build ramp: 100 cards
[2026-08-06T01:45:30.135Z]   Created build tokens: 100 cards
[2026-08-06T01:45:31.956Z]   Created build enchantress: 100 cards
[2026-08-06T01:45:31.956Z] [335/500] Tasigur, the Golden Fang
[2026-08-06T01:45:31.957Z]   Processing Tasigur, the Golden Fang (6452 decks)
[2026-08-06T01:45:32.097Z]   Found 8 themes: birthing-pod, combo, control, mill, cedh, reanimator, midrange, self-mill
[2026-08-06T01:45:33.980Z]   Created build birthing-pod: 100 cards
[2026-08-06T01:45:35.882Z]   Created build combo: 100 cards
[2026-08-06T01:45:37.767Z]   Created build control: 100 cards
[2026-08-06T01:45:39.641Z]   Created build mill: 100 cards
[2026-08-06T01:45:40.803Z]   Created build cedh: 100 cards
[2026-08-06T01:45:42.721Z]   Created build reanimator: 100 cards
[2026-08-06T01:45:44.588Z]   Created build midrange: 100 cards
[2026-08-06T01:45:46.485Z]   Created build self-mill: 100 cards
[2026-08-06T01:45:46.485Z] [336/500] Nelly Borca, Impulsive Accuser
[2026-08-06T01:45:46.485Z]   Processing Nelly Borca, Impulsive Accuser (6395 decks)
[2026-08-06T01:45:46.629Z]   Found 4 themes: forced-combat, pillow-fort, aikido, control
[2026-08-06T01:45:48.603Z]   Created build forced-combat: 100 cards
[2026-08-06T01:45:50.569Z]   Created build pillow-fort: 100 cards
[2026-08-06T01:45:52.441Z]   Created build aikido: 100 cards
[2026-08-06T01:45:54.374Z]   Created build control: 100 cards
[2026-08-06T01:45:54.374Z] [337/500] Riku of Many Paths
[2026-08-06T01:45:54.374Z]   Processing Riku of Many Paths (6376 decks)
[2026-08-06T01:45:54.519Z]   Found 2 themes: spellslinger, tokens
[2026-08-06T01:45:56.419Z]   Created build spellslinger: 100 cards
[2026-08-06T01:45:58.319Z]   Created build tokens: 100 cards
[2026-08-06T01:45:58.319Z] [338/500] Eshki Dragonclaw
[2026-08-06T01:45:58.319Z]   Processing Eshki Dragonclaw (6314 decks)
[2026-08-06T01:45:58.463Z]   Found 6 themes: plus-1-plus-1-counters, voltron, spellslinger, aggro, adventures, extra-combats
[2026-08-06T01:46:00.368Z]   Created build plus-1-plus-1-counters: 100 cards
[2026-08-06T01:46:02.252Z]   Created build voltron: 100 cards
[2026-08-06T01:46:04.156Z]   Created build spellslinger: 100 cards
[2026-08-06T01:46:06.309Z]   Created build aggro: 100 cards
[2026-08-06T01:46:08.220Z]   Created build adventures: 100 cards
[2026-08-06T01:46:10.115Z]   Created build extra-combats: 100 cards
[2026-08-06T01:46:10.115Z] [339/500] Slimefoot, the Stowaway
[2026-08-06T01:46:10.115Z]   Processing Slimefoot, the Stowaway (6294 decks)
[2026-08-06T01:46:10.259Z]   Found 6 themes: saprolings, tokens, aristocrats, fungi, sacrifice, combo
[2026-08-06T01:46:12.174Z]   Created build saprolings: 100 cards
[2026-08-06T01:46:14.040Z]   Created build tokens: 100 cards
[2026-08-06T01:46:15.918Z]   Created build aristocrats: 100 cards
[2026-08-06T01:46:17.832Z]   Created build fungi: 100 cards
[2026-08-06T01:46:19.718Z]   Created build sacrifice: 100 cards
[2026-08-06T01:46:21.624Z]   Created build combo: 100 cards
[2026-08-06T01:46:21.624Z] [340/500] Minn, Wily Illusionist
[2026-08-06T01:46:21.624Z]   Processing Minn, Wily Illusionist (6285 decks)
[2026-08-06T01:46:21.767Z]   Found 5 themes: wheels, illusions, card-draw, tokens, cantrips
[2026-08-06T01:46:23.666Z]   Created build wheels: 100 cards
[2026-08-06T01:46:25.570Z]   Created build illusions: 100 cards
[2026-08-06T01:46:27.461Z]   Created build card-draw: 100 cards
[2026-08-06T01:46:29.366Z]   Created build tokens: 100 cards
[2026-08-06T01:46:31.248Z]   Created build cantrips: 100 cards
[2026-08-06T01:46:31.248Z] [341/500] Anhelo, the Painter
[2026-08-06T01:46:31.248Z]   Processing Anhelo, the Painter (6285 decks)
[2026-08-06T01:46:31.393Z]   Found 5 themes: spellslinger, spell-copy, tokens, aristocrats, treasure
[2026-08-06T01:46:33.262Z]   Created build spellslinger: 100 cards
[2026-08-06T01:46:35.184Z]   Created build spell-copy: 100 cards
[2026-08-06T01:46:37.066Z]   Created build tokens: 100 cards
[2026-08-06T01:46:38.973Z]   Created build aristocrats: 100 cards
[2026-08-06T01:46:40.912Z]   Created build treasure: 100 cards
[2026-08-06T01:46:40.912Z] [342/500] Aragorn, King of Gondor
[2026-08-06T01:46:40.912Z]   Processing Aragorn, King of Gondor (6274 decks)
[2026-08-06T01:46:41.055Z]   Found 4 themes: monarch, humans, aggro, tokens
[2026-08-06T01:46:42.950Z]   Created build monarch: 100 cards
[2026-08-06T01:46:44.857Z]   Created build humans: 100 cards
[2026-08-06T01:46:46.786Z]   Created build aggro: 100 cards
[2026-08-06T01:46:48.685Z]   Created build tokens: 100 cards
[2026-08-06T01:46:48.685Z] [343/500] Karn, Legacy Reforged
[2026-08-06T01:46:48.685Z]   Processing Karn, Legacy Reforged (6269 decks)
[2026-08-06T01:46:48.831Z]   Found 2 themes: artifacts, combo
[2026-08-06T01:46:50.745Z]   Created build artifacts: 100 cards
[2026-08-06T01:46:52.704Z]   Created build combo: 100 cards
[2026-08-06T01:46:52.704Z] [344/500] Aeve, Progenitor Ooze
[2026-08-06T01:46:52.704Z]   Processing Aeve, Progenitor Ooze (6260 decks)
[2026-08-06T01:46:52.852Z]   Found 5 themes: oozes, plus-1-plus-1-counters, storm, tokens, slime-against-humanity
[2026-08-06T01:46:54.637Z]   Created build oozes: 100 cards
[2026-08-06T01:46:56.545Z]   Created build plus-1-plus-1-counters: 100 cards
[2026-08-06T01:46:58.509Z]   Created build storm: 100 cards
[2026-08-06T01:47:00.761Z]   Created build tokens: 100 cards
[2026-08-06T01:47:02.443Z]   Created build slime-against-humanity: 100 cards
[2026-08-06T01:47:02.443Z] [345/500] Selvala, Heart of the Wilds
[2026-08-06T01:47:02.443Z]   Processing Selvala, Heart of the Wilds (6235 decks)
[2026-08-06T01:47:02.588Z]   Found 4 themes: ramp, combo, stompy, cedh
[2026-08-06T01:47:04.468Z]   Created build ramp: 100 cards
[2026-08-06T01:47:06.443Z]   Created build combo: 100 cards
[2026-08-06T01:47:08.327Z]   Created build stompy: 100 cards
[2026-08-06T01:47:10.159Z]   Created build cedh: 100 cards
[2026-08-06T01:47:10.159Z] [346/500] Narset, Enlightened Master
[2026-08-06T01:47:10.159Z]   Processing Narset, Enlightened Master (6231 decks)
[2026-08-06T01:47:10.299Z]   Found 6 themes: extra-turns, planeswalkers, extra-combats, voltron, spellslinger, combo
[2026-08-06T01:47:12.230Z]   Created build extra-turns: 100 cards
[2026-08-06T01:47:14.466Z]   Created build planeswalkers: 100 cards
[2026-08-06T01:47:16.349Z]   Created build extra-combats: 100 cards
[2026-08-06T01:47:18.646Z]   Created build voltron: 100 cards
[2026-08-06T01:47:21.138Z]   Created build spellslinger: 100 cards
[2026-08-06T01:47:23.021Z]   Created build combo: 100 cards
[2026-08-06T01:47:23.021Z] [347/500] Nine-Fingers Keene
[2026-08-06T01:47:23.021Z]   Processing Nine-Fingers Keene (6220 decks)
[2026-08-06T01:47:23.211Z]   Found 4 themes: lands-matter, guildgates, ramp, landfall
[2026-08-06T01:47:25.136Z]   Created build lands-matter: 100 cards
[2026-08-06T01:47:27.026Z]   Created build guildgates: 100 cards
[2026-08-06T01:47:28.951Z]   Created build ramp: 100 cards
[2026-08-06T01:47:30.917Z]   Created build landfall: 100 cards
[2026-08-06T01:47:30.917Z] [348/500] Camellia, the Seedmiser
[2026-08-06T01:47:30.917Z]   Processing Camellia, the Seedmiser (6201 decks)
[2026-08-06T01:47:31.059Z]   Found 6 themes: sacrifice, tokens, squirrels, food, plus-1-plus-1-counters, aristocrats
[2026-08-06T01:47:32.967Z]   Created build sacrifice: 100 cards
[2026-08-06T01:47:34.834Z]   Created build tokens: 100 cards
[2026-08-06T01:47:36.729Z]   Created build squirrels: 100 cards
[2026-08-06T01:47:38.605Z]   Created build food: 100 cards
[2026-08-06T01:47:40.539Z]   Created build plus-1-plus-1-counters: 100 cards
[2026-08-06T01:47:42.451Z]   Created build aristocrats: 100 cards
[2026-08-06T01:47:42.451Z] [349/500] Raph & Mikey, Troublemakers
[2026-08-06T01:47:42.451Z]   Processing Raph & Mikey, Troublemakers (6183 decks)
[2026-08-06T01:47:42.596Z]   Found 3 themes: aggro, extra-combats, ramp
[2026-08-06T01:47:44.478Z]   Created build aggro: 100 cards
[2026-08-06T01:47:46.341Z]   Created build extra-combats: 100 cards
[2026-08-06T01:47:48.801Z]   Created build ramp: 100 cards
[2026-08-06T01:47:48.801Z] [350/500] Felothar, Dawn of the Abzan
[2026-08-06T01:47:48.801Z]   Processing Felothar, Dawn of the Abzan (6161 decks)
[2026-08-06T01:47:48.958Z]   Found 5 themes: plus-1-plus-1-counters, tokens, aristocrats, aggro, sacrifice
[2026-08-06T01:47:50.851Z]   Created build plus-1-plus-1-counters: 100 cards
[2026-08-06T01:47:52.719Z]   Created build tokens: 100 cards
[2026-08-06T01:47:54.907Z]   Created build aristocrats: 100 cards
[2026-08-06T01:47:56.833Z]   Created build aggro: 100 cards
[2026-08-06T01:47:58.801Z]   Created build sacrifice: 100 cards
[2026-08-06T01:47:58.801Z] 
[2026-08-06T01:47:58.801Z] Progress: 350 processed, 1642 builds, 164200 cards
[2026-08-06T01:47:58.801Z] 
[2026-08-06T01:47:58.801Z] [351/500] Ratadrabik of Urborg
[2026-08-06T01:47:58.801Z]   Processing Ratadrabik of Urborg (6156 decks)
[2026-08-06T01:47:58.963Z]   Found 6 themes: legends, aristocrats, tokens, reanimator, combo, sacrifice
[2026-08-06T01:48:00.871Z]   Created build legends: 100 cards
[2026-08-06T01:48:02.751Z]   Created build aristocrats: 100 cards
[2026-08-06T01:48:04.079Z]   Created build tokens: 100 cards
[2026-08-06T01:48:05.981Z]   Created build reanimator: 100 cards
[2026-08-06T01:48:07.871Z]   Created build combo: 100 cards
[2026-08-06T01:48:09.777Z]   Created build sacrifice: 100 cards
[2026-08-06T01:48:09.777Z] [352/500] Jaws, Relentless Predator
[2026-08-06T01:48:09.777Z]   Processing Jaws, Relentless Predator (6094 decks)
[2026-08-06T01:48:09.919Z]   Found 5 themes: artifacts, burn, tokens, aggro, treasure
[2026-08-06T01:48:12.153Z]   Created build artifacts: 100 cards
[2026-08-06T01:48:14.209Z]   Created build burn: 100 cards
[2026-08-06T01:48:16.088Z]   Created build tokens: 100 cards
[2026-08-06T01:48:18.417Z]   Created build aggro: 100 cards
[2026-08-06T01:48:20.298Z]   Created build treasure: 100 cards
[2026-08-06T01:48:20.298Z] [353/500] Teval, Arbiter of Virtue
[2026-08-06T01:48:20.298Z]   Processing Teval, Arbiter of Virtue (6085 decks)
[2026-08-06T01:48:20.441Z]   Found 8 themes: delver, mill, self-mill, reanimator, dredge, graveyard, self-damage, combo
[2026-08-06T01:48:22.333Z]   Created build delver: 100 cards
[2026-08-06T01:48:24.349Z]   Created build mill: 100 cards
[2026-08-06T01:48:26.237Z]   Created build self-mill: 100 cards
[2026-08-06T01:48:28.151Z]   Created build reanimator: 100 cards
[2026-08-06T01:48:30.057Z]   Created build dredge: 100 cards
[2026-08-06T01:48:31.959Z]   Created build graveyard: 100 cards
[2026-08-06T01:48:33.912Z]   Created build self-damage: 100 cards
[2026-08-06T01:48:35.787Z]   Created build combo: 100 cards
[2026-08-06T01:48:35.787Z] [354/500] The Unbeatable Squirrel Girl
[2026-08-06T01:48:35.787Z]   Processing The Unbeatable Squirrel Girl (6077 decks)
[2026-08-06T01:48:35.929Z]   Found 3 themes: tokens, squirrels, combo
[2026-08-06T01:48:38.067Z]   Created build tokens: 100 cards
[2026-08-06T01:48:39.739Z]   Created build squirrels: 100 cards
[2026-08-06T01:48:41.705Z]   Created build combo: 100 cards
[2026-08-06T01:48:41.705Z] [355/500] Kelsien, the Plague
[2026-08-06T01:48:41.705Z]   Processing Kelsien, the Plague (6072 decks)
[2026-08-06T01:48:41.847Z]   Found 6 themes: equipment, deathtouch, voltron, experience-counters, control, pingers
[2026-08-06T01:48:43.753Z]   Created build equipment: 100 cards
[2026-08-06T01:48:45.641Z]   Created build deathtouch: 100 cards
[2026-08-06T01:48:47.543Z]   Created build voltron: 100 cards
[2026-08-06T01:48:49.415Z]   Created build experience-counters: 100 cards
[2026-08-06T01:48:51.287Z]   Created build control: 100 cards
[2026-08-06T01:48:53.159Z]   Created build pingers: 100 cards
[2026-08-06T01:48:53.159Z] [356/500] Felix Five-Boots
[2026-08-06T01:48:53.159Z]   Processing Felix Five-Boots (6071 decks)
[2026-08-06T01:48:53.299Z]   Found 4 themes: ninjutsu, wheels, aggro, equipment
[2026-08-06T01:48:55.205Z]   Created build ninjutsu: 100 cards
[2026-08-06T01:48:57.069Z]   Created build wheels: 100 cards
[2026-08-06T01:48:58.959Z]   Created build aggro: 100 cards
[2026-08-06T01:49:00.897Z]   Created build equipment: 100 cards
[2026-08-06T01:49:00.897Z] [357/500] Arthur, Marigold Knight
[2026-08-06T01:49:00.897Z]   Processing Arthur, Marigold Knight (6055 decks)
[2026-08-06T01:49:01.041Z]   Found 3 themes: blink, aggro, etb
[2026-08-06T01:49:02.931Z]   Created build blink: 100 cards
[2026-08-06T01:49:04.829Z]   Created build aggro: 100 cards
[2026-08-06T01:49:06.705Z]   Created build etb: 100 cards
[2026-08-06T01:49:06.705Z] [358/500] Massacre Girl, Known Killer
[2026-08-06T01:49:06.705Z]   Processing Massacre Girl, Known Killer (6042 decks)
[2026-08-06T01:49:06.843Z]   Found 2 themes: minus-1-minus-1-counters, control
[2026-08-06T01:49:08.843Z]   Created build minus-1-minus-1-counters: 100 cards
[2026-08-06T01:49:10.811Z]   Created build control: 100 cards
[2026-08-06T01:49:10.811Z] [359/500] Sin, Spira's Punishment
[2026-08-06T01:49:10.811Z]   Processing Sin, Spira's Punishment (6002 decks)
[2026-08-06T01:49:10.960Z]   Found 7 themes: reanimator, lands-matter, mill, self-mill, tokens, graveyard, ramp
[2026-08-06T01:49:12.844Z]   Created build reanimator: 100 cards
[2026-08-06T01:49:14.751Z]   Created build lands-matter: 100 cards
[2026-08-06T01:49:16.713Z]   Created build mill: 100 cards
[2026-08-06T01:49:18.731Z]   Created build self-mill: 100 cards
[2026-08-06T01:49:22.440Z]   Created build tokens: 100 cards
[2026-08-06T01:49:25.194Z]   Created build graveyard: 100 cards
[2026-08-06T01:49:27.801Z]   Created build ramp: 100 cards
[2026-08-06T01:49:27.802Z] [360/500] Anzrag, the Quake-Mole
[2026-08-06T01:49:27.802Z]   Processing Anzrag, the Quake-Mole (6000 decks)
[2026-08-06T01:49:27.943Z]   Found 3 themes: extra-combats, aggro, voltron
[2026-08-06T01:49:29.855Z]   Created build extra-combats: 100 cards
[2026-08-06T01:49:31.755Z]   Created build aggro: 100 cards
[2026-08-06T01:49:33.627Z]   Created build voltron: 100 cards
[2026-08-06T01:49:33.627Z] [361/500] Yusri, Fortune's Flame
[2026-08-06T01:49:33.627Z]   Processing Yusri, Fortune's Flame (5999 decks)
[2026-08-06T01:49:33.770Z]   Found 3 themes: chaos, coin-flip, spellslinger
[2026-08-06T01:49:35.689Z]   Created build chaos: 100 cards
[2026-08-06T01:49:37.595Z]   Created build coin-flip: 100 cards
[2026-08-06T01:49:39.491Z]   Created build spellslinger: 100 cards
[2026-08-06T01:49:39.491Z] [362/500] Syr Konrad, the Grim
[2026-08-06T01:49:39.491Z]   Processing Syr Konrad, the Grim (5959 decks)
[2026-08-06T01:49:39.638Z]   Found 6 themes: mill, aristocrats, reanimator, graveyard, self-mill, combo
[2026-08-06T01:49:41.511Z]   Created build mill: 100 cards
[2026-08-06T01:49:43.667Z]   Created build aristocrats: 100 cards
[2026-08-06T01:49:45.530Z]   Created build reanimator: 100 cards
[2026-08-06T01:49:47.474Z]   Created build graveyard: 100 cards
[2026-08-06T01:49:49.378Z]   Created build self-mill: 100 cards
[2026-08-06T01:49:51.277Z]   Created build combo: 100 cards
[2026-08-06T01:49:51.278Z] [363/500] Hapatra, Vizier of Poisons
[2026-08-06T01:49:51.278Z]   Processing Hapatra, Vizier of Poisons (5931 decks)
[2026-08-06T01:49:51.422Z]   Found 6 themes: minus-1-minus-1-counters, tokens, infect, combo, aristocrats, snakes
[2026-08-06T01:49:53.329Z]   Created build minus-1-minus-1-counters: 100 cards
[2026-08-06T01:49:55.225Z]   Created build tokens: 100 cards
[2026-08-06T01:49:57.131Z]   Created build infect: 100 cards
[2026-08-06T01:49:59.047Z]   Created build combo: 100 cards
[2026-08-06T01:50:00.980Z]   Created build aristocrats: 100 cards
[2026-08-06T01:50:02.894Z]   Created build snakes: 100 cards
[2026-08-06T01:50:02.894Z] [364/500] Trostani, Selesnya's Voice
[2026-08-06T01:50:02.894Z]   Processing Trostani, Selesnya's Voice (5927 decks)
[2026-08-06T01:50:03.034Z]   Found 3 themes: tokens, lifegain, populate
[2026-08-06T01:50:04.933Z]   Created build tokens: 100 cards
[2026-08-06T01:50:06.820Z]   Created build lifegain: 100 cards
[2026-08-06T01:50:09.000Z]   Created build populate: 100 cards
[2026-08-06T01:50:09.000Z] [365/500] Loot, the Pathfinder
[2026-08-06T01:50:09.000Z]   Processing Loot, the Pathfinder (5923 decks)
[2026-08-06T01:50:09.142Z]   Found 4 themes: blink, combo, cedh, midrange
[2026-08-06T01:50:11.081Z]   Created build blink: 100 cards
[2026-08-06T01:50:13.024Z]   Created build combo: 100 cards
[2026-08-06T01:50:14.742Z]   Created build cedh: 100 cards
[2026-08-06T01:50:16.878Z]   Created build midrange: 100 cards
[2026-08-06T01:50:16.878Z] [366/500] Magnus the Red
[2026-08-06T01:50:16.878Z]   Processing Magnus the Red (5910 decks)
[2026-08-06T01:50:17.016Z]   Found 4 themes: spellslinger, tokens, x-spells, storm
[2026-08-06T01:50:18.946Z]   Created build spellslinger: 100 cards
[2026-08-06T01:50:20.847Z]   Created build tokens: 100 cards
[2026-08-06T01:50:22.778Z]   Created build x-spells: 100 cards
[2026-08-06T01:50:24.726Z]   Created build storm: 100 cards
[2026-08-06T01:50:24.726Z] [367/500] Anim Pakal, Thousandth Moon
[2026-08-06T01:50:24.726Z]   Processing Anim Pakal, Thousandth Moon (5879 decks)
[2026-08-06T01:50:24.868Z]   Found 5 themes: tokens, plus-1-plus-1-counters, aggro, artifacts, burn
[2026-08-06T01:50:26.758Z]   Created build tokens: 100 cards
[2026-08-06T01:50:28.738Z]   Created build plus-1-plus-1-counters: 100 cards
[2026-08-06T01:50:30.630Z]   Created build aggro: 100 cards
[2026-08-06T01:50:32.516Z]   Created build artifacts: 100 cards
[2026-08-06T01:50:34.448Z]   Created build burn: 100 cards
[2026-08-06T01:50:34.448Z] [368/500] Davros, Dalek Creator
[2026-08-06T01:50:34.448Z]   Processing Davros, Dalek Creator (5875 decks)
[2026-08-06T01:50:34.606Z]   Found 6 themes: artifacts, tokens, daleks, dragons-approach, burn, discard
[2026-08-06T01:50:36.494Z]   Created build artifacts: 100 cards
[2026-08-06T01:50:38.398Z]   Created build tokens: 100 cards
[2026-08-06T01:50:40.320Z]   Created build daleks: 100 cards
[2026-08-06T01:50:42.268Z]   Created build dragons-approach: 100 cards
[2026-08-06T01:50:44.236Z]   Created build burn: 100 cards
[2026-08-06T01:50:46.142Z]   Created build discard: 100 cards
[2026-08-06T01:50:46.142Z] [369/500] Imoti, Celebrant of Bounty
[2026-08-06T01:50:46.142Z]   Processing Imoti, Celebrant of Bounty (5844 decks)
[2026-08-06T01:50:46.289Z]   Found 3 themes: big-mana, cascade, ramp
[2026-08-06T01:50:48.208Z]   Created build big-mana: 100 cards
[2026-08-06T01:50:50.124Z]   Created build cascade: 100 cards
[2026-08-06T01:50:51.999Z]   Created build ramp: 100 cards
[2026-08-06T01:50:51.999Z] [370/500] Alesha, Who Smiles at Death
[2026-08-06T01:50:51.999Z]   Processing Alesha, Who Smiles at Death (5822 decks)
[2026-08-06T01:50:52.146Z]   Found 4 themes: reanimator, aristocrats, aggro, combo
[2026-08-06T01:50:54.036Z]   Created build reanimator: 100 cards
[2026-08-06T01:50:55.964Z]   Created build aristocrats: 100 cards
[2026-08-06T01:50:57.988Z]   Created build aggro: 100 cards
[2026-08-06T01:50:59.892Z]   Created build combo: 100 cards
[2026-08-06T01:50:59.892Z] [371/500] Mizzix of the Izmagnus
[2026-08-06T01:50:59.892Z]   Processing Mizzix of the Izmagnus (5813 decks)
[2026-08-06T01:51:00.033Z]   Found 6 themes: spellslinger, x-spells, storm, combo, spell-copy, burn
[2026-08-06T01:51:01.925Z]   Created build spellslinger: 100 cards
[2026-08-06T01:51:03.808Z]   Created build x-spells: 100 cards
[2026-08-06T01:51:05.715Z]   Created build storm: 100 cards
[2026-08-06T01:51:07.592Z]   Created build combo: 100 cards
[2026-08-06T01:51:09.471Z]   Created build spell-copy: 100 cards
[2026-08-06T01:51:11.404Z]   Created build burn: 100 cards
[2026-08-06T01:51:11.404Z] [372/500] Uril, the Miststalker
[2026-08-06T01:51:11.404Z]   Processing Uril, the Miststalker (5812 decks)
[2026-08-06T01:51:11.547Z]   Found 3 themes: auras, voltron, enchantress
[2026-08-06T01:51:13.467Z]   Created build auras: 100 cards
[2026-08-06T01:51:15.362Z]   Created build voltron: 100 cards
[2026-08-06T01:51:17.250Z]   Created build enchantress: 100 cards
[2026-08-06T01:51:17.250Z] [373/500] Blim, Comedic Genius
[2026-08-06T01:51:17.250Z]   Processing Blim, Comedic Genius (5810 decks)
[2026-08-06T01:51:17.391Z]   Found 4 themes: donate, chaos, discard, group-slug
[2026-08-06T01:51:19.280Z]   Created build donate: 100 cards
[2026-08-06T01:51:21.177Z]   Created build chaos: 100 cards
[2026-08-06T01:51:23.091Z]   Created build discard: 100 cards
[2026-08-06T01:51:24.992Z]   Created build group-slug: 100 cards
[2026-08-06T01:51:24.992Z] [374/500] Elminster
[2026-08-06T01:51:24.992Z]   Processing Elminster (5805 decks)
[2026-08-06T01:51:25.130Z]   Found 7 themes: topdeck, tokens, scry, control, spellslinger, flying, extra-turns
[2026-08-06T01:51:27.022Z]   Created build topdeck: 100 cards
[2026-08-06T01:51:28.950Z]   Created build tokens: 100 cards
[2026-08-06T01:51:30.851Z]   Created build scry: 100 cards
[2026-08-06T01:51:32.785Z]   Created build control: 100 cards
[2026-08-06T01:51:34.760Z]   Created build spellslinger: 100 cards
[2026-08-06T01:51:36.652Z]   Created build flying: 100 cards
[2026-08-06T01:51:38.582Z]   Created build extra-turns: 100 cards
[2026-08-06T01:51:38.582Z] [375/500] Tasha, the Witch Queen
[2026-08-06T01:51:38.582Z]   Processing Tasha, the Witch Queen (5794 decks)
[2026-08-06T01:51:38.759Z]   Found 4 themes: exile, theft, mill, control
[2026-08-06T01:51:40.835Z]   Created build exile: 100 cards
[2026-08-06T01:51:42.761Z]   Created build theft: 100 cards
[2026-08-06T01:51:45.328Z]   Created build mill: 100 cards
[2026-08-06T01:51:47.235Z]   Created build control: 100 cards
[2026-08-06T01:51:47.235Z] [376/500] Gisa, the Hellraiser
[2026-08-06T01:51:47.235Z]   Processing Gisa, the Hellraiser (5787 decks)
[2026-08-06T01:51:47.376Z]   Found 4 themes: zombies, tokens, crime, aristocrats
[2026-08-06T01:51:49.324Z]   Created build zombies: 100 cards
[2026-08-06T01:51:51.245Z]   Created build tokens: 100 cards
[2026-08-06T01:51:53.132Z]   Created build crime: 100 cards
[2026-08-06T01:51:55.067Z]   Created build aristocrats: 100 cards
[2026-08-06T01:51:55.067Z] [377/500] Tatsunari, Toad Rider
[2026-08-06T01:51:55.067Z]   Processing Tatsunari, Toad Rider (5772 decks)
[2026-08-06T01:51:55.209Z]   Found 4 themes: enchantress, auras, mutate, frogs
[2026-08-06T01:51:57.089Z]   Created build enchantress: 100 cards
[2026-08-06T01:51:58.928Z]   Created build auras: 100 cards
[2026-08-06T01:52:00.856Z]   Created build mutate: 100 cards
[2026-08-06T01:52:02.772Z]   Created build frogs: 100 cards
[2026-08-06T01:52:02.772Z] [378/500] Karlov of the Ghost Council
[2026-08-06T01:52:02.772Z]   Processing Karlov of the Ghost Council (5769 decks)
[2026-08-06T01:52:02.913Z]   Found 3 themes: lifegain, plus-1-plus-1-counters, voltron
[2026-08-06T01:52:04.842Z]   Created build lifegain: 100 cards
[2026-08-06T01:52:06.733Z]   Created build plus-1-plus-1-counters: 100 cards
[2026-08-06T01:52:08.622Z]   Created build voltron: 100 cards
[2026-08-06T01:52:08.622Z] [379/500] Progenitus
[2026-08-06T01:52:08.622Z]   Processing Progenitus (5762 decks)
[2026-08-06T01:52:08.762Z]   Found 3 themes: hydras, plus-1-plus-1-counters, ramp
[2026-08-06T01:52:10.758Z]   Created build hydras: 100 cards
[2026-08-06T01:52:12.664Z]   Created build plus-1-plus-1-counters: 100 cards
[2026-08-06T01:52:14.563Z]   Created build ramp: 100 cards
[2026-08-06T01:52:14.563Z] [380/500] Averna, the Chaos Bloom
[2026-08-06T01:52:14.563Z]   Processing Averna, the Chaos Bloom (5760 decks)
[2026-08-06T01:52:14.705Z]   Found 5 themes: cascade, lands-matter, chaos, landfall, ramp
[2026-08-06T01:52:16.590Z]   Created build cascade: 100 cards
[2026-08-06T01:52:18.486Z]   Created build lands-matter: 100 cards
[2026-08-06T01:52:20.462Z]   Created build chaos: 100 cards
[2026-08-06T01:52:22.463Z]   Created build landfall: 100 cards
[2026-08-06T01:52:24.346Z]   Created build ramp: 100 cards
[2026-08-06T01:52:24.346Z] [381/500] Hamza, Guardian of Arashin
[2026-08-06T01:52:24.346Z]   Processing Hamza, Guardian of Arashin (5754 decks)
[2026-08-06T01:52:24.493Z]   Found 1 themes: plus-1-plus-1-counters
[2026-08-06T01:52:26.368Z]   Created build plus-1-plus-1-counters: 100 cards
[2026-08-06T01:52:26.368Z] [382/500] Olivia, Opulent Outlaw
[2026-08-06T01:52:26.368Z]   Processing Olivia, Opulent Outlaw (5753 decks)
[2026-08-06T01:52:26.515Z]   Found 5 themes: treasure, plus-1-plus-1-counters, outlaws, tokens, aggro
[2026-08-06T01:52:27.809Z]   Created build treasure: 100 cards
[2026-08-06T01:52:29.839Z]   Created build plus-1-plus-1-counters: 100 cards
[2026-08-06T01:52:31.796Z]   Created build outlaws: 100 cards
[2026-08-06T01:52:33.880Z]   Created build tokens: 100 cards
[2026-08-06T01:52:35.898Z]   Created build aggro: 100 cards
[2026-08-06T01:52:35.898Z] [383/500] Arixmethes, Slumbering Isle
[2026-08-06T01:52:35.898Z]   Processing Arixmethes, Slumbering Isle (5750 decks)
[2026-08-06T01:52:36.061Z]   Found 2 themes: sea-creatures, ramp
[2026-08-06T01:52:38.044Z]   Created build sea-creatures: 100 cards
[2026-08-06T01:52:40.199Z]   Created build ramp: 100 cards
[2026-08-06T01:52:40.199Z] [384/500] Jinnie Fay, Jetmir's Second
[2026-08-06T01:52:40.199Z]   Processing Jinnie Fay, Jetmir's Second (5749 decks)
[2026-08-06T01:52:40.345Z]   Found 4 themes: tokens, cats, treasure, aggro
[2026-08-06T01:52:42.344Z]   Created build tokens: 100 cards
[2026-08-06T01:52:44.293Z]   Created build cats: 100 cards
[2026-08-06T01:52:46.302Z]   Created build treasure: 100 cards
[2026-08-06T01:52:48.266Z]   Created build aggro: 100 cards
[2026-08-06T01:52:48.266Z] [385/500] Altaïr Ibn-La'Ahad
[2026-08-06T01:52:48.266Z]   Processing Altaïr Ibn-La'Ahad (5749 decks)
[2026-08-06T01:52:48.411Z]   Found 3 themes: assassins, tokens, aggro
[2026-08-06T01:52:50.380Z]   Created build assassins: 100 cards
[2026-08-06T01:52:52.320Z]   Created build tokens: 100 cards
[2026-08-06T01:52:54.272Z]   Created build aggro: 100 cards
[2026-08-06T01:52:54.272Z] [386/500] Zurgo Helmsmasher
[2026-08-06T01:52:54.272Z]   Processing Zurgo Helmsmasher (5747 decks)
[2026-08-06T01:52:54.422Z]   Found 4 themes: equipment, voltron, aggro, orcs
[2026-08-06T01:52:56.379Z]   Created build equipment: 100 cards
[2026-08-06T01:52:58.279Z]   Created build voltron: 100 cards
[2026-08-06T01:53:00.209Z]   Created build aggro: 100 cards
[2026-08-06T01:53:02.124Z]   Created build orcs: 100 cards
[2026-08-06T01:53:02.124Z] [387/500] Black Panther, Wakandan King
[2026-08-06T01:53:02.124Z]   Processing Black Panther, Wakandan King (5746 decks)
[2026-08-06T01:53:02.292Z]   Found 3 themes: plus-1-plus-1-counters, tokens, lands-matter
[2026-08-06T01:53:04.276Z]   Created build plus-1-plus-1-counters: 100 cards
[2026-08-06T01:53:06.201Z]   Created build tokens: 100 cards
[2026-08-06T01:53:08.127Z]   Created build lands-matter: 100 cards
[2026-08-06T01:53:08.127Z] [388/500] Amalia Benavides Aguirre
[2026-08-06T01:53:08.127Z]   Processing Amalia Benavides Aguirre (5710 decks)
[2026-08-06T01:53:08.272Z]   Found 5 themes: lifegain, reanimator, aristocrats, plus-1-plus-1-counters, vampires
[2026-08-06T01:53:10.178Z]   Created build lifegain: 100 cards
[2026-08-06T01:53:12.099Z]   Created build reanimator: 100 cards
[2026-08-06T01:53:13.994Z]   Created build aristocrats: 100 cards
[2026-08-06T01:53:15.933Z]   Created build plus-1-plus-1-counters: 100 cards
[2026-08-06T01:53:17.813Z]   Created build vampires: 100 cards
[2026-08-06T01:53:17.813Z] [389/500] Rootha, Mastering the Moment
[2026-08-06T01:53:17.813Z]   Processing Rootha, Mastering the Moment (5688 decks)
[2026-08-06T01:53:17.971Z]   Found 3 themes: spellslinger, tokens, extra-combats
[2026-08-06T01:53:19.871Z]   Created build spellslinger: 100 cards
[2026-08-06T01:53:21.639Z]   Created build tokens: 100 cards
[2026-08-06T01:53:23.536Z]   Created build extra-combats: 100 cards
[2026-08-06T01:53:23.537Z] [390/500] Krark, the Thumbless & Sakashima of a Thousand Faces
[2026-08-06T01:53:23.537Z]   Processing Krark, the Thumbless & Sakashima of a Thousand Faces (5651 decks)
[2026-08-06T01:53:23.681Z]   Found 8 themes: spellslinger, storm, cedh, clones, combo, coin-flip, chaos, spell-copy
[2026-08-06T01:53:25.645Z]   Created build spellslinger: 100 cards
[2026-08-06T01:53:27.563Z]   Created build storm: 100 cards
[2026-08-06T01:53:29.371Z]   Created build cedh: 100 cards
[2026-08-06T01:53:31.289Z]   Created build clones: 100 cards
[2026-08-06T01:53:33.247Z]   Created build combo: 100 cards
[2026-08-06T01:53:35.241Z]   Created build coin-flip: 100 cards
[2026-08-06T01:53:37.221Z]   Created build chaos: 100 cards
[2026-08-06T01:53:39.132Z]   Created build spell-copy: 100 cards
[2026-08-06T01:53:39.132Z] [391/500] Muerra, Trash Tactician
[2026-08-06T01:53:39.132Z]   Processing Muerra, Trash Tactician (5646 decks)
[2026-08-06T01:53:39.286Z]   Found 2 themes: raccoons, ramp
[2026-08-06T01:53:41.213Z]   Created build raccoons: 100 cards
[2026-08-06T01:53:43.086Z]   Created build ramp: 100 cards
[2026-08-06T01:53:43.086Z] [392/500] Anje Falkenrath
[2026-08-06T01:53:43.086Z]   Processing Anje Falkenrath (5631 decks)
[2026-08-06T01:53:43.228Z]   Found 5 themes: madness, discard, combo, reanimator, self-discard
[2026-08-06T01:53:45.133Z]   Created build madness: 100 cards
[2026-08-06T01:53:47.055Z]   Created build discard: 100 cards
[2026-08-06T01:53:48.971Z]   Created build combo: 100 cards
[2026-08-06T01:53:50.869Z]   Created build reanimator: 100 cards
[2026-08-06T01:53:52.793Z]   Created build self-discard: 100 cards
[2026-08-06T01:53:52.793Z] [393/500] General Ferrous Rokiric
[2026-08-06T01:53:52.793Z]   Processing General Ferrous Rokiric (5626 decks)
[2026-08-06T01:53:52.942Z]   Found 4 themes: tokens, aggro, multicolor-matters, artifacts
[2026-08-06T01:53:54.821Z]   Created build tokens: 100 cards
[2026-08-06T01:53:55.989Z]   Created build aggro: 100 cards
[2026-08-06T01:53:57.911Z]   Created build multicolor-matters: 100 cards
[2026-08-06T01:53:59.799Z]   Created build artifacts: 100 cards
[2026-08-06T01:53:59.799Z] [394/500] Kenessos, Priest of Thassa
[2026-08-06T01:53:59.799Z]   Processing Kenessos, Priest of Thassa (5622 decks)
[2026-08-06T01:53:59.943Z]   Found 3 themes: topdeck, sea-creatures, scry
[2026-08-06T01:54:01.819Z]   Created build topdeck: 100 cards
[2026-08-06T01:54:03.731Z]   Created build sea-creatures: 100 cards
[2026-08-06T01:54:05.639Z]   Created build scry: 100 cards
[2026-08-06T01:54:05.639Z] [395/500] Rhys the Redeemed
[2026-08-06T01:54:05.639Z]   Processing Rhys the Redeemed (5612 decks)
[2026-08-06T01:54:05.780Z]   Found 2 themes: tokens, elves
[2026-08-06T01:54:07.690Z]   Created build tokens: 100 cards
[2026-08-06T01:54:09.587Z]   Created build elves: 100 cards
[2026-08-06T01:54:09.587Z] [396/500] Emmara, Soul of the Accord
[2026-08-06T01:54:09.587Z]   Processing Emmara, Soul of the Accord (5594 decks)
[2026-08-06T01:54:09.731Z]   Found 3 themes: tokens, plus-1-plus-1-counters, tap-untap
[2026-08-06T01:54:11.699Z]   Created build tokens: 100 cards
[2026-08-06T01:54:13.581Z]   Created build plus-1-plus-1-counters: 100 cards
[2026-08-06T01:54:15.469Z]   Created build tap-untap: 100 cards
[2026-08-06T01:54:15.469Z] [397/500] Atarka, World Render
[2026-08-06T01:54:15.469Z]   Processing Atarka, World Render (5591 decks)
[2026-08-06T01:54:15.615Z]   Found 4 themes: dragons, flying, aggro, ramp
[2026-08-06T01:54:17.559Z]   Created build dragons: 100 cards
[2026-08-06T01:54:19.317Z]   Created build flying: 100 cards
[2026-08-06T01:54:21.220Z]   Created build aggro: 100 cards
[2026-08-06T01:54:23.094Z]   Created build ramp: 100 cards
[2026-08-06T01:54:23.094Z] [398/500] Jarad, Golgari Lich Lord
[2026-08-06T01:54:23.094Z]   Processing Jarad, Golgari Lich Lord (5585 decks)
[2026-08-06T01:54:23.239Z]   Found 5 themes: graveyard, reanimator, mill, dredge, self-mill
[2026-08-06T01:54:25.194Z]   Created build graveyard: 100 cards
[2026-08-06T01:54:27.071Z]   Created build reanimator: 100 cards
[2026-08-06T01:54:28.939Z]   Created build mill: 100 cards
[2026-08-06T01:54:30.845Z]   Created build dredge: 100 cards
[2026-08-06T01:54:32.750Z]   Created build self-mill: 100 cards
[2026-08-06T01:54:32.750Z] [399/500] Baral, Chief of Compliance
[2026-08-06T01:54:32.750Z]   Processing Baral, Chief of Compliance (5575 decks)
[2026-08-06T01:54:32.902Z]   Found 3 themes: counterspells, control, spellslinger
[2026-08-06T01:54:34.775Z]   Created build counterspells: 100 cards
[2026-08-06T01:54:36.697Z]   Created build control: 100 cards
[2026-08-06T01:54:38.611Z]   Created build spellslinger: 100 cards
[2026-08-06T01:54:38.611Z] [400/500] Faldorn, Dread Wolf Herald
[2026-08-06T01:54:38.611Z]   Processing Faldorn, Dread Wolf Herald (5575 decks)
[2026-08-06T01:54:38.755Z]   Found 7 themes: exile, tokens, cascade, wolves, impulse-draw, aggro, chaos
[2026-08-06T01:54:40.650Z]   Created build exile: 100 cards
[2026-08-06T01:54:42.563Z]   Created build tokens: 100 cards
[2026-08-06T01:54:44.464Z]   Created build cascade: 100 cards
[2026-08-06T01:54:46.359Z]   Created build wolves: 100 cards
[2026-08-06T01:54:48.300Z]   Created build impulse-draw: 100 cards
[2026-08-06T01:54:50.197Z]   Created build aggro: 100 cards
[2026-08-06T01:54:52.117Z]   Created build chaos: 100 cards
[2026-08-06T01:54:52.117Z] 
[2026-08-06T01:54:52.117Z] Progress: 400 processed, 1852 builds, 185200 cards
[2026-08-06T01:54:52.117Z] 
[2026-08-06T01:54:52.117Z] [401/500] The Tenth Doctor & Rose Tyler
[2026-08-06T01:54:52.117Z]   Processing The Tenth Doctor & Rose Tyler (5564 decks)
[2026-08-06T01:54:52.255Z]   Found 3 themes: exile, time-counters, suspend
[2026-08-06T01:54:54.153Z]   Created build exile: 100 cards
[2026-08-06T01:54:56.060Z]   Created build time-counters: 100 cards
[2026-08-06T01:54:57.960Z]   Created build suspend: 100 cards
[2026-08-06T01:54:57.961Z] [402/500] Yennett, Cryptic Sovereign
[2026-08-06T01:54:57.961Z]   Processing Yennett, Cryptic Sovereign (5557 decks)
[2026-08-06T01:54:58.107Z]   Found 4 themes: topdeck, sphinxes, flying, control
[2026-08-06T01:55:00.023Z]   Created build topdeck: 100 cards
[2026-08-06T01:55:01.217Z]   Created build sphinxes: 100 cards
[2026-08-06T01:55:03.150Z]   Created build flying: 100 cards
[2026-08-06T01:55:05.059Z]   Created build control: 100 cards
[2026-08-06T01:55:05.059Z] [403/500] Kyler, Sigardian Emissary
[2026-08-06T01:55:05.059Z]   Processing Kyler, Sigardian Emissary (5546 decks)
[2026-08-06T01:55:05.210Z]   Found 3 themes: humans, plus-1-plus-1-counters, tokens
[2026-08-06T01:55:07.099Z]   Created build humans: 100 cards
[2026-08-06T01:55:09.025Z]   Created build plus-1-plus-1-counters: 100 cards
[2026-08-06T01:55:10.933Z]   Created build tokens: 100 cards
[2026-08-06T01:55:10.933Z] [404/500] Baba Lysaga, Night Witch
[2026-08-06T01:55:10.933Z]   Processing Baba Lysaga, Night Witch (5545 decks)
[2026-08-06T01:55:11.078Z]   Found 5 themes: aristocrats, lands-matter, sacrifice, graveyard, reanimator
[2026-08-06T01:55:12.947Z]   Created build aristocrats: 100 cards
[2026-08-06T01:55:14.927Z]   Created build lands-matter: 100 cards
[2026-08-06T01:55:16.841Z]   Created build sacrifice: 100 cards
[2026-08-06T01:55:18.773Z]   Created build graveyard: 100 cards
[2026-08-06T01:55:20.653Z]   Created build reanimator: 100 cards
[2026-08-06T01:55:20.653Z] [405/500] Mister Negative
[2026-08-06T01:55:20.653Z]   Processing Mister Negative (5536 decks)
[2026-08-06T01:55:20.800Z]   Found 5 themes: lifegain, self-damage, blink, life-exchange, lifedrain
[2026-08-06T01:55:22.701Z]   Created build lifegain: 100 cards
[2026-08-06T01:55:24.615Z]   Created build self-damage: 100 cards
[2026-08-06T01:55:26.883Z]   Created build blink: 100 cards
[2026-08-06T01:55:28.815Z]   Created build life-exchange: 100 cards
[2026-08-06T01:55:30.711Z]   Created build lifedrain: 100 cards
[2026-08-06T01:55:30.711Z] [406/500] Rivaz of the Claw
[2026-08-06T01:55:30.711Z]   Processing Rivaz of the Claw (5511 decks)
[2026-08-06T01:55:30.856Z]   Found 4 themes: dragons, reanimator, treasure, flying
[2026-08-06T01:55:32.737Z]   Created build dragons: 100 cards
[2026-08-06T01:55:34.843Z]   Created build reanimator: 100 cards
[2026-08-06T01:55:36.731Z]   Created build treasure: 100 cards
[2026-08-06T01:55:38.628Z]   Created build flying: 100 cards
[2026-08-06T01:55:38.628Z] [407/500] Galea, Kindler of Hope
[2026-08-06T01:55:38.628Z]   Processing Galea, Kindler of Hope (5481 decks)
[2026-08-06T01:55:38.784Z]   Found 5 themes: equipment, auras, voltron, enchantress, artifacts
[2026-08-06T01:55:40.723Z]   Created build equipment: 100 cards
[2026-08-06T01:55:42.597Z]   Created build auras: 100 cards
[2026-08-06T01:55:44.499Z]   Created build voltron: 100 cards
[2026-08-06T01:55:46.436Z]   Created build enchantress: 100 cards
[2026-08-06T01:55:48.346Z]   Created build artifacts: 100 cards
[2026-08-06T01:55:48.346Z] [408/500] The Reaper, King No More
[2026-08-06T01:55:48.346Z]   Processing The Reaper, King No More (5470 decks)
[2026-08-06T01:55:48.490Z]   Found 2 themes: minus-1-minus-1-counters, theft
[2026-08-06T01:55:50.378Z]   Created build minus-1-minus-1-counters: 100 cards
[2026-08-06T01:55:52.257Z]   Created build theft: 100 cards
[2026-08-06T01:55:52.257Z] [409/500] Aurelia, the Warleader
[2026-08-06T01:55:52.257Z]   Processing Aurelia, the Warleader (5464 decks)
[2026-08-06T01:55:52.404Z]   Found 5 themes: extra-combats, angels, equipment, aggro, flying
[2026-08-06T01:55:54.296Z]   Created build extra-combats: 100 cards
[2026-08-06T01:55:56.204Z]   Created build angels: 100 cards
[2026-08-06T01:55:58.102Z]   Created build equipment: 100 cards
[2026-08-06T01:56:00.006Z]   Created build aggro: 100 cards
[2026-08-06T01:56:01.904Z]   Created build flying: 100 cards
[2026-08-06T01:56:01.905Z] [410/500] Blue, Loyal Raptor & Owen Grady, Raptor Trainer
[2026-08-06T01:56:01.905Z]   Processing Blue, Loyal Raptor & Owen Grady, Raptor Trainer (5464 decks)
[2026-08-06T01:56:02.063Z]   Found 1 themes: dinosaurs
[2026-08-06T01:56:03.052Z]   Following redirect: dinosaurs → dinosaurs
[2026-08-06T01:56:03.240Z]   Following redirect: dinosaurs → dinosaurs
[2026-08-06T01:56:03.400Z]   Following redirect: dinosaurs → dinosaurs
[2026-08-06T01:56:03.560Z]   Following redirect: dinosaurs → dinosaurs
[2026-08-06T01:56:03.720Z]   Following redirect: dinosaurs → dinosaurs
[2026-08-06T01:56:03.880Z]   Following redirect: dinosaurs → dinosaurs
[2026-08-06T01:56:04.040Z]   Following redirect: dinosaurs → dinosaurs
[2026-08-06T01:56:04.200Z]   Following redirect: dinosaurs → dinosaurs
[2026-08-06T01:56:04.361Z]   Following redirect: dinosaurs → dinosaurs
[2026-08-06T01:56:04.521Z]   Following redirect: dinosaurs → dinosaurs
[2026-08-06T01:56:04.684Z]   Following redirect: dinosaurs → dinosaurs
[2026-08-06T01:56:04.843Z]   Following redirect: dinosaurs → dinosaurs
[2026-08-06T01:56:05.004Z]   Following redirect: dinosaurs → dinosaurs
[2026-08-06T01:56:05.164Z]   Following redirect: dinosaurs → dinosaurs
[2026-08-06T01:56:05.324Z]   Following redirect: dinosaurs → dinosaurs
[2026-08-06T01:56:05.484Z]   Following redirect: dinosaurs → dinosaurs
[2026-08-06T01:56:05.644Z]   Following redirect: dinosaurs → dinosaurs
[2026-08-06T01:56:05.803Z]   Following redirect: dinosaurs → dinosaurs
[2026-08-06T01:56:05.963Z]   Following redirect: dinosaurs → dinosaurs
[2026-08-06T01:56:06.124Z]   Following redirect: dinosaurs → dinosaurs
[2026-08-06T01:56:06.284Z]   Following redirect: dinosaurs → dinosaurs
[2026-08-06T01:56:06.444Z]   Following redirect: dinosaurs → dinosaurs
[2026-08-06T01:56:06.604Z]   Following redirect: dinosaurs → dinosaurs
[2026-08-06T01:56:06.873Z]   Following redirect: dinosaurs → dinosaurs
[2026-08-06T01:56:07.035Z]   Following redirect: dinosaurs → dinosaurs
[2026-08-06T01:56:07.197Z]   Following redirect: dinosaurs → dinosaurs
[2026-08-06T01:56:07.359Z]   Following redirect: dinosaurs → dinosaurs
[2026-08-06T01:56:07.520Z]   Following redirect: dinosaurs → dinosaurs
[2026-08-06T01:56:07.682Z]   Following redirect: dinosaurs → dinosaurs
[2026-08-06T01:56:07.841Z]   Following redirect: dinosaurs → dinosaurs
[2026-08-06T01:56:08.001Z]   Following redirect: dinosaurs → dinosaurs
[2026-08-06T01:56:08.161Z]   Following redirect: dinosaurs → dinosaurs
[2026-08-06T01:56:08.322Z]   Following redirect: dinosaurs → dinosaurs
[2026-08-06T01:56:08.482Z]   Following redirect: dinosaurs → dinosaurs
[2026-08-06T01:56:08.642Z]   Following redirect: dinosaurs → dinosaurs
[2026-08-06T01:56:08.801Z]   Following redirect: dinosaurs → dinosaurs
[2026-08-06T01:56:08.962Z]   Following redirect: dinosaurs → dinosaurs
[2026-08-06T01:56:09.125Z]   Following redirect: dinosaurs → dinosaurs
[2026-08-06T01:56:09.284Z]   Following redirect: dinosaurs → dinosaurs
[2026-08-06T01:56:09.444Z]   Following redirect: dinosaurs → dinosaurs
[2026-08-06T01:56:09.605Z]   Following redirect: dinosaurs → dinosaurs
[2026-08-06T01:56:09.767Z]   Following redirect: dinosaurs → dinosaurs
[2026-08-06T01:56:09.930Z]   Following redirect: dinosaurs → dinosaurs
[2026-08-06T01:56:10.091Z]   Following redirect: dinosaurs → dinosaurs
[2026-08-06T01:56:10.254Z]   Following redirect: dinosaurs → dinosaurs
[2026-08-06T01:56:10.782Z]   Following redirect: dinosaurs → dinosaurs
[2026-08-06T01:56:10.944Z]   Following redirect: dinosaurs → dinosaurs
[2026-08-06T01:56:11.104Z]   Following redirect: dinosaurs → dinosaurs
[2026-08-06T01:56:11.264Z]   Following redirect: dinosaurs → dinosaurs
[2026-08-06T01:56:11.803Z]   Following redirect: dinosaurs → dinosaurs
[2026-08-06T01:56:11.965Z]   Following redirect: dinosaurs → dinosaurs
[2026-08-06T01:56:12.125Z]   Following redirect: dinosaurs → dinosaurs
[2026-08-06T01:56:12.286Z]   Following redirect: dinosaurs → dinosaurs
[2026-08-06T01:56:12.453Z]   Following redirect: dinosaurs → dinosaurs
[2026-08-06T01:56:12.615Z]   Following redirect: dinosaurs → dinosaurs
[2026-08-06T01:56:12.774Z]   Following redirect: dinosaurs → dinosaurs
[2026-08-06T01:56:12.933Z]   Following redirect: dinosaurs → dinosaurs
[2026-08-06T01:56:13.094Z]   Following redirect: dinosaurs → dinosaurs
[2026-08-06T01:56:13.254Z]   Following redirect: dinosaurs → dinosaurs
[2026-08-06T01:56:13.414Z]   Following redirect: dinosaurs → dinosaurs
[2026-08-06T01:56:13.574Z]   Following redirect: dinosaurs → dinosaurs
[2026-08-06T01:56:13.734Z]   Following redirect: dinosaurs → dinosaurs
[2026-08-06T01:56:13.893Z]   Following redirect: dinosaurs → dinosaurs
[2026-08-06T01:56:14.054Z]   Following redirect: dinosaurs → dinosaurs
[2026-08-06T01:56:14.215Z]   Following redirect: dinosaurs → dinosaurs
[2026-08-06T01:56:14.377Z]   Following redirect: dinosaurs → dinosaurs
[2026-08-06T01:56:14.539Z]   Following redirect: dinosaurs → dinosaurs
[2026-08-06T01:56:14.701Z]   Following redirect: dinosaurs → dinosaurs
[2026-08-06T01:56:14.862Z]   Following redirect: dinosaurs → dinosaurs
[2026-08-06T01:56:15.026Z]   Following redirect: dinosaurs → dinosaurs
[2026-08-06T01:56:15.187Z]   Following redirect: dinosaurs → dinosaurs
[2026-08-06T01:56:15.349Z]   Following redirect: dinosaurs → dinosaurs
[2026-08-06T01:56:15.508Z]   Following redirect: dinosaurs → dinosaurs
[2026-08-06T01:56:15.668Z]   Following redirect: dinosaurs → dinosaurs
[2026-08-06T01:56:15.829Z]   Following redirect: dinosaurs → dinosaurs
[2026-08-06T01:56:15.990Z]   Following redirect: dinosaurs → dinosaurs
[2026-08-06T01:56:16.151Z]   Following redirect: dinosaurs → dinosaurs
[2026-08-06T01:56:16.311Z]   Following redirect: dinosaurs → dinosaurs
[2026-08-06T01:56:16.472Z]   Following redirect: dinosaurs → dinosaurs
[2026-08-06T01:56:16.632Z]   Following redirect: dinosaurs → dinosaurs
[2026-08-06T01:56:16.792Z]   Following redirect: dinosaurs → dinosaurs
[2026-08-06T01:56:16.953Z]   Following redirect: dinosaurs → dinosaurs
[2026-08-06T01:56:17.115Z]   Following redirect: dinosaurs → dinosaurs
[2026-08-06T01:56:17.276Z]   Following redirect: dinosaurs → dinosaurs
[2026-08-06T01:56:17.437Z]   Following redirect: dinosaurs → dinosaurs
[2026-08-06T01:56:17.598Z]   Following redirect: dinosaurs → dinosaurs
[2026-08-06T01:56:17.764Z]   Following redirect: dinosaurs → dinosaurs
[2026-08-06T01:56:17.924Z]   Following redirect: dinosaurs → dinosaurs
[2026-08-06T01:56:18.084Z]   Following redirect: dinosaurs → dinosaurs
[2026-08-06T01:56:18.247Z]   Following redirect: dinosaurs → dinosaurs
[2026-08-06T01:56:18.407Z]   Following redirect: dinosaurs → dinosaurs
[2026-08-06T01:56:18.568Z]   Following redirect: dinosaurs → dinosaurs
[2026-08-06T01:56:18.728Z]   Following redirect: dinosaurs → dinosaurs
[2026-08-06T01:56:18.888Z]   Following redirect: dinosaurs → dinosaurs
[2026-08-06T01:56:19.047Z]   Following redirect: dinosaurs → dinosaurs
[2026-08-06T01:56:19.208Z]   Following redirect: dinosaurs → dinosaurs
[2026-08-06T01:56:19.368Z]   Following redirect: dinosaurs → dinosaurs
[2026-08-06T01:56:19.528Z]   Following redirect: dinosaurs → dinosaurs
[2026-08-06T01:56:19.689Z]   Following redirect: dinosaurs → dinosaurs
[2026-08-06T01:56:19.851Z]   Following redirect: dinosaurs → dinosaurs
[2026-08-06T01:56:20.013Z]   Following redirect: dinosaurs → dinosaurs
[2026-08-06T01:56:20.175Z]   Following redirect: dinosaurs → dinosaurs
[2026-08-06T01:56:20.337Z]   Following redirect: dinosaurs → dinosaurs
[2026-08-06T01:56:20.501Z]   Following redirect: dinosaurs → dinosaurs
[2026-08-06T01:56:20.660Z]   Following redirect: dinosaurs → dinosaurs
[2026-08-06T01:56:20.819Z]   Following redirect: dinosaurs → dinosaurs
[2026-08-06T01:56:20.980Z]   Following redirect: dinosaurs → dinosaurs
[2026-08-06T01:56:21.140Z]   Following redirect: dinosaurs → dinosaurs
[2026-08-06T01:56:21.300Z]   Following redirect: dinosaurs → dinosaurs
[2026-08-06T01:56:21.460Z]   Following redirect: dinosaurs → dinosaurs
[2026-08-06T01:56:21.620Z]   Following redirect: dinosaurs → dinosaurs
[2026-08-06T01:56:21.780Z]   Following redirect: dinosaurs → dinosaurs
[2026-08-06T01:56:21.942Z]   Following redirect: dinosaurs → dinosaurs
[2026-08-06T01:56:22.102Z]   Following redirect: dinosaurs → dinosaurs
[2026-08-06T01:56:22.262Z]   Following redirect: dinosaurs → dinosaurs
[2026-08-06T01:56:22.426Z]   Following redirect: dinosaurs → dinosaurs
[2026-08-06T01:56:22.589Z]   Following redirect: dinosaurs → dinosaurs
[2026-08-06T01:56:22.751Z]   Following redirect: dinosaurs → dinosaurs
[2026-08-06T01:56:22.912Z]   Following redirect: dinosaurs → dinosaurs
[2026-08-06T01:56:23.072Z]   Following redirect: dinosaurs → dinosaurs
[2026-08-06T01:56:23.232Z]   Following redirect: dinosaurs → dinosaurs
[2026-08-06T01:56:23.392Z]   Following redirect: dinosaurs → dinosaurs
[2026-08-06T01:56:23.552Z]   Following redirect: dinosaurs → dinosaurs
[2026-08-06T01:56:23.712Z]   Following redirect: dinosaurs → dinosaurs
[2026-08-06T01:56:23.872Z]   Following redirect: dinosaurs → dinosaurs
[2026-08-06T01:56:24.031Z]   Following redirect: dinosaurs → dinosaurs
[2026-08-06T01:56:24.192Z]   Following redirect: dinosaurs → dinosaurs
[2026-08-06T01:56:24.352Z]   Following redirect: dinosaurs → dinosaurs
[2026-08-06T01:56:24.513Z]   Following redirect: dinosaurs → dinosaurs
[2026-08-06T01:56:24.673Z]   Following redirect: dinosaurs → dinosaurs
[2026-08-06T01:56:24.834Z]   Following redirect: dinosaurs → dinosaurs
[2026-08-06T01:56:24.996Z]   Following redirect: dinosaurs → dinosaurs
[2026-08-06T01:56:25.157Z]   Following redirect: dinosaurs → dinosaurs
[2026-08-06T01:56:25.319Z]   Following redirect: dinosaurs → dinosaurs
[2026-08-06T01:56:25.480Z]   Following redirect: dinosaurs → dinosaurs
[2026-08-06T01:56:25.640Z]   Following redirect: dinosaurs → dinosaurs
[2026-08-06T01:56:25.800Z]   Following redirect: dinosaurs → dinosaurs
[2026-08-06T01:56:25.960Z]   Following redirect: dinosaurs → dinosaurs
[2026-08-06T01:56:26.121Z]   Following redirect: dinosaurs → dinosaurs
[2026-08-06T01:56:26.283Z]   Following redirect: dinosaurs → dinosaurs
[2026-08-06T01:56:26.812Z]   Following redirect: dinosaurs → dinosaurs
[2026-08-06T01:56:26.972Z]   Following redirect: dinosaurs → dinosaurs
[2026-08-06T01:56:27.132Z]   Following redirect: dinosaurs → dinosaurs
[2026-08-06T01:56:27.292Z]   Following redirect: dinosaurs → dinosaurs
[2026-08-06T01:56:27.455Z]   Following redirect: dinosaurs → dinosaurs
[2026-08-06T01:56:27.617Z]   Following redirect: dinosaurs → dinosaurs
[2026-08-06T01:56:27.779Z]   Following redirect: dinosaurs → dinosaurs
[2026-08-06T01:56:27.942Z]   Following redirect: dinosaurs → dinosaurs
[2026-08-06T01:56:28.102Z]   Following redirect: dinosaurs → dinosaurs
[2026-08-06T01:56:28.265Z]   Following redirect: dinosaurs → dinosaurs
[2026-08-06T01:56:28.426Z]   Following redirect: dinosaurs → dinosaurs
[2026-08-06T01:56:28.586Z]   Following redirect: dinosaurs → dinosaurs
[2026-08-06T01:56:28.746Z]   Following redirect: dinosaurs → dinosaurs
[2026-08-06T01:56:28.906Z]   Following redirect: dinosaurs → dinosaurs
[2026-08-06T01:56:29.066Z]   Following redirect: dinosaurs → dinosaurs
[2026-08-06T01:56:29.226Z]   Following redirect: dinosaurs → dinosaurs
[2026-08-06T01:56:29.387Z]   Following redirect: dinosaurs → dinosaurs
[2026-08-06T01:56:29.548Z]   Following redirect: dinosaurs → dinosaurs
[2026-08-06T01:56:29.708Z]   Following redirect: dinosaurs → dinosaurs
[2026-08-06T01:56:29.871Z]   Following redirect: dinosaurs → dinosaurs
[2026-08-06T01:56:30.033Z]   Following redirect: dinosaurs → dinosaurs
[2026-08-06T01:56:30.195Z]   Following redirect: dinosaurs → dinosaurs
[2026-08-06T01:56:30.357Z]   Following redirect: dinosaurs → dinosaurs
[2026-08-06T01:56:30.519Z]   Following redirect: dinosaurs → dinosaurs
[2026-08-06T01:56:30.678Z]   Following redirect: dinosaurs → dinosaurs
[2026-08-06T01:56:30.838Z]   Following redirect: dinosaurs → dinosaurs
[2026-08-06T01:56:30.998Z]   Following redirect: dinosaurs → dinosaurs
[2026-08-06T01:56:31.158Z]   Following redirect: dinosaurs → dinosaurs
[2026-08-06T01:56:31.318Z]   Following redirect: dinosaurs → dinosaurs
[2026-08-06T01:56:31.478Z]   Following redirect: dinosaurs → dinosaurs
[2026-08-06T01:56:31.638Z]   Following redirect: dinosaurs → dinosaurs
[2026-08-06T01:56:31.798Z]   Following redirect: dinosaurs → dinosaurs
[2026-08-06T01:56:31.958Z]   Following redirect: dinosaurs → dinosaurs
[2026-08-06T01:56:32.118Z]   Following redirect: dinosaurs → dinosaurs
[2026-08-06T01:56:32.278Z]   Following redirect: dinosaurs → dinosaurs
[2026-08-06T01:56:32.439Z]   Following redirect: dinosaurs → dinosaurs
[2026-08-06T01:56:32.600Z]   Following redirect: dinosaurs → dinosaurs
[2026-08-06T01:56:32.764Z]   Following redirect: dinosaurs → dinosaurs
[2026-08-06T01:56:32.924Z]   Following redirect: dinosaurs → dinosaurs
[2026-08-06T01:56:33.085Z]   Following redirect: dinosaurs → dinosaurs
[2026-08-06T01:56:33.248Z]   Following redirect: dinosaurs → dinosaurs
[2026-08-06T01:56:33.408Z]   Following redirect: dinosaurs → dinosaurs
[2026-08-06T01:56:33.572Z]   Following redirect: dinosaurs → dinosaurs
[2026-08-06T01:56:33.732Z]   Following redirect: dinosaurs → dinosaurs
[2026-08-06T01:56:33.892Z]   Following redirect: dinosaurs → dinosaurs
[2026-08-06T01:56:34.053Z]   Following redirect: dinosaurs → dinosaurs
[2026-08-06T01:56:34.214Z]   Following redirect: dinosaurs → dinosaurs
[2026-08-06T01:56:34.376Z]   Following redirect: dinosaurs → dinosaurs
[2026-08-06T01:56:34.536Z]   Following redirect: dinosaurs → dinosaurs
[2026-08-06T01:56:34.697Z]   Following redirect: dinosaurs → dinosaurs
[2026-08-06T01:56:34.859Z]   Following redirect: dinosaurs → dinosaurs
[2026-08-06T01:56:35.020Z]   Following redirect: dinosaurs → dinosaurs
[2026-08-06T01:56:35.181Z]   Following redirect: dinosaurs → dinosaurs
[2026-08-06T01:56:35.341Z]   Following redirect: dinosaurs → dinosaurs
[2026-08-06T01:56:35.502Z]   Following redirect: dinosaurs → dinosaurs
[2026-08-06T01:56:35.662Z]   Following redirect: dinosaurs → dinosaurs
[2026-08-06T01:56:35.821Z]   Following redirect: dinosaurs → dinosaurs
[2026-08-06T01:56:35.981Z]   Following redirect: dinosaurs → dinosaurs
[2026-08-06T01:56:36.143Z]   Following redirect: dinosaurs → dinosaurs
[2026-08-06T01:56:36.302Z]   Following redirect: dinosaurs → dinosaurs
[2026-08-06T01:56:36.464Z]   Following redirect: dinosaurs → dinosaurs
[2026-08-06T01:56:36.624Z]   Following redirect: dinosaurs → dinosaurs
[2026-08-06T01:56:36.786Z]   Following redirect: dinosaurs → dinosaurs
[2026-08-06T01:56:36.946Z]   Following redirect: dinosaurs → dinosaurs
[2026-08-06T01:56:37.106Z]   Following redirect: dinosaurs → dinosaurs
[2026-08-06T01:56:37.268Z]   Following redirect: dinosaurs → dinosaurs
[2026-08-06T01:56:37.429Z]   Following redirect: dinosaurs → dinosaurs
[2026-08-06T01:56:37.591Z]   Following redirect: dinosaurs → dinosaurs
[2026-08-06T01:56:37.753Z]   Following redirect: dinosaurs → dinosaurs
[2026-08-06T01:56:37.914Z]   Following redirect: dinosaurs → dinosaurs
[2026-08-06T01:56:38.074Z]   Following redirect: dinosaurs → dinosaurs
[2026-08-06T01:56:38.234Z]   Following redirect: dinosaurs → dinosaurs
[2026-08-06T01:56:38.399Z]   Following redirect: dinosaurs → dinosaurs
[2026-08-06T01:56:38.560Z]   Following redirect: dinosaurs → dinosaurs
[2026-08-06T01:56:38.720Z]   Following redirect: dinosaurs → dinosaurs
[2026-08-06T01:56:38.880Z]   Following redirect: dinosaurs → dinosaurs
[2026-08-06T01:56:39.040Z]   Following redirect: dinosaurs → dinosaurs
[2026-08-06T01:56:39.200Z]   Following redirect: dinosaurs → dinosaurs
[2026-08-06T01:56:39.360Z]   Following redirect: dinosaurs → dinosaurs
[2026-08-06T01:56:39.522Z]   Following redirect: dinosaurs → dinosaurs
[2026-08-06T01:56:39.683Z]   Following redirect: dinosaurs → dinosaurs
[2026-08-06T01:56:39.844Z]   Following redirect: dinosaurs → dinosaurs
[2026-08-06T01:56:40.005Z]   Following redirect: dinosaurs → dinosaurs
[2026-08-06T01:56:40.168Z]   Following redirect: dinosaurs → dinosaurs
[2026-08-06T01:56:40.330Z]   Following redirect: dinosaurs → dinosaurs
[2026-08-06T01:56:40.491Z]   Following redirect: dinosaurs → dinosaurs
[2026-08-06T01:56:40.652Z]   Following redirect: dinosaurs → dinosaurs
[2026-08-06T01:56:40.812Z]   Following redirect: dinosaurs → dinosaurs
[2026-08-06T01:56:40.973Z]   Following redirect: dinosaurs → dinosaurs
[2026-08-06T01:56:41.134Z]   Following redirect: dinosaurs → dinosaurs
[2026-08-06T01:56:41.294Z]   Following redirect: dinosaurs → dinosaurs
[2026-08-06T01:56:41.454Z]   Following redirect: dinosaurs → dinosaurs
[2026-08-06T01:56:41.614Z]   Following redirect: dinosaurs → dinosaurs
[2026-08-06T01:56:41.776Z]   Following redirect: dinosaurs → dinosaurs
[2026-08-06T01:56:41.937Z]   Following redirect: dinosaurs → dinosaurs
[2026-08-06T01:56:42.098Z]   Following redirect: dinosaurs → dinosaurs
[2026-08-06T01:56:42.258Z]   Following redirect: dinosaurs → dinosaurs
[2026-08-06T01:56:42.418Z]   Following redirect: dinosaurs → dinosaurs
[2026-08-06T01:56:42.579Z]   Following redirect: dinosaurs → dinosaurs
[2026-08-06T01:56:42.741Z]   Following redirect: dinosaurs → dinosaurs
[2026-08-06T01:56:42.903Z]   Following redirect: dinosaurs → dinosaurs
[2026-08-06T01:56:43.065Z]   Following redirect: dinosaurs → dinosaurs
[2026-08-06T01:56:43.227Z]   Following redirect: dinosaurs → dinosaurs
[2026-08-06T01:56:43.389Z]   Following redirect: dinosaurs → dinosaurs
[2026-08-06T01:56:43.548Z]   Following redirect: dinosaurs → dinosaurs
[2026-08-06T01:56:43.708Z]   Following redirect: dinosaurs → dinosaurs
[2026-08-06T01:56:43.870Z]   Following redirect: dinosaurs → dinosaurs
[2026-08-06T01:56:44.030Z]   Following redirect: dinosaurs → dinosaurs
[2026-08-06T01:56:44.190Z]   Following redirect: dinosaurs → dinosaurs
[2026-08-06T01:56:44.350Z]   Following redirect: dinosaurs → dinosaurs
[2026-08-06T01:56:44.510Z]   Following redirect: dinosaurs → dinosaurs
[2026-08-06T01:56:44.670Z]   Following redirect: dinosaurs → dinosaurs
[2026-08-06T01:56:44.830Z]   Following redirect: dinosaurs → dinosaurs
[2026-08-06T01:56:44.990Z]   Following redirect: dinosaurs → dinosaurs
[2026-08-06T01:56:45.152Z]   Following redirect: dinosaurs → dinosaurs
[2026-08-06T01:56:45.313Z]   Following redirect: dinosaurs → dinosaurs
[2026-08-06T01:56:45.479Z]   Following redirect: dinosaurs → dinosaurs
[2026-08-06T01:56:45.640Z]   Following redirect: dinosaurs → dinosaurs
[2026-08-06T01:56:45.800Z]   Following redirect: dinosaurs → dinosaurs
[2026-08-06T01:56:45.961Z]   Following redirect: dinosaurs → dinosaurs
[2026-08-06T01:56:46.120Z]   Following redirect: dinosaurs → dinosaurs
[2026-08-06T01:56:46.280Z]   Following redirect: dinosaurs → dinosaurs
[2026-08-06T01:56:46.439Z]   Following redirect: dinosaurs → dinosaurs
[2026-08-06T01:56:46.603Z]   Following redirect: dinosaurs → dinosaurs
[2026-08-06T01:56:46.766Z]   Following redirect: dinosaurs → dinosaurs
[2026-08-06T01:56:46.926Z]   Following redirect: dinosaurs → dinosaurs
[2026-08-06T01:56:47.088Z]   Following redirect: dinosaurs → dinosaurs
[2026-08-06T01:56:47.248Z]   Following redirect: dinosaurs → dinosaurs
[2026-08-06T01:56:47.408Z]   Following redirect: dinosaurs → dinosaurs
[2026-08-06T01:56:47.586Z]   Following redirect: dinosaurs → dinosaurs
[2026-08-06T01:56:47.773Z]   Following redirect: dinosaurs → dinosaurs
[2026-08-06T01:56:47.944Z]   Following redirect: dinosaurs → dinosaurs
[2026-08-06T01:56:48.105Z]   Following redirect: dinosaurs → dinosaurs
[2026-08-06T01:56:48.267Z]   Following redirect: dinosaurs → dinosaurs
[2026-08-06T01:56:48.429Z]   Following redirect: dinosaurs → dinosaurs
[2026-08-06T01:56:48.590Z]   Following redirect: dinosaurs → dinosaurs
[2026-08-06T01:56:48.752Z]   Following redirect: dinosaurs → dinosaurs
[2026-08-06T01:56:48.912Z]   Following redirect: dinosaurs → dinosaurs
[2026-08-06T01:56:49.072Z]   Following redirect: dinosaurs → dinosaurs
[2026-08-06T01:56:49.232Z]   Following redirect: dinosaurs → dinosaurs
[2026-08-06T01:56:49.391Z]   Following redirect: dinosaurs → dinosaurs
[2026-08-06T01:56:49.553Z]   Following redirect: dinosaurs → dinosaurs
[2026-08-06T01:56:49.716Z]   Following redirect: dinosaurs → dinosaurs
[2026-08-06T01:56:49.876Z]   Following redirect: dinosaurs → dinosaurs
[2026-08-06T01:56:50.036Z]   Following redirect: dinosaurs → dinosaurs
[2026-08-06T01:56:50.196Z]   Following redirect: dinosaurs → dinosaurs
[2026-08-06T01:56:50.359Z]   Following redirect: dinosaurs → dinosaurs
[2026-08-06T01:56:50.520Z]   Following redirect: dinosaurs → dinosaurs
[2026-08-06T01:56:50.680Z]   Following redirect: dinosaurs → dinosaurs
[2026-08-06T01:56:50.840Z]   Following redirect: dinosaurs → dinosaurs
[2026-08-06T01:56:51.000Z]   Following redirect: dinosaurs → dinosaurs
[2026-08-06T01:56:51.161Z]   Following redirect: dinosaurs → dinosaurs
[2026-08-06T01:56:51.324Z]   Following redirect: dinosaurs → dinosaurs
[2026-08-06T01:56:51.484Z]   Following redirect: dinosaurs → dinosaurs
[2026-08-06T01:56:51.644Z]   Following redirect: dinosaurs → dinosaurs
[2026-08-06T01:56:51.804Z]   Following redirect: dinosaurs → dinosaurs
[2026-08-06T01:56:51.963Z]   Following redirect: dinosaurs → dinosaurs
[2026-08-06T01:56:52.124Z]   Following redirect: dinosaurs → dinosaurs
[2026-08-06T01:56:52.284Z]   Following redirect: dinosaurs → dinosaurs
[2026-08-06T01:56:52.449Z]   Following redirect: dinosaurs → dinosaurs
[2026-08-06T01:56:52.609Z]   Following redirect: dinosaurs → dinosaurs
[2026-08-06T01:56:52.772Z]   Following redirect: dinosaurs → dinosaurs
[2026-08-06T01:56:52.933Z]   Following redirect: dinosaurs → dinosaurs
[2026-08-06T01:56:53.095Z]   Following redirect: dinosaurs → dinosaurs
[2026-08-06T01:56:53.257Z]   Following redirect: dinosaurs → dinosaurs
[2026-08-06T01:56:53.418Z]   Following redirect: dinosaurs → dinosaurs
[2026-08-06T01:56:53.578Z]   Following redirect: dinosaurs → dinosaurs
[2026-08-06T01:56:53.738Z]   Following redirect: dinosaurs → dinosaurs
[2026-08-06T01:56:53.898Z]   Following redirect: dinosaurs → dinosaurs
[2026-08-06T01:56:54.059Z]   Following redirect: dinosaurs → dinosaurs
[2026-08-06T01:56:54.220Z]   Following redirect: dinosaurs → dinosaurs
[2026-08-06T01:56:54.381Z]   Following redirect: dinosaurs → dinosaurs
[2026-08-06T01:56:54.547Z]   Following redirect: dinosaurs → dinosaurs
[2026-08-06T01:56:54.710Z]   Following redirect: dinosaurs → dinosaurs
[2026-08-06T01:56:54.870Z]   Following redirect: dinosaurs → dinosaurs
[2026-08-06T01:56:55.030Z]   Following redirect: dinosaurs → dinosaurs
[2026-08-06T01:56:55.195Z]   Following redirect: dinosaurs → dinosaurs
[2026-08-06T01:56:55.354Z]   Following redirect: dinosaurs → dinosaurs
[2026-08-06T01:56:55.515Z]   Following redirect: dinosaurs → dinosaurs
[2026-08-06T01:56:55.674Z]   Following redirect: dinosaurs → dinosaurs
[2026-08-06T01:56:55.835Z]   Following redirect: dinosaurs → dinosaurs
[2026-08-06T01:56:55.995Z]   Following redirect: dinosaurs → dinosaurs
[2026-08-06T01:56:56.156Z]   Following redirect: dinosaurs → dinosaurs
[2026-08-06T01:56:56.320Z]   Following redirect: dinosaurs → dinosaurs
[2026-08-06T01:56:56.482Z]   Following redirect: dinosaurs → dinosaurs
[2026-08-06T01:56:56.642Z]   Following redirect: dinosaurs → dinosaurs
[2026-08-06T01:56:56.802Z]   Following redirect: dinosaurs → dinosaurs
[2026-08-06T01:56:56.964Z]   Following redirect: dinosaurs → dinosaurs
[2026-08-06T01:56:57.124Z]   Following redirect: dinosaurs → dinosaurs
[2026-08-06T01:56:57.284Z]   Following redirect: dinosaurs → dinosaurs
[2026-08-06T01:56:57.444Z]   Following redirect: dinosaurs → dinosaurs
[2026-08-06T01:56:57.604Z]   Following redirect: dinosaurs → dinosaurs
[2026-08-06T01:56:57.764Z]   Following redirect: dinosaurs → dinosaurs
[2026-08-06T01:56:57.924Z]   Following redirect: dinosaurs → dinosaurs
[2026-08-06T01:56:58.084Z]   Following redirect: dinosaurs → dinosaurs
[2026-08-06T01:56:58.245Z]   Following redirect: dinosaurs → dinosaurs
[2026-08-06T01:56:58.407Z]   Following redirect: dinosaurs → dinosaurs
[2026-08-06T01:56:58.567Z]   Following redirect: dinosaurs → dinosaurs
[2026-08-06T01:56:58.729Z]   Following redirect: dinosaurs → dinosaurs
[2026-08-06T01:56:58.891Z]   Following redirect: dinosaurs → dinosaurs
[2026-08-06T01:56:59.052Z]   Following redirect: dinosaurs → dinosaurs
[2026-08-06T01:56:59.212Z]   Following redirect: dinosaurs → dinosaurs
[2026-08-06T01:56:59.372Z]   Following redirect: dinosaurs → dinosaurs
[2026-08-06T01:56:59.532Z]   Following redirect: dinosaurs → dinosaurs
[2026-08-06T01:56:59.692Z]   Following redirect: dinosaurs → dinosaurs
[2026-08-06T01:56:59.852Z]   Following redirect: dinosaurs → dinosaurs
[2026-08-06T01:57:00.012Z]   Following redirect: dinosaurs → dinosaurs
[2026-08-06T01:57:00.174Z]   Following redirect: dinosaurs → dinosaurs
[2026-08-06T01:57:00.334Z]   Following redirect: dinosaurs → dinosaurs
[2026-08-06T01:57:00.494Z]   Following redirect: dinosaurs → dinosaurs
[2026-08-06T01:57:00.654Z]   Following redirect: dinosaurs → dinosaurs
[2026-08-06T01:57:00.816Z]   Following redirect: dinosaurs → dinosaurs
[2026-08-06T01:57:00.979Z]   Following redirect: dinosaurs → dinosaurs
[2026-08-06T01:57:01.141Z]   Following redirect: dinosaurs → dinosaurs
[2026-08-06T01:57:01.303Z]   Following redirect: dinosaurs → dinosaurs
[2026-08-06T01:57:01.465Z]   Following redirect: dinosaurs → dinosaurs
[2026-08-06T01:57:01.626Z]   Following redirect: dinosaurs → dinosaurs
[2026-08-06T01:57:01.786Z]   Following redirect: dinosaurs → dinosaurs
[2026-08-06T01:57:01.947Z]   Following redirect: dinosaurs → dinosaurs
[2026-08-06T01:57:02.108Z]   Following redirect: dinosaurs → dinosaurs
[2026-08-06T01:57:02.269Z]   Following redirect: dinosaurs → dinosaurs
[2026-08-06T01:57:02.428Z]   Following redirect: dinosaurs → dinosaurs
[2026-08-06T01:57:02.588Z]   Following redirect: dinosaurs → dinosaurs
[2026-08-06T01:57:02.748Z]   Following redirect: dinosaurs → dinosaurs
[2026-08-06T01:57:02.908Z]   Following redirect: dinosaurs → dinosaurs
[2026-08-06T01:57:03.070Z]   Following redirect: dinosaurs → dinosaurs
[2026-08-06T01:57:03.232Z]   Following redirect: dinosaurs → dinosaurs
[2026-08-06T01:57:03.392Z]   Following redirect: dinosaurs → dinosaurs
[2026-08-06T01:57:03.555Z]   Following redirect: dinosaurs → dinosaurs
[2026-08-06T01:57:03.717Z]   Following redirect: dinosaurs → dinosaurs
[2026-08-06T01:57:03.879Z]   Following redirect: dinosaurs → dinosaurs
[2026-08-06T01:57:04.040Z]   Following redirect: dinosaurs → dinosaurs
[2026-08-06T01:57:04.207Z]   Following redirect: dinosaurs → dinosaurs
[2026-08-06T01:57:04.374Z]   Following redirect: dinosaurs → dinosaurs
[2026-08-06T01:57:04.534Z]   Following redirect: dinosaurs → dinosaurs
[2026-08-06T01:57:04.694Z]   Following redirect: dinosaurs → dinosaurs
[2026-08-06T01:57:04.855Z]   Following redirect: dinosaurs → dinosaurs
[2026-08-06T01:57:05.016Z]   Following redirect: dinosaurs → dinosaurs
[2026-08-06T01:57:05.178Z]   Following redirect: dinosaurs → dinosaurs
[2026-08-06T01:57:05.338Z]   Following redirect: dinosaurs → dinosaurs
[2026-08-06T01:57:05.500Z]   Following redirect: dinosaurs → dinosaurs
[2026-08-06T01:57:05.662Z]   Following redirect: dinosaurs → dinosaurs
[2026-08-06T01:57:05.822Z]   Following redirect: dinosaurs → dinosaurs
[2026-08-06T01:57:05.982Z]   Following redirect: dinosaurs → dinosaurs
[2026-08-06T01:57:06.143Z]   Following redirect: dinosaurs → dinosaurs
[2026-08-06T01:57:06.305Z]   Following redirect: dinosaurs → dinosaurs
[2026-08-06T01:57:06.467Z]   Following redirect: dinosaurs → dinosaurs
[2026-08-06T01:57:06.626Z]   Following redirect: dinosaurs → dinosaurs
[2026-08-06T01:57:06.794Z]   Following redirect: dinosaurs → dinosaurs
[2026-08-06T01:57:06.954Z]   Following redirect: dinosaurs → dinosaurs
[2026-08-06T01:57:07.114Z]   Following redirect: dinosaurs → dinosaurs
[2026-08-06T01:57:07.276Z]   Following redirect: dinosaurs → dinosaurs
[2026-08-06T01:57:07.436Z]   Following redirect: dinosaurs → dinosaurs
[2026-08-06T01:57:07.596Z]   Following redirect: dinosaurs → dinosaurs
[2026-08-06T01:57:07.757Z]   Following redirect: dinosaurs → dinosaurs
[2026-08-06T01:57:07.929Z]   Following redirect: dinosaurs → dinosaurs
[2026-08-06T01:57:08.088Z]   Following redirect: dinosaurs → dinosaurs
[2026-08-06T01:57:08.248Z]   Following redirect: dinosaurs → dinosaurs
[2026-08-06T01:57:08.414Z]   Following redirect: dinosaurs → dinosaurs
[2026-08-06T01:57:08.576Z]   Following redirect: dinosaurs → dinosaurs
[2026-08-06T01:57:08.737Z]   Following redirect: dinosaurs → dinosaurs
[2026-08-06T01:57:08.942Z]   Following redirect: dinosaurs → dinosaurs
[2026-08-06T01:57:09.103Z]   Following redirect: dinosaurs → dinosaurs
[2026-08-06T01:57:09.263Z]   Following redirect: dinosaurs → dinosaurs
[2026-08-06T01:57:09.424Z]   Following redirect: dinosaurs → dinosaurs
[2026-08-06T01:57:09.584Z]   Following redirect: dinosaurs → dinosaurs
[2026-08-06T01:57:09.747Z]   Following redirect: dinosaurs → dinosaurs
[2026-08-06T01:57:09.906Z]   Following redirect: dinosaurs → dinosaurs
[2026-08-06T01:57:10.067Z]   Following redirect: dinosaurs → dinosaurs
[2026-08-06T01:57:10.226Z]   Following redirect: dinosaurs → dinosaurs
[2026-08-06T01:57:10.388Z]   Following redirect: dinosaurs → dinosaurs
[2026-08-06T01:57:10.549Z]   Following redirect: dinosaurs → dinosaurs
[2026-08-06T01:57:10.708Z]   Following redirect: dinosaurs → dinosaurs
[2026-08-06T01:57:10.868Z]   Following redirect: dinosaurs → dinosaurs
[2026-08-06T01:57:11.028Z]   Following redirect: dinosaurs → dinosaurs
[2026-08-06T01:57:11.188Z]   Following redirect: dinosaurs → dinosaurs
[2026-08-06T01:57:11.349Z]   Following redirect: dinosaurs → dinosaurs
[2026-08-06T01:57:11.511Z]   Following redirect: dinosaurs → dinosaurs
[2026-08-06T01:57:11.672Z]   Following redirect: dinosaurs → dinosaurs
[2026-08-06T01:57:11.833Z]   Following redirect: dinosaurs → dinosaurs
[2026-08-06T01:57:11.995Z]   Following redirect: dinosaurs → dinosaurs
[2026-08-06T01:57:12.156Z]   Following redirect: dinosaurs → dinosaurs
[2026-08-06T01:57:12.319Z]   Following redirect: dinosaurs → dinosaurs
[2026-08-06T01:57:12.478Z]   Following redirect: dinosaurs → dinosaurs
[2026-08-06T01:57:12.639Z]   Following redirect: dinosaurs → dinosaurs
[2026-08-06T01:57:12.800Z]   Following redirect: dinosaurs → dinosaurs
[2026-08-06T01:57:12.960Z]   Following redirect: dinosaurs → dinosaurs
[2026-08-06T01:57:13.120Z]   Following redirect: dinosaurs → dinosaurs
[2026-08-06T01:57:13.280Z]   Following redirect: dinosaurs → dinosaurs
[2026-08-06T01:57:13.440Z]   Following redirect: dinosaurs → dinosaurs
[2026-08-06T01:57:13.600Z]   Following redirect: dinosaurs → dinosaurs
[2026-08-06T01:57:13.761Z]   Following redirect: dinosaurs → dinosaurs
[2026-08-06T01:57:13.923Z]   Following redirect: dinosaurs → dinosaurs
[2026-08-06T01:57:14.085Z]   Following redirect: dinosaurs → dinosaurs
[2026-08-06T01:57:14.247Z]   Following redirect: dinosaurs → dinosaurs
[2026-08-06T01:57:14.409Z]   Following redirect: dinosaurs → dinosaurs
[2026-08-06T01:57:14.574Z]   Following redirect: dinosaurs → dinosaurs
[2026-08-06T01:57:14.735Z]   Following redirect: dinosaurs → dinosaurs
[2026-08-06T01:57:14.894Z]   Following redirect: dinosaurs → dinosaurs
[2026-08-06T01:57:15.055Z]   Following redirect: dinosaurs → dinosaurs
[2026-08-06T01:57:15.214Z]   Following redirect: dinosaurs → dinosaurs
[2026-08-06T01:57:15.376Z]   Following redirect: dinosaurs → dinosaurs
[2026-08-06T01:57:15.536Z]   Following redirect: dinosaurs → dinosaurs
[2026-08-06T01:57:15.696Z]   Following redirect: dinosaurs → dinosaurs
[2026-08-06T01:57:15.856Z]   Following redirect: dinosaurs → dinosaurs
[2026-08-06T01:57:16.016Z]   Following redirect: dinosaurs → dinosaurs
[2026-08-06T01:57:16.177Z]   Following redirect: dinosaurs → dinosaurs
[2026-08-06T01:57:16.336Z]   Following redirect: dinosaurs → dinosaurs
[2026-08-06T01:57:16.497Z]   Following redirect: dinosaurs → dinosaurs
[2026-08-06T01:57:16.662Z]   Following redirect: dinosaurs → dinosaurs
[2026-08-06T01:57:16.825Z]   Following redirect: dinosaurs → dinosaurs
[2026-08-06T01:57:16.986Z]   Following redirect: dinosaurs → dinosaurs
[2026-08-06T01:57:17.147Z]   Following redirect: dinosaurs → dinosaurs
[2026-08-06T01:57:17.309Z]   Following redirect: dinosaurs → dinosaurs
[2026-08-06T01:57:17.470Z]   Following redirect: dinosaurs → dinosaurs
[2026-08-06T01:57:17.630Z]   Following redirect: dinosaurs → dinosaurs
[2026-08-06T01:57:17.790Z]   Following redirect: dinosaurs → dinosaurs
[2026-08-06T01:57:17.950Z]   Following redirect: dinosaurs → dinosaurs
[2026-08-06T01:57:18.112Z]   Following redirect: dinosaurs → dinosaurs
[2026-08-06T01:57:18.274Z]   Following redirect: dinosaurs → dinosaurs
[2026-08-06T01:57:18.432Z]   Following redirect: dinosaurs → dinosaurs
[2026-08-06T01:57:18.593Z]   Following redirect: dinosaurs → dinosaurs
[2026-08-06T01:57:18.752Z]   Following redirect: dinosaurs → dinosaurs
[2026-08-06T01:57:18.913Z]   Following redirect: dinosaurs → dinosaurs
[2026-08-06T01:57:19.076Z]   Following redirect: dinosaurs → dinosaurs
[2026-08-06T01:57:19.237Z]   Following redirect: dinosaurs → dinosaurs
[2026-08-06T01:57:19.399Z]   Following redirect: dinosaurs → dinosaurs
[2026-08-06T01:57:19.559Z]   Following redirect: dinosaurs → dinosaurs
[2026-08-06T01:57:19.720Z]   Following redirect: dinosaurs → dinosaurs
[2026-08-06T01:57:19.882Z]   Following redirect: dinosaurs → dinosaurs
[2026-08-06T01:57:20.042Z]   Following redirect: dinosaurs → dinosaurs
[2026-08-06T01:57:20.202Z]   Following redirect: dinosaurs → dinosaurs
[2026-08-06T01:57:20.362Z]   Following redirect: dinosaurs → dinosaurs
[2026-08-06T01:57:20.522Z]   Following redirect: dinosaurs → dinosaurs
[2026-08-06T01:57:20.683Z]   Following redirect: dinosaurs → dinosaurs
[2026-08-06T01:57:20.844Z]   Following redirect: dinosaurs → dinosaurs
[2026-08-06T01:57:21.004Z]   Following redirect: dinosaurs → dinosaurs
[2026-08-06T01:57:21.164Z]   Following redirect: dinosaurs → dinosaurs
[2026-08-06T01:57:21.327Z]   Following redirect: dinosaurs → dinosaurs
[2026-08-06T01:57:21.489Z]   Following redirect: dinosaurs → dinosaurs
[2026-08-06T01:57:21.651Z]   Following redirect: dinosaurs → dinosaurs
[2026-08-06T01:57:21.811Z]   Following redirect: dinosaurs → dinosaurs
[2026-08-06T01:57:21.973Z]   Following redirect: dinosaurs → dinosaurs
[2026-08-06T01:57:22.133Z]   Following redirect: dinosaurs → dinosaurs
[2026-08-06T01:57:22.292Z]   Following redirect: dinosaurs → dinosaurs
[2026-08-06T01:57:22.455Z]   Following redirect: dinosaurs → dinosaurs
[2026-08-06T01:57:22.614Z]   Following redirect: dinosaurs → dinosaurs
[2026-08-06T01:57:22.774Z]   Following redirect: dinosaurs → dinosaurs
[2026-08-06T01:57:22.937Z]   Following redirect: dinosaurs → dinosaurs
[2026-08-06T01:57:23.096Z]   Following redirect: dinosaurs → dinosaurs
[2026-08-06T01:57:23.256Z]   Following redirect: dinosaurs → dinosaurs
[2026-08-06T01:57:23.418Z]   Following redirect: dinosaurs → dinosaurs
[2026-08-06T01:57:23.579Z]   Following redirect: dinosaurs → dinosaurs
[2026-08-06T01:57:23.738Z]   Following redirect: dinosaurs → dinosaurs
[2026-08-06T01:57:23.898Z]   Following redirect: dinosaurs → dinosaurs
[2026-08-06T01:57:24.058Z]   Following redirect: dinosaurs → dinosaurs
[2026-08-06T01:57:24.219Z]   Following redirect: dinosaurs → dinosaurs
[2026-08-06T01:57:24.379Z]   Following redirect: dinosaurs → dinosaurs
[2026-08-06T01:57:24.541Z]   Following redirect: dinosaurs → dinosaurs
[2026-08-06T01:57:24.702Z]   Following redirect: dinosaurs → dinosaurs
[2026-08-06T01:57:24.863Z]   Following redirect: dinosaurs → dinosaurs
[2026-08-06T01:57:25.025Z]   Following redirect: dinosaurs → dinosaurs
[2026-08-06T01:57:25.186Z]   Following redirect: dinosaurs → dinosaurs
[2026-08-06T01:57:25.346Z]   Following redirect: dinosaurs → dinosaurs
[2026-08-06T01:57:25.509Z]   Following redirect: dinosaurs → dinosaurs
[2026-08-06T01:57:25.722Z]   Following redirect: dinosaurs → dinosaurs
[2026-08-06T01:57:25.883Z]   Following redirect: dinosaurs → dinosaurs
[2026-08-06T01:57:26.044Z]   Following redirect: dinosaurs → dinosaurs
[2026-08-06T01:57:26.204Z]   Following redirect: dinosaurs → dinosaurs
[2026-08-06T01:57:26.365Z]   Following redirect: dinosaurs → dinosaurs
[2026-08-06T01:57:26.525Z]   Following redirect: dinosaurs → dinosaurs
[2026-08-06T01:57:26.684Z]   Following redirect: dinosaurs → dinosaurs
[2026-08-06T01:57:26.846Z]   Following redirect: dinosaurs → dinosaurs
[2026-08-06T01:57:27.007Z]   Following redirect: dinosaurs → dinosaurs
[2026-08-06T01:57:27.171Z]   Following redirect: dinosaurs → dinosaurs
[2026-08-06T01:57:27.333Z]   Following redirect: dinosaurs → dinosaurs
[2026-08-06T01:57:27.495Z]   Following redirect: dinosaurs → dinosaurs
[2026-08-06T01:57:27.654Z]   Following redirect: dinosaurs → dinosaurs
[2026-08-06T01:57:27.814Z]   Following redirect: dinosaurs → dinosaurs
[2026-08-06T01:57:27.975Z]   Following redirect: dinosaurs → dinosaurs
[2026-08-06T01:57:28.136Z]   Following redirect: dinosaurs → dinosaurs
[2026-08-06T01:57:28.297Z]   Following redirect: dinosaurs → dinosaurs
[2026-08-06T01:57:28.458Z]   Following redirect: dinosaurs → dinosaurs
[2026-08-06T01:57:28.618Z]   Following redirect: dinosaurs → dinosaurs
[2026-08-06T01:57:28.778Z]   Following redirect: dinosaurs → dinosaurs
[2026-08-06T01:57:28.938Z]   Following redirect: dinosaurs → dinosaurs
[2026-08-06T01:57:29.102Z]   Following redirect: dinosaurs → dinosaurs
[2026-08-06T01:57:29.263Z]   Following redirect: dinosaurs → dinosaurs
[2026-08-06T01:57:29.425Z]   Following redirect: dinosaurs → dinosaurs
[2026-08-06T01:57:29.587Z]   Following redirect: dinosaurs → dinosaurs
[2026-08-06T01:57:29.747Z]   Following redirect: dinosaurs → dinosaurs
[2026-08-06T01:57:29.909Z]   Following redirect: dinosaurs → dinosaurs
[2026-08-06T01:57:30.070Z]   Following redirect: dinosaurs → dinosaurs
[2026-08-06T01:57:30.230Z]   Following redirect: dinosaurs → dinosaurs
[2026-08-06T01:57:30.392Z]   Following redirect: dinosaurs → dinosaurs
[2026-08-06T01:57:30.552Z]   Following redirect: dinosaurs → dinosaurs
[2026-08-06T01:57:30.712Z]   Following redirect: dinosaurs → dinosaurs
[2026-08-06T01:57:30.873Z]   Following redirect: dinosaurs → dinosaurs
[2026-08-06T01:57:31.032Z]   Following redirect: dinosaurs → dinosaurs
[2026-08-06T01:57:31.192Z]   Following redirect: dinosaurs → dinosaurs
[2026-08-06T01:57:31.353Z]   Following redirect: dinosaurs → dinosaurs
[2026-08-06T01:57:31.518Z]   Following redirect: dinosaurs → dinosaurs
[2026-08-06T01:57:31.678Z]   Following redirect: dinosaurs → dinosaurs
[2026-08-06T01:57:31.838Z]   Following redirect: dinosaurs → dinosaurs
[2026-08-06T01:57:31.999Z]   Following redirect: dinosaurs → dinosaurs
[2026-08-06T01:57:32.163Z]   Following redirect: dinosaurs → dinosaurs
[2026-08-06T01:57:32.326Z]   Following redirect: dinosaurs → dinosaurs
[2026-08-06T01:57:32.487Z]   Following redirect: dinosaurs → dinosaurs
[2026-08-06T01:57:32.647Z]   Following redirect: dinosaurs → dinosaurs
[2026-08-06T01:57:32.807Z]   Following redirect: dinosaurs → dinosaurs
[2026-08-06T01:57:32.967Z]   Following redirect: dinosaurs → dinosaurs
[2026-08-06T01:57:33.128Z]   Following redirect: dinosaurs → dinosaurs
[2026-08-06T01:57:33.290Z]   Following redirect: dinosaurs → dinosaurs
[2026-08-06T01:57:33.452Z]   Following redirect: dinosaurs → dinosaurs
[2026-08-06T01:57:33.614Z]   Following redirect: dinosaurs → dinosaurs
[2026-08-06T01:57:33.774Z]   Following redirect: dinosaurs → dinosaurs
[2026-08-06T01:57:33.934Z]   Following redirect: dinosaurs → dinosaurs
[2026-08-06T01:57:34.094Z]   Following redirect: dinosaurs → dinosaurs
[2026-08-06T01:57:34.255Z]   Following redirect: dinosaurs → dinosaurs
[2026-08-06T01:57:34.414Z]   Following redirect: dinosaurs → dinosaurs
[2026-08-06T01:57:34.575Z]   Following redirect: dinosaurs → dinosaurs
[2026-08-06T01:57:34.741Z]   Following redirect: dinosaurs → dinosaurs
[2026-08-06T01:57:34.905Z]   Following redirect: dinosaurs → dinosaurs
[2026-08-06T01:57:35.066Z]   Following redirect: dinosaurs → dinosaurs
[2026-08-06T01:57:35.229Z]   Following redirect: dinosaurs → dinosaurs
[2026-08-06T01:57:35.391Z]   Following redirect: dinosaurs → dinosaurs
[2026-08-06T01:57:35.550Z]   Following redirect: dinosaurs → dinosaurs
[2026-08-06T01:57:35.710Z]   Following redirect: dinosaurs → dinosaurs
[2026-08-06T01:57:35.872Z]   Following redirect: dinosaurs → dinosaurs
[2026-08-06T01:57:36.032Z]   Following redirect: dinosaurs → dinosaurs
[2026-08-06T01:57:36.193Z]   Following redirect: dinosaurs → dinosaurs
[2026-08-06T01:57:36.352Z]   Following redirect: dinosaurs → dinosaurs
[2026-08-06T01:57:36.513Z]   Following redirect: dinosaurs → dinosaurs
[2026-08-06T01:57:36.673Z]   Following redirect: dinosaurs → dinosaurs
[2026-08-06T01:57:36.832Z]   Following redirect: dinosaurs → dinosaurs
[2026-08-06T01:57:36.994Z]   Following redirect: dinosaurs → dinosaurs
[2026-08-06T01:57:37.152Z]   Following redirect: dinosaurs → dinosaurs
[2026-08-06T01:57:37.312Z]   Following redirect: dinosaurs → dinosaurs
[2026-08-06T01:57:37.473Z]   Following redirect: dinosaurs → dinosaurs
[2026-08-06T01:57:37.635Z]   Following redirect: dinosaurs → dinosaurs
[2026-08-06T01:57:37.795Z]   Following redirect: dinosaurs → dinosaurs
[2026-08-06T01:57:37.955Z]   Following redirect: dinosaurs → dinosaurs
[2026-08-06T01:57:38.114Z]   Following redirect: dinosaurs → dinosaurs
[2026-08-06T01:57:38.276Z]   Following redirect: dinosaurs → dinosaurs
[2026-08-06T01:57:38.437Z]   Following redirect: dinosaurs → dinosaurs
[2026-08-06T01:57:38.596Z]   Following redirect: dinosaurs → dinosaurs
[2026-08-06T01:57:38.756Z]   Following redirect: dinosaurs → dinosaurs
[2026-08-06T01:57:38.916Z]   Following redirect: dinosaurs → dinosaurs
[2026-08-06T01:57:39.076Z]   Following redirect: dinosaurs → dinosaurs
[2026-08-06T01:57:39.236Z]   Following redirect: dinosaurs → dinosaurs
[2026-08-06T01:57:39.396Z]   Following redirect: dinosaurs → dinosaurs
[2026-08-06T01:57:39.556Z]   Following redirect: dinosaurs → dinosaurs
[2026-08-06T01:57:39.717Z]   Following redirect: dinosaurs → dinosaurs
[2026-08-06T01:57:39.878Z]   Following redirect: dinosaurs → dinosaurs
[2026-08-06T01:57:40.043Z]   Following redirect: dinosaurs → dinosaurs
[2026-08-06T01:57:40.206Z]   Following redirect: dinosaurs → dinosaurs
[2026-08-06T01:57:40.469Z]   Following redirect: dinosaurs → dinosaurs
[2026-08-06T01:57:40.628Z]   Following redirect: dinosaurs → dinosaurs
[2026-08-06T01:57:40.789Z]   Following redirect: dinosaurs → dinosaurs
[2026-08-06T01:57:40.948Z]   Following redirect: dinosaurs → dinosaurs
[2026-08-06T01:57:41.110Z]   Following redirect: dinosaurs → dinosaurs
[2026-08-06T01:57:41.270Z]   Following redirect: dinosaurs → dinosaurs
[2026-08-06T01:57:41.430Z]   Following redirect: dinosaurs → dinosaurs
[2026-08-06T01:57:41.591Z]   Following redirect: dinosaurs → dinosaurs
[2026-08-06T01:57:41.750Z]   Following redirect: dinosaurs → dinosaurs
[2026-08-06T01:57:41.911Z]   Following redirect: dinosaurs → dinosaurs
[2026-08-06T01:57:42.070Z]   Following redirect: dinosaurs → dinosaurs
[2026-08-06T01:57:42.230Z]   Following redirect: dinosaurs → dinosaurs
[2026-08-06T01:57:42.392Z]   Following redirect: dinosaurs → dinosaurs
[2026-08-06T01:57:42.553Z]   Following redirect: dinosaurs → dinosaurs
[2026-08-06T01:57:42.718Z]   Following redirect: dinosaurs → dinosaurs
[2026-08-06T01:57:42.884Z]   Following redirect: dinosaurs → dinosaurs
[2026-08-06T01:57:43.047Z]   Following redirect: dinosaurs → dinosaurs
[2026-08-06T01:57:43.207Z]   Following redirect: dinosaurs → dinosaurs
[2026-08-06T01:57:43.367Z]   Following redirect: dinosaurs → dinosaurs
[2026-08-06T01:57:43.526Z]   Following redirect: dinosaurs → dinosaurs
[2026-08-06T01:57:43.686Z]   Following redirect: dinosaurs → dinosaurs
[2026-08-06T01:57:43.846Z]   Following redirect: dinosaurs → dinosaurs
[2026-08-06T01:57:44.006Z]   Following redirect: dinosaurs → dinosaurs
[2026-08-06T01:57:44.166Z]   Following redirect: dinosaurs → dinosaurs
[2026-08-06T01:57:44.326Z]   Following redirect: dinosaurs → dinosaurs
[2026-08-06T01:57:44.487Z]   Following redirect: dinosaurs → dinosaurs
[2026-08-06T01:57:45.013Z]   Following redirect: dinosaurs → dinosaurs
[2026-08-06T01:57:45.176Z]   Following redirect: dinosaurs → dinosaurs
[2026-08-06T01:57:45.337Z]   Following redirect: dinosaurs → dinosaurs
[2026-08-06T01:57:45.499Z]   Following redirect: dinosaurs → dinosaurs
[2026-08-06T01:57:45.662Z]   Following redirect: dinosaurs → dinosaurs
[2026-08-06T01:57:45.823Z]   Following redirect: dinosaurs → dinosaurs
[2026-08-06T01:57:45.982Z]   Following redirect: dinosaurs → dinosaurs
[2026-08-06T01:57:46.143Z]   Following redirect: dinosaurs → dinosaurs
[2026-08-06T01:57:46.302Z]   Following redirect: dinosaurs → dinosaurs
[2026-08-06T01:57:46.462Z]   Following redirect: dinosaurs → dinosaurs
[2026-08-06T01:57:46.622Z]   Following redirect: dinosaurs → dinosaurs
[2026-08-06T01:57:46.783Z]   Following redirect: dinosaurs → dinosaurs
[2026-08-06T01:57:46.954Z]   Following redirect: dinosaurs → dinosaurs
[2026-08-06T01:57:47.120Z]   Following redirect: dinosaurs → dinosaurs
[2026-08-06T01:57:47.280Z]   Following redirect: dinosaurs → dinosaurs
[2026-08-06T01:57:47.440Z]   Following redirect: dinosaurs → dinosaurs
[2026-08-06T01:57:47.607Z]   Following redirect: dinosaurs → dinosaurs
[2026-08-06T01:57:47.769Z]   Following redirect: dinosaurs → dinosaurs
[2026-08-06T01:57:47.931Z]   Following redirect: dinosaurs → dinosaurs
[2026-08-06T01:57:48.094Z]   Following redirect: dinosaurs → dinosaurs
[2026-08-06T01:57:48.255Z]   Following redirect: dinosaurs → dinosaurs
[2026-08-06T01:57:48.417Z]   Following redirect: dinosaurs → dinosaurs
[2026-08-06T01:57:48.576Z]   Following redirect: dinosaurs → dinosaurs
[2026-08-06T01:57:48.739Z]   Following redirect: dinosaurs → dinosaurs
[2026-08-06T01:57:48.898Z]   Following redirect: dinosaurs → dinosaurs
[2026-08-06T01:57:49.058Z]   Following redirect: dinosaurs → dinosaurs
[2026-08-06T01:57:49.219Z]   Following redirect: dinosaurs → dinosaurs
[2026-08-06T01:57:49.379Z]   Following redirect: dinosaurs → dinosaurs
[2026-08-06T01:57:49.540Z]   Following redirect: dinosaurs → dinosaurs
[2026-08-06T01:57:49.700Z]   Following redirect: dinosaurs → dinosaurs
[2026-08-06T01:57:49.864Z]   Following redirect: dinosaurs → dinosaurs
[2026-08-06T01:57:50.024Z]   Following redirect: dinosaurs → dinosaurs
[2026-08-06T01:57:50.186Z]   Following redirect: dinosaurs → dinosaurs
[2026-08-06T01:57:50.347Z]   Following redirect: dinosaurs → dinosaurs
[2026-08-06T01:57:50.511Z]   Following redirect: dinosaurs → dinosaurs
[2026-08-06T01:57:50.672Z]   Following redirect: dinosaurs → dinosaurs
[2026-08-06T01:57:50.834Z]   Following redirect: dinosaurs → dinosaurs
[2026-08-06T01:57:50.996Z]   Following redirect: dinosaurs → dinosaurs
[2026-08-06T01:57:51.157Z]   Following redirect: dinosaurs → dinosaurs
[2026-08-06T01:57:51.316Z]   Following redirect: dinosaurs → dinosaurs
[2026-08-06T01:57:51.477Z]   Following redirect: dinosaurs → dinosaurs
[2026-08-06T01:57:51.636Z]   Following redirect: dinosaurs → dinosaurs
[2026-08-06T01:57:51.797Z]   Following redirect: dinosaurs → dinosaurs
[2026-08-06T01:57:51.958Z]   Following redirect: dinosaurs → dinosaurs
[2026-08-06T01:57:52.119Z]   Following redirect: dinosaurs → dinosaurs
[2026-08-06T01:57:52.282Z]   Following redirect: dinosaurs → dinosaurs
[2026-08-06T01:57:52.442Z]   Following redirect: dinosaurs → dinosaurs
[2026-08-06T01:57:52.603Z]   Following redirect: dinosaurs → dinosaurs
[2026-08-06T01:57:52.767Z]   Following redirect: dinosaurs → dinosaurs
[2026-08-06T01:57:52.927Z]   Following redirect: dinosaurs → dinosaurs
[2026-08-06T01:57:53.090Z]   Following redirect: dinosaurs → dinosaurs
[2026-08-06T01:57:53.251Z]   Following redirect: dinosaurs → dinosaurs
[2026-08-06T01:57:53.411Z]   Following redirect: dinosaurs → dinosaurs
[2026-08-06T01:57:53.572Z]   Following redirect: dinosaurs → dinosaurs
[2026-08-06T01:57:53.734Z]   Following redirect: dinosaurs → dinosaurs
[2026-08-06T01:57:53.894Z]   Following redirect: dinosaurs → dinosaurs
[2026-08-06T01:57:54.054Z]   Following redirect: dinosaurs → dinosaurs
[2026-08-06T01:57:54.214Z]   Following redirect: dinosaurs → dinosaurs
[2026-08-06T01:57:54.374Z]   Following redirect: dinosaurs → dinosaurs
[2026-08-06T01:57:54.538Z]   Following redirect: dinosaurs → dinosaurs
[2026-08-06T01:57:54.700Z]   Following redirect: dinosaurs → dinosaurs
[2026-08-06T01:57:54.860Z]   Following redirect: dinosaurs → dinosaurs
[2026-08-06T01:57:55.020Z]   Following redirect: dinosaurs → dinosaurs
[2026-08-06T01:57:55.181Z]   Following redirect: dinosaurs → dinosaurs
[2026-08-06T01:57:55.343Z]   Following redirect: dinosaurs → dinosaurs
[2026-08-06T01:57:55.504Z]   Following redirect: dinosaurs → dinosaurs
[2026-08-06T01:57:55.664Z]   Following redirect: dinosaurs → dinosaurs
[2026-08-06T01:57:55.827Z]   Following redirect: dinosaurs → dinosaurs
[2026-08-06T01:57:55.988Z]   Following redirect: dinosaurs → dinosaurs
[2026-08-06T01:57:56.148Z]   Following redirect: dinosaurs → dinosaurs
[2026-08-06T01:57:56.308Z]   Following redirect: dinosaurs → dinosaurs
[2026-08-06T01:57:56.468Z]   Following redirect: dinosaurs → dinosaurs
[2026-08-06T01:57:56.630Z]   Following redirect: dinosaurs → dinosaurs
[2026-08-06T01:57:56.790Z]   Following redirect: dinosaurs → dinosaurs
[2026-08-06T01:57:56.951Z]   Following redirect: dinosaurs → dinosaurs
[2026-08-06T01:57:57.110Z]   Following redirect: dinosaurs → dinosaurs
[2026-08-06T01:57:57.270Z]   Following redirect: dinosaurs → dinosaurs
[2026-08-06T01:57:57.430Z]   Following redirect: dinosaurs → dinosaurs
[2026-08-06T01:57:57.591Z]   Following redirect: dinosaurs → dinosaurs
[2026-08-06T01:57:57.753Z]   Following redirect: dinosaurs → dinosaurs
[2026-08-06T01:57:57.913Z]   Following redirect: dinosaurs → dinosaurs
[2026-08-06T01:57:58.075Z]   Following redirect: dinosaurs → dinosaurs
[2026-08-06T01:57:58.237Z]   Following redirect: dinosaurs → dinosaurs
[2026-08-06T01:57:58.396Z]   Following redirect: dinosaurs → dinosaurs
[2026-08-06T01:57:58.557Z]   Following redirect: dinosaurs → dinosaurs
[2026-08-06T01:57:58.716Z]   Following redirect: dinosaurs → dinosaurs
[2026-08-06T01:57:58.878Z]   Following redirect: dinosaurs → dinosaurs
[2026-08-06T01:57:59.038Z]   Following redirect: dinosaurs → dinosaurs
[2026-08-06T01:57:59.198Z]   Following redirect: dinosaurs → dinosaurs
[2026-08-06T01:57:59.358Z]   Following redirect: dinosaurs → dinosaurs
[2026-08-06T01:57:59.518Z]   Following redirect: dinosaurs → dinosaurs
[2026-08-06T01:57:59.678Z]   Following redirect: dinosaurs → dinosaurs
[2026-08-06T01:57:59.838Z]   Following redirect: dinosaurs → dinosaurs
[2026-08-06T01:57:59.998Z]   Following redirect: dinosaurs → dinosaurs
[2026-08-06T01:58:00.158Z]   Following redirect: dinosaurs → dinosaurs
[2026-08-06T01:58:00.318Z]   Following redirect: dinosaurs → dinosaurs
[2026-08-06T01:58:00.479Z]   Following redirect: dinosaurs → dinosaurs
[2026-08-06T01:58:00.645Z]   Following redirect: dinosaurs → dinosaurs
[2026-08-06T01:58:00.807Z]   Following redirect: dinosaurs → dinosaurs
[2026-08-06T01:58:01.335Z]   Following redirect: dinosaurs → dinosaurs
[2026-08-06T01:58:01.496Z]   Following redirect: dinosaurs → dinosaurs
[2026-08-06T01:58:01.656Z]   Following redirect: dinosaurs → dinosaurs
[2026-08-06T01:58:01.817Z]   Following redirect: dinosaurs → dinosaurs
[2026-08-06T01:58:01.979Z]   Following redirect: dinosaurs → dinosaurs
[2026-08-06T01:58:02.138Z]   Following redirect: dinosaurs → dinosaurs
[2026-08-06T01:58:02.299Z]   Following redirect: dinosaurs → dinosaurs
[2026-08-06T01:58:02.458Z]   Following redirect: dinosaurs → dinosaurs
[2026-08-06T01:58:02.618Z]   Following redirect: dinosaurs → dinosaurs
[2026-08-06T01:58:02.778Z]   Following redirect: dinosaurs → dinosaurs
[2026-08-06T01:58:02.940Z]   Following redirect: dinosaurs → dinosaurs
[2026-08-06T01:58:03.101Z]   Following redirect: dinosaurs → dinosaurs
[2026-08-06T01:58:03.263Z]   Following redirect: dinosaurs → dinosaurs
[2026-08-06T01:58:03.422Z]   Following redirect: dinosaurs → dinosaurs
[2026-08-06T01:58:03.583Z]   Following redirect: dinosaurs → dinosaurs
[2026-08-06T01:58:03.745Z]   Following redirect: dinosaurs → dinosaurs
[2026-08-06T01:58:03.904Z]   Following redirect: dinosaurs → dinosaurs
[2026-08-06T01:58:04.064Z]   Following redirect: dinosaurs → dinosaurs
[2026-08-06T01:58:04.225Z]   Following redirect: dinosaurs → dinosaurs
[2026-08-06T01:58:04.384Z]   Following redirect: dinosaurs → dinosaurs
[2026-08-06T01:58:04.551Z]   Following redirect: dinosaurs → dinosaurs
[2026-08-06T01:58:04.710Z]   Following redirect: dinosaurs → dinosaurs
[2026-08-06T01:58:04.870Z]   Following redirect: dinosaurs → dinosaurs
[2026-08-06T01:58:05.030Z]   Following redirect: dinosaurs → dinosaurs
[2026-08-06T01:58:05.190Z]   Following redirect: dinosaurs → dinosaurs
[2026-08-06T01:58:05.352Z]   Following redirect: dinosaurs → dinosaurs
[2026-08-06T01:58:05.513Z]   Following redirect: dinosaurs → dinosaurs
[2026-08-06T01:58:05.674Z]   Following redirect: dinosaurs → dinosaurs
[2026-08-06T01:58:05.835Z]   Following redirect: dinosaurs → dinosaurs
[2026-08-06T01:58:05.995Z]   Following redirect: dinosaurs → dinosaurs
[2026-08-06T01:58:06.154Z]   Following redirect: dinosaurs → dinosaurs
[2026-08-06T01:58:06.314Z]   Following redirect: dinosaurs → dinosaurs
[2026-08-06T01:58:06.475Z]   Following redirect: dinosaurs → dinosaurs
[2026-08-06T01:58:06.634Z]   Following redirect: dinosaurs → dinosaurs
[2026-08-06T01:58:06.798Z]   Following redirect: dinosaurs → dinosaurs
[2026-08-06T01:58:06.958Z]   Following redirect: dinosaurs → dinosaurs
[2026-08-06T01:58:07.119Z]   Following redirect: dinosaurs → dinosaurs
[2026-08-06T01:58:07.281Z]   Following redirect: dinosaurs → dinosaurs
[2026-08-06T01:58:07.444Z]   Following redirect: dinosaurs → dinosaurs
[2026-08-06T01:58:07.604Z]   Following redirect: dinosaurs → dinosaurs
[2026-08-06T01:58:07.765Z]   Following redirect: dinosaurs → dinosaurs
[2026-08-06T01:58:07.926Z]   Following redirect: dinosaurs → dinosaurs
[2026-08-06T01:58:08.087Z]   Following redirect: dinosaurs → dinosaurs
[2026-08-06T01:58:08.248Z]   Following redirect: dinosaurs → dinosaurs
[2026-08-06T01:58:08.410Z]   Following redirect: dinosaurs → dinosaurs
[2026-08-06T01:58:08.571Z]   Following redirect: dinosaurs → dinosaurs
[2026-08-06T01:58:08.732Z]   Following redirect: dinosaurs → dinosaurs
[2026-08-06T01:58:08.895Z]   Following redirect: dinosaurs → dinosaurs
[2026-08-06T01:58:09.057Z]   Following redirect: dinosaurs → dinosaurs
[2026-08-06T01:58:09.219Z]   Following redirect: dinosaurs → dinosaurs
[2026-08-06T01:58:09.378Z]   Following redirect: dinosaurs → dinosaurs
[2026-08-06T01:58:09.538Z]   Following redirect: dinosaurs → dinosaurs
[2026-08-06T01:58:09.698Z]   Following redirect: dinosaurs → dinosaurs
[2026-08-06T01:58:09.858Z]   Following redirect: dinosaurs → dinosaurs
[2026-08-06T01:58:10.025Z]   Following redirect: dinosaurs → dinosaurs
[2026-08-06T01:58:10.185Z]   Following redirect: dinosaurs → dinosaurs
[2026-08-06T01:58:10.345Z]   Following redirect: dinosaurs → dinosaurs
[2026-08-06T01:58:10.509Z]   Following redirect: dinosaurs → dinosaurs
[2026-08-06T01:58:10.672Z]   Following redirect: dinosaurs → dinosaurs
[2026-08-06T01:58:10.833Z]   Following redirect: dinosaurs → dinosaurs
[2026-08-06T01:58:10.992Z]   Following redirect: dinosaurs → dinosaurs
[2026-08-06T01:58:11.152Z]   Following redirect: dinosaurs → dinosaurs
[2026-08-06T01:58:11.313Z]   Following redirect: dinosaurs → dinosaurs
[2026-08-06T01:58:11.475Z]   Following redirect: dinosaurs → dinosaurs
[2026-08-06T01:58:11.634Z]   Following redirect: dinosaurs → dinosaurs
[2026-08-06T01:58:11.794Z]   Following redirect: dinosaurs → dinosaurs
[2026-08-06T01:58:11.956Z]   Following redirect: dinosaurs → dinosaurs
[2026-08-06T01:58:12.134Z]   Following redirect: dinosaurs → dinosaurs
[2026-08-06T01:58:12.294Z]   Following redirect: dinosaurs → dinosaurs
[2026-08-06T01:58:12.455Z]   Following redirect: dinosaurs → dinosaurs
[2026-08-06T01:58:12.619Z]   Following redirect: dinosaurs → dinosaurs
[2026-08-06T01:58:12.781Z]   Following redirect: dinosaurs → dinosaurs
[2026-08-06T01:58:12.943Z]   Following redirect: dinosaurs → dinosaurs
[2026-08-06T01:58:13.104Z]   Following redirect: dinosaurs → dinosaurs
[2026-08-06T01:58:13.265Z]   Following redirect: dinosaurs → dinosaurs
[2026-08-06T01:58:13.427Z]   Following redirect: dinosaurs → dinosaurs
[2026-08-06T01:58:13.586Z]   Following redirect: dinosaurs → dinosaurs
[2026-08-06T01:58:13.747Z]   Following redirect: dinosaurs → dinosaurs
[2026-08-06T01:58:13.906Z]   Following redirect: dinosaurs → dinosaurs
[2026-08-06T01:58:14.066Z]   Following redirect: dinosaurs → dinosaurs
[2026-08-06T01:58:14.229Z]   Following redirect: dinosaurs → dinosaurs
[2026-08-06T01:58:14.400Z]   Following redirect: dinosaurs → dinosaurs
[2026-08-06T01:58:14.560Z]   Following redirect: dinosaurs → dinosaurs
[2026-08-06T01:58:14.721Z]   Following redirect: dinosaurs → dinosaurs
[2026-08-06T01:58:14.881Z]   Following redirect: dinosaurs → dinosaurs
[2026-08-06T01:58:15.041Z]   Following redirect: dinosaurs → dinosaurs
[2026-08-06T01:58:15.203Z]   Following redirect: dinosaurs → dinosaurs
[2026-08-06T01:58:15.365Z]   Following redirect: dinosaurs → dinosaurs
[2026-08-06T01:58:15.527Z]   Following redirect: dinosaurs → dinosaurs
[2026-08-06T01:58:15.690Z]   Following redirect: dinosaurs → dinosaurs
[2026-08-06T01:58:15.851Z]   Following redirect: dinosaurs → dinosaurs
[2026-08-06T01:58:16.010Z]   Following redirect: dinosaurs → dinosaurs
[2026-08-06T01:58:16.171Z]   Following redirect: dinosaurs → dinosaurs
[2026-08-06T01:58:16.330Z]   Following redirect: dinosaurs → dinosaurs
[2026-08-06T01:58:16.491Z]   Following redirect: dinosaurs → dinosaurs
[2026-08-06T01:58:16.650Z]   Following redirect: dinosaurs → dinosaurs
[2026-08-06T01:58:16.810Z]   Following redirect: dinosaurs → dinosaurs
[2026-08-06T01:58:16.970Z]   Following redirect: dinosaurs → dinosaurs
[2026-08-06T01:58:17.131Z]   Following redirect: dinosaurs → dinosaurs
[2026-08-06T01:58:17.290Z]   Following redirect: dinosaurs → dinosaurs
[2026-08-06T01:58:17.450Z]   Following redirect: dinosaurs → dinosaurs
[2026-08-06T01:58:17.611Z]   Following redirect: dinosaurs → dinosaurs
[2026-08-06T01:58:17.777Z]   Following redirect: dinosaurs → dinosaurs
[2026-08-06T01:58:17.941Z]   Following redirect: dinosaurs → dinosaurs
[2026-08-06T01:58:18.103Z]   Following redirect: dinosaurs → dinosaurs
[2026-08-06T01:58:18.265Z]   Following redirect: dinosaurs → dinosaurs
[2026-08-06T01:58:18.425Z]   Following redirect: dinosaurs → dinosaurs
[2026-08-06T01:58:18.584Z]   Following redirect: dinosaurs → dinosaurs
[2026-08-06T01:58:18.744Z]   Following redirect: dinosaurs → dinosaurs
[2026-08-06T01:58:18.904Z]   Following redirect: dinosaurs → dinosaurs
[2026-08-06T01:58:19.064Z]   Following redirect: dinosaurs → dinosaurs
[2026-08-06T01:58:19.226Z]   Following redirect: dinosaurs → dinosaurs
[2026-08-06T01:58:19.387Z]   Following redirect: dinosaurs → dinosaurs
[2026-08-06T01:58:19.546Z]   Following redirect: dinosaurs → dinosaurs
[2026-08-06T01:58:19.706Z]   Following redirect: dinosaurs → dinosaurs
[2026-08-06T01:58:19.867Z]   Following redirect: dinosaurs → dinosaurs
[2026-08-06T01:58:20.027Z]   Following redirect: dinosaurs → dinosaurs
[2026-08-06T01:58:20.189Z]   Following redirect: dinosaurs → dinosaurs
[2026-08-06T01:58:20.350Z]   Following redirect: dinosaurs → dinosaurs
[2026-08-06T01:58:20.516Z]   Following redirect: dinosaurs → dinosaurs
[2026-08-06T01:58:20.677Z]   Following redirect: dinosaurs → dinosaurs
[2026-08-06T01:58:20.836Z]   Following redirect: dinosaurs → dinosaurs
[2026-08-06T01:58:20.996Z]   Following redirect: dinosaurs → dinosaurs
[2026-08-06T01:58:21.158Z]   Following redirect: dinosaurs → dinosaurs
[2026-08-06T01:58:21.318Z]   Following redirect: dinosaurs → dinosaurs
[2026-08-06T01:58:21.479Z]   Following redirect: dinosaurs → dinosaurs
[2026-08-06T01:58:21.639Z]   Following redirect: dinosaurs → dinosaurs
[2026-08-06T01:58:21.799Z]   Following redirect: dinosaurs → dinosaurs
[2026-08-06T01:58:21.958Z]   Following redirect: dinosaurs → dinosaurs
[2026-08-06T01:58:22.118Z]   Following redirect: dinosaurs → dinosaurs
[2026-08-06T01:58:22.282Z]   Following redirect: dinosaurs → dinosaurs
[2026-08-06T01:58:22.443Z]   Following redirect: dinosaurs → dinosaurs
[2026-08-06T01:58:22.606Z]   Following redirect: dinosaurs → dinosaurs
[2026-08-06T01:58:22.767Z]   Following redirect: dinosaurs → dinosaurs
[2026-08-06T01:58:22.927Z]   Following redirect: dinosaurs → dinosaurs
[2026-08-06T01:58:23.090Z]   Following redirect: dinosaurs → dinosaurs
[2026-08-06T01:58:23.250Z]   Following redirect: dinosaurs → dinosaurs
[2026-08-06T01:58:23.410Z]   Following redirect: dinosaurs → dinosaurs
[2026-08-06T01:58:23.570Z]   Following redirect: dinosaurs → dinosaurs
[2026-08-06T01:58:23.734Z]   Following redirect: dinosaurs → dinosaurs
[2026-08-06T01:58:23.894Z]   Following redirect: dinosaurs → dinosaurs
[2026-08-06T01:58:24.054Z]   Following redirect: dinosaurs → dinosaurs
[2026-08-06T01:58:24.214Z]   Following redirect: dinosaurs → dinosaurs
[2026-08-06T01:58:24.374Z]   Following redirect: dinosaurs → dinosaurs
[2026-08-06T01:58:24.534Z]   Following redirect: dinosaurs → dinosaurs
[2026-08-06T01:58:24.697Z]   Following redirect: dinosaurs → dinosaurs
[2026-08-06T01:58:24.859Z]   Following redirect: dinosaurs → dinosaurs
[2026-08-06T01:58:25.022Z]   Following redirect: dinosaurs → dinosaurs
[2026-08-06T01:58:25.183Z]   Following redirect: dinosaurs → dinosaurs
[2026-08-06T01:58:25.345Z]   Following redirect: dinosaurs → dinosaurs
[2026-08-06T01:58:25.507Z]   Following redirect: dinosaurs → dinosaurs
[2026-08-06T01:58:25.666Z]   Following redirect: dinosaurs → dinosaurs
[2026-08-06T01:58:25.827Z]   Following redirect: dinosaurs → dinosaurs
[2026-08-06T01:58:25.986Z]   Following redirect: dinosaurs → dinosaurs
[2026-08-06T01:58:26.147Z]   Following redirect: dinosaurs → dinosaurs
[2026-08-06T01:58:26.308Z]   Following redirect: dinosaurs → dinosaurs
[2026-08-06T01:58:26.468Z]   Following redirect: dinosaurs → dinosaurs
[2026-08-06T01:58:26.628Z]   Following redirect: dinosaurs → dinosaurs
[2026-08-06T01:58:26.788Z]   Following redirect: dinosaurs → dinosaurs
[2026-08-06T01:58:26.948Z]   Following redirect: dinosaurs → dinosaurs
[2026-08-06T01:58:27.108Z]   Following redirect: dinosaurs → dinosaurs
[2026-08-06T01:58:27.268Z]   Following redirect: dinosaurs → dinosaurs
[2026-08-06T01:58:27.430Z]   Following redirect: dinosaurs → dinosaurs
[2026-08-06T01:58:27.593Z]   Following redirect: dinosaurs → dinosaurs
[2026-08-06T01:58:27.755Z]   Following redirect: dinosaurs → dinosaurs
[2026-08-06T01:58:28.281Z]   Following redirect: dinosaurs → dinosaurs
[2026-08-06T01:58:28.441Z]   Following redirect: dinosaurs → dinosaurs
[2026-08-06T01:58:28.600Z]   Following redirect: dinosaurs → dinosaurs
[2026-08-06T01:58:28.762Z]   Following redirect: dinosaurs → dinosaurs
[2026-08-06T01:58:28.923Z]   Following redirect: dinosaurs → dinosaurs
[2026-08-06T01:58:29.082Z]   Following redirect: dinosaurs → dinosaurs
[2026-08-06T01:58:29.242Z]   Following redirect: dinosaurs → dinosaurs
[2026-08-06T01:58:29.402Z]   Following redirect: dinosaurs → dinosaurs
[2026-08-06T01:58:29.562Z]   Following redirect: dinosaurs → dinosaurs
[2026-08-06T01:58:29.722Z]   Following redirect: dinosaurs → dinosaurs
[2026-08-06T01:58:29.882Z]   Following redirect: dinosaurs → dinosaurs
[2026-08-06T01:58:30.044Z]   Following redirect: dinosaurs → dinosaurs
[2026-08-06T01:58:30.205Z]   Following redirect: dinosaurs → dinosaurs
[2026-08-06T01:58:30.366Z]   Following redirect: dinosaurs → dinosaurs
[2026-08-06T01:58:30.526Z]   Following redirect: dinosaurs → dinosaurs
[2026-08-06T01:58:30.689Z]   Following redirect: dinosaurs → dinosaurs
[2026-08-06T01:58:30.850Z]   Following redirect: dinosaurs → dinosaurs
[2026-08-06T01:58:31.010Z]   Following redirect: dinosaurs → dinosaurs
[2026-08-06T01:58:31.171Z]   Following redirect: dinosaurs → dinosaurs
[2026-08-06T01:58:31.331Z]   Following redirect: dinosaurs → dinosaurs
[2026-08-06T01:58:31.491Z]   Following redirect: dinosaurs → dinosaurs
[2026-08-06T01:58:31.651Z]   Following redirect: dinosaurs → dinosaurs
[2026-08-06T01:58:31.811Z]   Following redirect: dinosaurs → dinosaurs
[2026-08-06T01:58:31.972Z]   Following redirect: dinosaurs → dinosaurs
[2026-08-06T01:58:32.132Z]   Following redirect: dinosaurs → dinosaurs
[2026-08-06T01:58:32.293Z]   Following redirect: dinosaurs → dinosaurs
[2026-08-06T01:58:32.455Z]   Following redirect: dinosaurs → dinosaurs
[2026-08-06T01:58:32.617Z]   Following redirect: dinosaurs → dinosaurs
[2026-08-06T01:58:32.779Z]   Following redirect: dinosaurs → dinosaurs
[2026-08-06T01:58:33.309Z]   Following redirect: dinosaurs → dinosaurs
[2026-08-06T01:58:33.470Z]   Following redirect: dinosaurs → dinosaurs
[2026-08-06T01:58:33.630Z]   Following redirect: dinosaurs → dinosaurs
[2026-08-06T01:58:33.792Z]   Following redirect: dinosaurs → dinosaurs
[2026-08-06T01:58:33.953Z]   Following redirect: dinosaurs → dinosaurs
[2026-08-06T01:58:34.112Z]   Following redirect: dinosaurs → dinosaurs
[2026-08-06T01:58:34.272Z]   Following redirect: dinosaurs → dinosaurs
[2026-08-06T01:58:34.432Z]   Following redirect: dinosaurs → dinosaurs
[2026-08-06T01:58:34.593Z]   Following redirect: dinosaurs → dinosaurs
[2026-08-06T01:58:34.753Z]   Following redirect: dinosaurs → dinosaurs
[2026-08-06T01:58:34.916Z]   Following redirect: dinosaurs → dinosaurs
[2026-08-06T01:58:35.077Z]   Following redirect: dinosaurs → dinosaurs
[2026-08-06T01:58:35.240Z]   Following redirect: dinosaurs → dinosaurs
[2026-08-06T01:58:35.402Z]   Following redirect: dinosaurs → dinosaurs
[2026-08-06T01:58:35.567Z]   Following redirect: dinosaurs → dinosaurs
[2026-08-06T01:58:35.727Z]   Following redirect: dinosaurs → dinosaurs
[2026-08-06T01:58:35.886Z]   Following redirect: dinosaurs → dinosaurs
[2026-08-06T01:58:36.046Z]   Following redirect: dinosaurs → dinosaurs
[2026-08-06T01:58:36.207Z]   Following redirect: dinosaurs → dinosaurs
[2026-08-06T01:58:36.367Z]   Following redirect: dinosaurs → dinosaurs
[2026-08-06T01:58:36.528Z]   Following redirect: dinosaurs → dinosaurs
[2026-08-06T01:58:36.688Z]   Following redirect: dinosaurs → dinosaurs
[2026-08-06T01:58:36.848Z]   Following redirect: dinosaurs → dinosaurs
[2026-08-06T01:58:37.009Z]   Following redirect: dinosaurs → dinosaurs
[2026-08-06T01:58:37.168Z]   Following redirect: dinosaurs → dinosaurs
[2026-08-06T01:58:37.330Z]   Following redirect: dinosaurs → dinosaurs
[2026-08-06T01:58:37.492Z]   Following redirect: dinosaurs → dinosaurs
[2026-08-06T01:58:37.708Z]   Following redirect: dinosaurs → dinosaurs
[2026-08-06T01:58:37.870Z]   Following redirect: dinosaurs → dinosaurs
[2026-08-06T01:58:38.031Z]   Following redirect: dinosaurs → dinosaurs
[2026-08-06T01:58:38.192Z]   Following redirect: dinosaurs → dinosaurs
[2026-08-06T01:58:38.352Z]   Following redirect: dinosaurs → dinosaurs
[2026-08-06T01:58:38.513Z]   Following redirect: dinosaurs → dinosaurs
[2026-08-06T01:58:38.674Z]   Following redirect: dinosaurs → dinosaurs
[2026-08-06T01:58:38.835Z]   Following redirect: dinosaurs → dinosaurs
[2026-08-06T01:58:38.994Z]   Following redirect: dinosaurs → dinosaurs
[2026-08-06T01:58:39.154Z]   Following redirect: dinosaurs → dinosaurs
[2026-08-06T01:58:39.316Z]   Following redirect: dinosaurs → dinosaurs
[2026-08-06T01:58:39.476Z]   Following redirect: dinosaurs → dinosaurs
[2026-08-06T01:58:39.640Z]   Following redirect: dinosaurs → dinosaurs
[2026-08-06T01:58:39.802Z]   Following redirect: dinosaurs → dinosaurs
[2026-08-06T01:58:39.965Z]   Following redirect: dinosaurs → dinosaurs
[2026-08-06T01:58:40.128Z]   Following redirect: dinosaurs → dinosaurs
[2026-08-06T01:58:40.290Z]   Following redirect: dinosaurs → dinosaurs
[2026-08-06T01:58:40.451Z]   Following redirect: dinosaurs → dinosaurs
[2026-08-06T01:58:40.611Z]   Following redirect: dinosaurs → dinosaurs
[2026-08-06T01:58:40.772Z]   Following redirect: dinosaurs → dinosaurs
[2026-08-06T01:58:40.933Z]   Following redirect: dinosaurs → dinosaurs
[2026-08-06T01:58:41.095Z]   Following redirect: dinosaurs → dinosaurs
[2026-08-06T01:58:41.255Z]   Following redirect: dinosaurs → dinosaurs
[2026-08-06T01:58:41.414Z]   Following redirect: dinosaurs → dinosaurs
[2026-08-06T01:58:41.574Z]   Following redirect: dinosaurs → dinosaurs
[2026-08-06T01:58:41.734Z]   Following redirect: dinosaurs → dinosaurs
[2026-08-06T01:58:41.895Z]   Following redirect: dinosaurs → dinosaurs
[2026-08-06T01:58:42.055Z]   Following redirect: dinosaurs → dinosaurs
[2026-08-06T01:58:42.215Z]   Following redirect: dinosaurs → dinosaurs
[2026-08-06T01:58:42.375Z]   Following redirect: dinosaurs → dinosaurs
[2026-08-06T01:58:42.536Z]   Following redirect: dinosaurs → dinosaurs
[2026-08-06T01:58:42.698Z]   Following redirect: dinosaurs → dinosaurs
[2026-08-06T01:58:42.859Z]   Following redirect: dinosaurs → dinosaurs
[2026-08-06T01:58:43.020Z]   Following redirect: dinosaurs → dinosaurs
[2026-08-06T01:58:43.182Z]   Following redirect: dinosaurs → dinosaurs
[2026-08-06T01:58:43.343Z]   Following redirect: dinosaurs → dinosaurs
[2026-08-06T01:58:43.502Z]   Following redirect: dinosaurs → dinosaurs
[2026-08-06T01:58:43.663Z]   Following redirect: dinosaurs → dinosaurs
[2026-08-06T01:58:43.824Z]   Following redirect: dinosaurs → dinosaurs
[2026-08-06T01:58:43.985Z]   Following redirect: dinosaurs → dinosaurs
[2026-08-06T01:58:44.145Z]   Following redirect: dinosaurs → dinosaurs
[2026-08-06T01:58:44.304Z]   Following redirect: dinosaurs → dinosaurs
[2026-08-06T01:58:44.465Z]   Following redirect: dinosaurs → dinosaurs
[2026-08-06T01:58:44.627Z]   Following redirect: dinosaurs → dinosaurs
[2026-08-06T01:58:44.787Z]   Following redirect: dinosaurs → dinosaurs
[2026-08-06T01:58:44.948Z]   Following redirect: dinosaurs → dinosaurs
[2026-08-06T01:58:45.110Z]   Following redirect: dinosaurs → dinosaurs
[2026-08-06T01:58:45.272Z]   Following redirect: dinosaurs → dinosaurs
[2026-08-06T01:58:45.433Z]   Following redirect: dinosaurs → dinosaurs
[2026-08-06T01:58:45.593Z]   Following redirect: dinosaurs → dinosaurs
[2026-08-06T01:58:45.752Z]   Following redirect: dinosaurs → dinosaurs
[2026-08-06T01:58:45.912Z]   Following redirect: dinosaurs → dinosaurs
[2026-08-06T01:58:46.075Z]   Following redirect: dinosaurs → dinosaurs
[2026-08-06T01:58:46.236Z]   Following redirect: dinosaurs → dinosaurs
[2026-08-06T01:58:46.397Z]   Following redirect: dinosaurs → dinosaurs
[2026-08-06T01:58:46.557Z]   Following redirect: dinosaurs → dinosaurs
[2026-08-06T01:58:46.718Z]   Following redirect: dinosaurs → dinosaurs
[2026-08-06T01:58:46.879Z]   Following redirect: dinosaurs → dinosaurs
[2026-08-06T01:58:47.041Z]   Following redirect: dinosaurs → dinosaurs
[2026-08-06T01:58:47.200Z]   Following redirect: dinosaurs → dinosaurs
[2026-08-06T01:58:47.362Z]   Following redirect: dinosaurs → dinosaurs
[2026-08-06T01:58:47.524Z]   Following redirect: dinosaurs → dinosaurs
[2026-08-06T01:58:47.685Z]   Following redirect: dinosaurs → dinosaurs
[2026-08-06T01:58:47.851Z]   Following redirect: dinosaurs → dinosaurs
[2026-08-06T01:58:48.013Z]   Following redirect: dinosaurs → dinosaurs
[2026-08-06T01:58:48.173Z]   Following redirect: dinosaurs → dinosaurs
[2026-08-06T01:58:48.332Z]   Following redirect: dinosaurs → dinosaurs
[2026-08-06T01:58:48.861Z]   Following redirect: dinosaurs → dinosaurs
[2026-08-06T01:58:49.020Z]   Following redirect: dinosaurs → dinosaurs
[2026-08-06T01:58:49.181Z]   Following redirect: dinosaurs → dinosaurs
[2026-08-06T01:58:49.342Z]   Following redirect: dinosaurs → dinosaurs
[2026-08-06T01:58:49.503Z]   Following redirect: dinosaurs → dinosaurs
[2026-08-06T01:58:49.663Z]   Following redirect: dinosaurs → dinosaurs
[2026-08-06T01:58:49.823Z]   Following redirect: dinosaurs → dinosaurs
[2026-08-06T01:58:49.984Z]   Following redirect: dinosaurs → dinosaurs
[2026-08-06T01:58:50.146Z]   Following redirect: dinosaurs → dinosaurs
[2026-08-06T01:58:50.308Z]   Following redirect: dinosaurs → dinosaurs
[2026-08-06T01:58:50.470Z]   Following redirect: dinosaurs → dinosaurs
[2026-08-06T01:58:50.631Z]   Following redirect: dinosaurs → dinosaurs
[2026-08-06T01:58:50.790Z]   Following redirect: dinosaurs → dinosaurs
[2026-08-06T01:58:50.950Z]   Following redirect: dinosaurs → dinosaurs
[2026-08-06T01:58:51.110Z]   Following redirect: dinosaurs → dinosaurs
[2026-08-06T01:58:51.271Z]   Following redirect: dinosaurs → dinosaurs
[2026-08-06T01:58:51.431Z]   Following redirect: dinosaurs → dinosaurs
[2026-08-06T01:58:51.591Z]   Following redirect: dinosaurs → dinosaurs
[2026-08-06T01:58:51.751Z]   Following redirect: dinosaurs → dinosaurs
[2026-08-06T01:58:51.912Z]   Following redirect: dinosaurs → dinosaurs
[2026-08-06T01:58:52.072Z]   Following redirect: dinosaurs → dinosaurs
[2026-08-06T01:58:52.234Z]   Following redirect: dinosaurs → dinosaurs
[2026-08-06T01:58:52.394Z]   Following redirect: dinosaurs → dinosaurs
[2026-08-06T01:58:52.559Z]   Following redirect: dinosaurs → dinosaurs
[2026-08-06T01:58:52.722Z]   Following redirect: dinosaurs → dinosaurs
[2026-08-06T01:58:52.885Z]   Following redirect: dinosaurs → dinosaurs
[2026-08-06T01:58:53.046Z]   Following redirect: dinosaurs → dinosaurs
[2026-08-06T01:58:53.207Z]   Following redirect: dinosaurs → dinosaurs
[2026-08-06T01:58:53.367Z]   Following redirect: dinosaurs → dinosaurs
[2026-08-06T01:58:53.527Z]   Following redirect: dinosaurs → dinosaurs
[2026-08-06T01:58:53.687Z]   Following redirect: dinosaurs → dinosaurs
[2026-08-06T01:58:53.848Z]   Following redirect: dinosaurs → dinosaurs
[2026-08-06T01:58:54.009Z]   Following redirect: dinosaurs → dinosaurs
[2026-08-06T01:58:54.169Z]   Following redirect: dinosaurs → dinosaurs
[2026-08-06T01:58:54.330Z]   Following redirect: dinosaurs → dinosaurs
[2026-08-06T01:58:54.491Z]   Following redirect: dinosaurs → dinosaurs
[2026-08-06T01:58:54.651Z]   Following redirect: dinosaurs → dinosaurs
[2026-08-06T01:58:54.811Z]   Following redirect: dinosaurs → dinosaurs
[2026-08-06T01:58:54.971Z]   Following redirect: dinosaurs → dinosaurs
[2026-08-06T01:58:55.135Z]   Following redirect: dinosaurs → dinosaurs
[2026-08-06T01:58:55.297Z]   Following redirect: dinosaurs → dinosaurs
[2026-08-06T01:58:55.458Z]   Following redirect: dinosaurs → dinosaurs
[2026-08-06T01:58:55.619Z]   Following redirect: dinosaurs → dinosaurs
[2026-08-06T01:58:55.778Z]   Following redirect: dinosaurs → dinosaurs
[2026-08-06T01:58:55.939Z]   Following redirect: dinosaurs → dinosaurs
[2026-08-06T01:58:56.101Z]   Following redirect: dinosaurs → dinosaurs
[2026-08-06T01:58:56.261Z]   Following redirect: dinosaurs → dinosaurs
[2026-08-06T01:58:56.421Z]   Following redirect: dinosaurs → dinosaurs
[2026-08-06T01:58:56.581Z]   Following redirect: dinosaurs → dinosaurs
[2026-08-06T01:58:56.741Z]   Following redirect: dinosaurs → dinosaurs
[2026-08-06T01:58:56.901Z]   Following redirect: dinosaurs → dinosaurs
[2026-08-06T01:58:57.060Z]   Following redirect: dinosaurs → dinosaurs
[2026-08-06T01:58:57.221Z]   Following redirect: dinosaurs → dinosaurs
[2026-08-06T01:58:57.381Z]   Following redirect: dinosaurs → dinosaurs
[2026-08-06T01:58:57.542Z]   Following redirect: dinosaurs → dinosaurs
[2026-08-06T01:58:57.704Z]   Following redirect: dinosaurs → dinosaurs
[2026-08-06T01:58:57.866Z]   Following redirect: dinosaurs → dinosaurs
[2026-08-06T01:58:58.028Z]   Following redirect: dinosaurs → dinosaurs
[2026-08-06T01:58:58.188Z]   Following redirect: dinosaurs → dinosaurs
[2026-08-06T01:58:58.349Z]   Following redirect: dinosaurs → dinosaurs
[2026-08-06T01:58:58.509Z]   Following redirect: dinosaurs → dinosaurs
[2026-08-06T01:58:58.668Z]   Following redirect: dinosaurs → dinosaurs
[2026-08-06T01:58:58.828Z]   Following redirect: dinosaurs → dinosaurs
[2026-08-06T01:58:58.989Z]   Following redirect: dinosaurs → dinosaurs
[2026-08-06T01:58:59.149Z]   Following redirect: dinosaurs → dinosaurs
[2026-08-06T01:58:59.308Z]   Following redirect: dinosaurs → dinosaurs
[2026-08-06T01:58:59.471Z]   Following redirect: dinosaurs → dinosaurs
[2026-08-06T01:58:59.631Z]   Following redirect: dinosaurs → dinosaurs
[2026-08-06T01:58:59.791Z]   Following redirect: dinosaurs → dinosaurs
[2026-08-06T01:58:59.951Z]   Following redirect: dinosaurs → dinosaurs
[2026-08-06T01:59:00.112Z]   Following redirect: dinosaurs → dinosaurs
[2026-08-06T01:59:00.274Z]   Following redirect: dinosaurs → dinosaurs
[2026-08-06T01:59:00.436Z]   Following redirect: dinosaurs → dinosaurs
[2026-08-06T01:59:00.598Z]   Following redirect: dinosaurs → dinosaurs
[2026-08-06T01:59:00.760Z]   Following redirect: dinosaurs → dinosaurs
[2026-08-06T01:59:00.920Z]   Following redirect: dinosaurs → dinosaurs
[2026-08-06T01:59:01.081Z]   Following redirect: dinosaurs → dinosaurs
[2026-08-06T01:59:01.240Z]   Following redirect: dinosaurs → dinosaurs
[2026-08-06T01:59:01.402Z]   Following redirect: dinosaurs → dinosaurs
[2026-08-06T01:59:01.563Z]   Following redirect: dinosaurs → dinosaurs
[2026-08-06T01:59:01.722Z]   Following redirect: dinosaurs → dinosaurs
[2026-08-06T01:59:01.883Z]   Following redirect: dinosaurs → dinosaurs
[2026-08-06T01:59:02.043Z]   Following redirect: dinosaurs → dinosaurs
[2026-08-06T01:59:02.204Z]   Following redirect: dinosaurs → dinosaurs
[2026-08-06T01:59:02.366Z]   Following redirect: dinosaurs → dinosaurs
[2026-08-06T01:59:02.537Z]   Following redirect: dinosaurs → dinosaurs
[2026-08-06T01:59:02.697Z]   Following redirect: dinosaurs → dinosaurs
[2026-08-06T01:59:02.858Z]   Following redirect: dinosaurs → dinosaurs
[2026-08-06T01:59:03.020Z]   Following redirect: dinosaurs → dinosaurs
[2026-08-06T01:59:03.181Z]   Following redirect: dinosaurs → dinosaurs
[2026-08-06T01:59:03.342Z]   Following redirect: dinosaurs → dinosaurs
[2026-08-06T01:59:03.507Z]   Following redirect: dinosaurs → dinosaurs
[2026-08-06T01:59:03.670Z]   Following redirect: dinosaurs → dinosaurs
[2026-08-06T01:59:03.832Z]   Following redirect: dinosaurs → dinosaurs
[2026-08-06T01:59:03.994Z]   Following redirect: dinosaurs → dinosaurs
[2026-08-06T01:59:04.155Z]   Following redirect: dinosaurs → dinosaurs
[2026-08-06T01:59:04.316Z]   Following redirect: dinosaurs → dinosaurs
[2026-08-06T01:59:04.477Z]   Following redirect: dinosaurs → dinosaurs
[2026-08-06T01:59:04.639Z]   Following redirect: dinosaurs → dinosaurs
[2026-08-06T01:59:04.801Z]   Following redirect: dinosaurs → dinosaurs
[2026-08-06T01:59:04.970Z]   Following redirect: dinosaurs → dinosaurs
[2026-08-06T01:59:05.130Z]   Following redirect: dinosaurs → dinosaurs
[2026-08-06T01:59:05.291Z]   Following redirect: dinosaurs → dinosaurs
[2026-08-06T01:59:05.450Z]   Following redirect: dinosaurs → dinosaurs
[2026-08-06T01:59:05.611Z]   Following redirect: dinosaurs → dinosaurs
[2026-08-06T01:59:05.771Z]   Following redirect: dinosaurs → dinosaurs
[2026-08-06T01:59:05.930Z]   Following redirect: dinosaurs → dinosaurs
[2026-08-06T01:59:06.091Z]   Following redirect: dinosaurs → dinosaurs
[2026-08-06T01:59:06.251Z]   Following redirect: dinosaurs → dinosaurs
[2026-08-06T01:59:06.412Z]   Following redirect: dinosaurs → dinosaurs
[2026-08-06T01:59:06.571Z]   Following redirect: dinosaurs → dinosaurs
[2026-08-06T01:59:06.731Z]   Following redirect: dinosaurs → dinosaurs
[2026-08-06T01:59:06.891Z]   Following redirect: dinosaurs → dinosaurs
[2026-08-06T01:59:07.051Z]   Following redirect: dinosaurs → dinosaurs
[2026-08-06T01:59:07.211Z]   Following redirect: dinosaurs → dinosaurs
[2026-08-06T01:59:07.371Z]   Following redirect: dinosaurs → dinosaurs
[2026-08-06T01:59:07.530Z]   Following redirect: dinosaurs → dinosaurs
[2026-08-06T01:59:07.691Z]   Following redirect: dinosaurs → dinosaurs
[2026-08-06T01:59:07.850Z]   Following redirect: dinosaurs → dinosaurs
[2026-08-06T01:59:08.011Z]   Following redirect: dinosaurs → dinosaurs
[2026-08-06T01:59:08.170Z]   Following redirect: dinosaurs → dinosaurs
[2026-08-06T01:59:08.330Z]   Following redirect: dinosaurs → dinosaurs
[2026-08-06T01:59:08.490Z]   Following redirect: dinosaurs → dinosaurs
[2026-08-06T01:59:08.651Z]   Following redirect: dinosaurs → dinosaurs
[2026-08-06T01:59:08.810Z]   Following redirect: dinosaurs → dinosaurs
[2026-08-06T01:59:08.971Z]   Following redirect: dinosaurs → dinosaurs
[2026-08-06T01:59:09.131Z]   Following redirect: dinosaurs → dinosaurs
[2026-08-06T01:59:09.291Z]   Following redirect: dinosaurs → dinosaurs
[2026-08-06T01:59:09.451Z]   Following redirect: dinosaurs → dinosaurs
[2026-08-06T01:59:09.611Z]   Following redirect: dinosaurs → dinosaurs
[2026-08-06T01:59:09.771Z]   Following redirect: dinosaurs → dinosaurs
[2026-08-06T01:59:09.931Z]   Following redirect: dinosaurs → dinosaurs
[2026-08-06T01:59:10.091Z]   Following redirect: dinosaurs → dinosaurs
[2026-08-06T01:59:10.251Z]   Following redirect: dinosaurs → dinosaurs
[2026-08-06T01:59:10.411Z]   Following redirect: dinosaurs → dinosaurs
[2026-08-06T01:59:10.571Z]   Following redirect: dinosaurs → dinosaurs
[2026-08-06T01:59:10.731Z]   Following redirect: dinosaurs → dinosaurs
[2026-08-06T01:59:10.890Z]   Following redirect: dinosaurs → dinosaurs
[2026-08-06T01:59:11.050Z]   Following redirect: dinosaurs → dinosaurs
[2026-08-06T01:59:11.210Z]   Following redirect: dinosaurs → dinosaurs
[2026-08-06T01:59:11.370Z]   Following redirect: dinosaurs → dinosaurs
[2026-08-06T01:59:11.530Z]   Following redirect: dinosaurs → dinosaurs
[2026-08-06T01:59:11.692Z]   Following redirect: dinosaurs → dinosaurs
[2026-08-06T01:59:11.853Z]   Following redirect: dinosaurs → dinosaurs
[2026-08-06T01:59:12.013Z]   Following redirect: dinosaurs → dinosaurs
[2026-08-06T01:59:12.172Z]   Following redirect: dinosaurs → dinosaurs
[2026-08-06T01:59:12.333Z]   Following redirect: dinosaurs → dinosaurs
[2026-08-06T01:59:12.493Z]   Following redirect: dinosaurs → dinosaurs
[2026-08-06T01:59:12.653Z]   Following redirect: dinosaurs → dinosaurs
[2026-08-06T01:59:12.813Z]   Following redirect: dinosaurs → dinosaurs
[2026-08-06T01:59:12.973Z]   Following redirect: dinosaurs → dinosaurs
[2026-08-06T01:59:13.133Z]   Following redirect: dinosaurs → dinosaurs
[2026-08-06T01:59:13.293Z]   Following redirect: dinosaurs → dinosaurs
[2026-08-06T01:59:13.453Z]   Following redirect: dinosaurs → dinosaurs
[2026-08-06T01:59:13.613Z]   Following redirect: dinosaurs → dinosaurs
[2026-08-06T01:59:13.773Z]   Following redirect: dinosaurs → dinosaurs
[2026-08-06T01:59:13.932Z]   Following redirect: dinosaurs → dinosaurs
[2026-08-06T01:59:14.092Z]   Following redirect: dinosaurs → dinosaurs
[2026-08-06T01:59:14.253Z]   Following redirect: dinosaurs → dinosaurs
[2026-08-06T01:59:14.412Z]   Following redirect: dinosaurs → dinosaurs
[2026-08-06T01:59:14.573Z]   Following redirect: dinosaurs → dinosaurs
[2026-08-06T01:59:14.739Z]   Following redirect: dinosaurs → dinosaurs
[2026-08-06T01:59:14.900Z]   Following redirect: dinosaurs → dinosaurs
[2026-08-06T01:59:15.059Z]   Following redirect: dinosaurs → dinosaurs
[2026-08-06T01:59:15.219Z]   Following redirect: dinosaurs → dinosaurs
[2026-08-06T01:59:15.379Z]   Following redirect: dinosaurs → dinosaurs
[2026-08-06T01:59:15.538Z]   Following redirect: dinosaurs → dinosaurs
[2026-08-06T01:59:15.701Z]   Following redirect: dinosaurs → dinosaurs
[2026-08-06T01:59:15.861Z]   Following redirect: dinosaurs → dinosaurs
[2026-08-06T01:59:16.020Z]   Following redirect: dinosaurs → dinosaurs
[2026-08-06T01:59:16.181Z]   Following redirect: dinosaurs → dinosaurs
[2026-08-06T01:59:16.341Z]   Following redirect: dinosaurs → dinosaurs
[2026-08-06T01:59:16.502Z]   Following redirect: dinosaurs → dinosaurs
[2026-08-06T01:59:16.663Z]   Following redirect: dinosaurs → dinosaurs
[2026-08-06T01:59:16.823Z]   Following redirect: dinosaurs → dinosaurs
[2026-08-06T01:59:16.985Z]   Following redirect: dinosaurs → dinosaurs
[2026-08-06T01:59:17.145Z]   Following redirect: dinosaurs → dinosaurs
[2026-08-06T01:59:17.304Z]   Following redirect: dinosaurs → dinosaurs
[2026-08-06T01:59:17.464Z]   Following redirect: dinosaurs → dinosaurs
[2026-08-06T01:59:17.625Z]   Following redirect: dinosaurs → dinosaurs
[2026-08-06T01:59:17.786Z]   Following redirect: dinosaurs → dinosaurs
[2026-08-06T01:59:17.945Z]   Following redirect: dinosaurs → dinosaurs
[2026-08-06T01:59:18.105Z]   Following redirect: dinosaurs → dinosaurs
[2026-08-06T01:59:18.267Z]   Following redirect: dinosaurs → dinosaurs
[2026-08-06T01:59:18.427Z]   Following redirect: dinosaurs → dinosaurs
[2026-08-06T01:59:18.586Z]   Following redirect: dinosaurs → dinosaurs
[2026-08-06T01:59:18.747Z]   Following redirect: dinosaurs → dinosaurs
[2026-08-06T01:59:18.917Z]   Following redirect: dinosaurs → dinosaurs
[2026-08-06T01:59:19.328Z]   Following redirect: dinosaurs → dinosaurs
[2026-08-06T01:59:19.489Z]   Following redirect: dinosaurs → dinosaurs
[2026-08-06T01:59:19.687Z]   Following redirect: dinosaurs → dinosaurs
[2026-08-06T01:59:20.015Z]   Following redirect: dinosaurs → dinosaurs
[2026-08-06T01:59:20.404Z]   Following redirect: dinosaurs → dinosaurs
[2026-08-06T01:59:20.566Z]   Following redirect: dinosaurs → dinosaurs
[2026-08-06T01:59:20.727Z]   Following redirect: dinosaurs → dinosaurs
[2026-08-06T01:59:21.124Z]   Following redirect: dinosaurs → dinosaurs
[2026-08-06T01:59:21.283Z]   Following redirect: dinosaurs → dinosaurs
[2026-08-06T01:59:21.449Z]   Following redirect: dinosaurs → dinosaurs
[2026-08-06T01:59:21.609Z]   Following redirect: dinosaurs → dinosaurs
[2026-08-06T01:59:21.769Z]   Following redirect: dinosaurs → dinosaurs
[2026-08-06T01:59:21.976Z]   Following redirect: dinosaurs → dinosaurs
[2026-08-06T01:59:22.253Z]   Following redirect: dinosaurs → dinosaurs
[2026-08-06T01:59:22.499Z]   Following redirect: dinosaurs → dinosaurs
[2026-08-06T01:59:22.661Z]   Following redirect: dinosaurs → dinosaurs
[2026-08-06T01:59:22.823Z]   Following redirect: dinosaurs → dinosaurs
[2026-08-06T01:59:23.027Z]   Following redirect: dinosaurs → dinosaurs
[2026-08-06T01:59:23.189Z]   Following redirect: dinosaurs → dinosaurs
[2026-08-06T01:59:23.349Z]   Following redirect: dinosaurs → dinosaurs
[2026-08-06T01:59:23.509Z]   Following redirect: dinosaurs → dinosaurs
[2026-08-06T01:59:23.670Z]   Following redirect: dinosaurs → dinosaurs
[2026-08-06T01:59:23.832Z]   Following redirect: dinosaurs → dinosaurs
[2026-08-06T01:59:23.991Z]   Following redirect: dinosaurs → dinosaurs
[2026-08-06T01:59:24.151Z]   Following redirect: dinosaurs → dinosaurs
[2026-08-06T01:59:24.311Z]   Following redirect: dinosaurs → dinosaurs
[2026-08-06T01:59:24.471Z]   Following redirect: dinosaurs → dinosaurs
[2026-08-06T01:59:24.638Z]   Following redirect: dinosaurs → dinosaurs
[2026-08-06T01:59:24.799Z]   Following redirect: dinosaurs → dinosaurs
[2026-08-06T01:59:24.959Z]   Following redirect: dinosaurs → dinosaurs
[2026-08-06T01:59:25.118Z]   Following redirect: dinosaurs → dinosaurs
[2026-08-06T01:59:25.281Z]   Following redirect: dinosaurs → dinosaurs
[2026-08-06T01:59:25.441Z]   Following redirect: dinosaurs → dinosaurs
[2026-08-06T01:59:25.600Z]   Following redirect: dinosaurs → dinosaurs
[2026-08-06T01:59:25.760Z]   Following redirect: dinosaurs → dinosaurs
[2026-08-06T01:59:25.921Z]   Following redirect: dinosaurs → dinosaurs
[2026-08-06T01:59:26.080Z]   Following redirect: dinosaurs → dinosaurs
[2026-08-06T01:59:26.241Z]   Following redirect: dinosaurs → dinosaurs
[2026-08-06T01:59:26.401Z]   Following redirect: dinosaurs → dinosaurs
[2026-08-06T01:59:26.561Z]   Following redirect: dinosaurs → dinosaurs
[2026-08-06T01:59:26.721Z]   Following redirect: dinosaurs → dinosaurs
[2026-08-06T01:59:26.879Z]   Following redirect: dinosaurs → dinosaurs
[2026-08-06T01:59:27.039Z]   Following redirect: dinosaurs → dinosaurs
[2026-08-06T01:59:27.203Z]   Following redirect: dinosaurs → dinosaurs
[2026-08-06T01:59:27.363Z]   Following redirect: dinosaurs → dinosaurs
[2026-08-06T01:59:27.523Z]   Following redirect: dinosaurs → dinosaurs
[2026-08-06T01:59:27.683Z]   Following redirect: dinosaurs → dinosaurs
[2026-08-06T01:59:27.842Z]   Following redirect: dinosaurs → dinosaurs
[2026-08-06T01:59:28.002Z]   Following redirect: dinosaurs → dinosaurs
[2026-08-06T01:59:28.161Z]   Following redirect: dinosaurs → dinosaurs
[2026-08-06T01:59:28.321Z]   Following redirect: dinosaurs → dinosaurs
[2026-08-06T01:59:28.481Z]   Following redirect: dinosaurs → dinosaurs
[2026-08-06T01:59:28.642Z]   Following redirect: dinosaurs → dinosaurs
[2026-08-06T01:59:28.806Z]   Following redirect: dinosaurs → dinosaurs
[2026-08-06T01:59:28.967Z]   Following redirect: dinosaurs → dinosaurs
[2026-08-06T01:59:29.127Z]   Following redirect: dinosaurs → dinosaurs
[2026-08-06T01:59:29.287Z]   Following redirect: dinosaurs → dinosaurs
[2026-08-06T01:59:29.447Z]   Following redirect: dinosaurs → dinosaurs
[2026-08-06T01:59:29.607Z]   Following redirect: dinosaurs → dinosaurs
[2026-08-06T01:59:29.767Z]   Following redirect: dinosaurs → dinosaurs
[2026-08-06T01:59:29.927Z]   Following redirect: dinosaurs → dinosaurs
[2026-08-06T01:59:30.087Z]   Following redirect: dinosaurs → dinosaurs
[2026-08-06T01:59:30.247Z]   Following redirect: dinosaurs → dinosaurs
[2026-08-06T01:59:30.407Z]   Following redirect: dinosaurs → dinosaurs
[2026-08-06T01:59:30.567Z]   Following redirect: dinosaurs → dinosaurs
[2026-08-06T01:59:30.727Z]   Following redirect: dinosaurs → dinosaurs
[2026-08-06T01:59:30.887Z]   Following redirect: dinosaurs → dinosaurs
[2026-08-06T01:59:31.047Z]   Following redirect: dinosaurs → dinosaurs
[2026-08-06T01:59:31.207Z]   Following redirect: dinosaurs → dinosaurs
[2026-08-06T01:59:31.367Z]   Following redirect: dinosaurs → dinosaurs
[2026-08-06T01:59:31.527Z]   Following redirect: dinosaurs → dinosaurs
[2026-08-06T01:59:31.688Z]   Following redirect: dinosaurs → dinosaurs
[2026-08-06T01:59:31.849Z]   Following redirect: dinosaurs → dinosaurs
[2026-08-06T01:59:32.009Z]   Following redirect: dinosaurs → dinosaurs
[2026-08-06T01:59:32.170Z]   Following redirect: dinosaurs → dinosaurs
◇ injected env (7) from .env.local // tip: ⌘ suppress logs { quiet: true }
[2026-08-06T01:59:58.982Z] ═══════════════════════════════════════════════════════════════
[2026-08-06T01:59:58.983Z] EDHREC BUILD SYNC
[2026-08-06T01:59:58.983Z] ═══════════════════════════════════════════════════════════════
[2026-08-06T01:59:58.983Z] Mode: LIVE
[2026-08-06T01:59:58.983Z] Min decks: 500
[2026-08-06T01:59:58.983Z] Min theme %: 2%
[2026-08-06T01:59:58.983Z] Limit: 500 commanders
[2026-08-06T01:59:58.983Z] 
[2026-08-06T02:00:00.268Z] Already synced: 222 commanders
[2026-08-06T02:00:00.849Z] After filtering: 778 need sync (222 already done)
[2026-08-06T02:00:00.849Z] Found 500 commanders to sync
[2026-08-06T02:00:00.849Z] 
[2026-08-06T02:00:00.849Z] [1/500] Edgar Markov
[2026-08-06T02:00:00.849Z]   Processing Edgar Markov (49123 decks)
[2026-08-06T02:00:01.015Z]   Found 6 themes: vampires, lifegain, tokens, aggro, aristocrats, plus-1-plus-1-counters
[2026-08-06T02:00:02.287Z]   Created build vampires: 100 cards
[2026-08-06T02:00:03.043Z]   Created build lifegain: 100 cards
[2026-08-06T02:00:03.797Z]   Created build tokens: 100 cards
[2026-08-06T02:00:04.541Z]   Created build aggro: 100 cards
[2026-08-06T02:00:05.289Z]   Created build aristocrats: 100 cards
[2026-08-06T02:00:07.089Z]   Created build plus-1-plus-1-counters: 100 cards
[2026-08-06T02:00:07.089Z] [2/500] Y'shtola, Night's Blessed
[2026-08-06T02:00:07.089Z]   Processing Y'shtola, Night's Blessed (48776 decks)
[2026-08-06T02:00:07.253Z]   Found 5 themes: control, spellslinger, lifegain, burn, lifedrain
[2026-08-06T02:00:08.021Z]   Created build control: 100 cards
[2026-08-06T02:00:08.753Z]   Created build spellslinger: 100 cards
[2026-08-06T02:00:09.479Z]   Created build lifegain: 100 cards
[2026-08-06T02:00:10.249Z]   Created build burn: 100 cards
[2026-08-06T02:00:10.969Z]   Created build lifedrain: 100 cards
[2026-08-06T02:00:10.969Z] [3/500] Atraxa, Praetors' Voice
[2026-08-06T02:00:10.969Z]   Processing Atraxa, Praetors' Voice (43370 decks)
[2026-08-06T02:00:11.125Z]   Found 5 themes: infect, planeswalkers, plus-1-plus-1-counters, proliferate, phyrexians
[2026-08-06T02:00:11.853Z]   Created build infect: 100 cards
[2026-08-06T02:00:12.591Z]   Created build planeswalkers: 100 cards
[2026-08-06T02:00:14.433Z]   Created build plus-1-plus-1-counters: 100 cards
[2026-08-06T02:00:15.175Z]   Created build proliferate: 100 cards
[2026-08-06T02:00:15.905Z]   Created build phyrexians: 100 cards
[2026-08-06T02:00:15.905Z] [4/500] Krenko, Mob Boss
[2026-08-06T02:00:15.905Z]   Processing Krenko, Mob Boss (42790 decks)
[2026-08-06T02:00:16.059Z]   Found 4 themes: goblins, tokens, aggro, combo
[2026-08-06T02:00:16.795Z]   Created build goblins: 100 cards
[2026-08-06T02:00:17.509Z]   Created build tokens: 100 cards
[2026-08-06T02:00:18.241Z]   Created build aggro: 100 cards
[2026-08-06T02:00:18.961Z]   Created build combo: 100 cards
[2026-08-06T02:00:18.961Z] [5/500] Teval, the Balanced Scale
[2026-08-06T02:00:18.961Z]   Processing Teval, the Balanced Scale (36331 decks)
[2026-08-06T02:00:19.111Z]   Found 8 themes: reanimator, lands-matter, mill, self-mill, graveyard, tokens, dredge, ramp
[2026-08-06T02:00:19.849Z]   Created build reanimator: 100 cards
[2026-08-06T02:00:20.599Z]   Created build lands-matter: 100 cards
[2026-08-06T02:00:21.325Z]   Created build mill: 100 cards
[2026-08-06T02:00:22.057Z]   Created build self-mill: 100 cards
[2026-08-06T02:00:22.831Z]   Created build graveyard: 100 cards
[2026-08-06T02:00:23.578Z]   Created build tokens: 100 cards
[2026-08-06T02:00:24.314Z]   Created build dredge: 100 cards
[2026-08-06T02:00:25.045Z]   Created build ramp: 100 cards
[2026-08-06T02:00:25.045Z] [6/500] Sauron, the Dark Lord
[2026-08-06T02:00:25.045Z]   Processing Sauron, the Dark Lord (36250 decks)
[2026-08-06T02:00:25.199Z]   Found 4 themes: zombies, reanimator, amass, plus-1-plus-1-counters
[2026-08-06T02:00:25.955Z]   Created build zombies: 100 cards
[2026-08-06T02:00:26.695Z]   Created build reanimator: 100 cards
[2026-08-06T02:00:27.480Z]   Created build amass: 100 cards
[2026-08-06T02:00:29.235Z]   Created build plus-1-plus-1-counters: 100 cards
[2026-08-06T02:00:29.235Z] [7/500] Pantlaza, Sun-Favored
[2026-08-06T02:00:29.235Z]   Processing Pantlaza, Sun-Favored (35252 decks)
[2026-08-06T02:00:29.394Z]   Found 5 themes: dinosaurs, discover, ramp, blink, aggro
[2026-08-06T02:00:30.109Z]   Created build dinosaurs: 100 cards
[2026-08-06T02:00:30.851Z]   Created build discover: 100 cards
[2026-08-06T02:00:31.565Z]   Created build ramp: 100 cards
[2026-08-06T02:00:32.289Z]   Created build blink: 100 cards
[2026-08-06T02:00:33.003Z]   Created build aggro: 100 cards
[2026-08-06T02:00:33.003Z] [8/500] Yuriko, the Tiger's Shadow
[2026-08-06T02:00:33.003Z]   Processing Yuriko, the Tiger's Shadow (31576 decks)
[2026-08-06T02:00:33.157Z]   Found 5 themes: ninjutsu, ninjas, cedh, tempo, aggro
[2026-08-06T02:00:33.877Z]   Created build ninjutsu: 100 cards
[2026-08-06T02:00:34.619Z]   Created build ninjas: 100 cards
[2026-08-06T02:00:35.333Z]   Created build cedh: 100 cards
[2026-08-06T02:00:36.071Z]   Created build tempo: 100 cards
[2026-08-06T02:00:36.817Z]   Created build aggro: 100 cards
[2026-08-06T02:00:36.817Z] [9/500] Nekusar, the Mindrazer
[2026-08-06T02:00:36.817Z]   Processing Nekusar, the Mindrazer (31311 decks)
[2026-08-06T02:00:36.969Z]   Found 5 themes: wheels, group-slug, burn, card-draw, discard
[2026-08-06T02:00:37.708Z]   Created build wheels: 100 cards
[2026-08-06T02:00:38.437Z]   Created build group-slug: 100 cards
[2026-08-06T02:00:39.175Z]   Created build burn: 100 cards
[2026-08-06T02:00:39.907Z]   Created build card-draw: 100 cards
[2026-08-06T02:00:40.633Z]   Created build discard: 100 cards
[2026-08-06T02:00:40.633Z] [10/500] Kenrith, the Returned King
[2026-08-06T02:00:40.633Z]   Processing Kenrith, the Returned King (31096 decks)
[2026-08-06T02:00:40.807Z]   Found 2 themes: group-hug, combo
[2026-08-06T02:00:41.536Z]   Created build group-hug: 100 cards
[2026-08-06T02:00:42.257Z]   Created build combo: 100 cards
[2026-08-06T02:00:42.257Z] [11/500] Baylen, the Haymaker
[2026-08-06T02:00:42.257Z]   Processing Baylen, the Haymaker (30158 decks)
[2026-08-06T02:00:42.410Z]   Found 3 themes: tokens, rabbits, plus-1-plus-1-counters
