◇ injected env (7) from .env.local // tip: ◈ encrypted .env [www.dotenvx.com]
[2026-08-06T02:03:07.549Z] ═══════════════════════════════════════════════════════════════
[2026-08-06T02:03:07.550Z] EDHREC BUILD SYNC
[2026-08-06T02:03:07.550Z] ═══════════════════════════════════════════════════════════════
[2026-08-06T02:03:07.550Z] Mode: LIVE
[2026-08-06T02:03:07.550Z] Min decks: 500
[2026-08-06T02:03:07.550Z] Min theme %: 2%
[2026-08-06T02:03:07.550Z] 
[2026-08-06T02:03:07.766Z] Already synced: 222 commanders
[2026-08-06T02:03:08.182Z] After filtering: 778 need sync (222 already done)
[2026-08-06T02:03:08.182Z] Found 778 commanders to sync
[2026-08-06T02:03:08.182Z] 
[2026-08-06T02:03:08.182Z] [1/778] Edgar Markov
[2026-08-06T02:03:08.182Z]   Processing Edgar Markov (49123 decks)
[2026-08-06T02:03:08.331Z]   Found 6 themes: vampires, lifegain, tokens, aggro, aristocrats, plus-1-plus-1-counters
[2026-08-06T02:03:09.358Z]   Created build vampires: 100 cards
[2026-08-06T02:03:10.130Z]   Created build lifegain: 100 cards
[2026-08-06T02:03:10.920Z]   Created build tokens: 100 cards
[2026-08-06T02:03:11.666Z]   Created build aggro: 100 cards
[2026-08-06T02:03:12.402Z]   Created build aristocrats: 100 cards
[2026-08-06T02:03:13.218Z]   Created build plus-1-plus-1-counters: 100 cards
[2026-08-06T02:03:13.218Z] [2/778] Y'shtola, Night's Blessed
[2026-08-06T02:03:13.218Z]   Processing Y'shtola, Night's Blessed (48776 decks)
[2026-08-06T02:03:13.361Z]   Found 5 themes: control, spellslinger, lifegain, burn, lifedrain
[2026-08-06T02:03:14.145Z]   Created build control: 100 cards
[2026-08-06T02:03:14.894Z]   Created build spellslinger: 100 cards
[2026-08-06T02:03:15.626Z]   Created build lifegain: 100 cards
[2026-08-06T02:03:16.362Z]   Created build burn: 100 cards
[2026-08-06T02:03:17.114Z]   Created build lifedrain: 100 cards
[2026-08-06T02:03:17.114Z] [3/778] Atraxa, Praetors' Voice
[2026-08-06T02:03:17.114Z]   Processing Atraxa, Praetors' Voice (43370 decks)
[2026-08-06T02:03:17.260Z]   Found 5 themes: infect, planeswalkers, plus-1-plus-1-counters, proliferate, phyrexians
[2026-08-06T02:03:18.038Z]   Created build infect: 100 cards
[2026-08-06T02:03:18.798Z]   Created build planeswalkers: 100 cards
[2026-08-06T02:03:19.576Z]   Created build plus-1-plus-1-counters: 100 cards
[2026-08-06T02:03:20.296Z]   Created build proliferate: 100 cards
[2026-08-06T02:03:21.026Z]   Created build phyrexians: 100 cards
[2026-08-06T02:03:21.026Z] [4/778] Krenko, Mob Boss
[2026-08-06T02:03:21.026Z]   Processing Krenko, Mob Boss (42790 decks)
[2026-08-06T02:03:21.174Z]   Found 4 themes: goblins, tokens, aggro, combo
[2026-08-06T02:03:21.914Z]   Created build goblins: 100 cards
[2026-08-06T02:03:22.628Z]   Created build tokens: 100 cards
[2026-08-06T02:03:23.346Z]   Created build aggro: 100 cards
[2026-08-06T02:03:24.072Z]   Created build combo: 100 cards
[2026-08-06T02:03:24.072Z] [5/778] Teval, the Balanced Scale
[2026-08-06T02:03:24.072Z]   Processing Teval, the Balanced Scale (36331 decks)
[2026-08-06T02:03:24.216Z]   Found 8 themes: reanimator, lands-matter, mill, self-mill, graveyard, tokens, dredge, ramp
[2026-08-06T02:03:24.942Z]   Created build reanimator: 100 cards
[2026-08-06T02:03:25.668Z]   Created build lands-matter: 100 cards
[2026-08-06T02:03:26.374Z]   Created build mill: 100 cards
[2026-08-06T02:03:27.146Z]   Created build self-mill: 100 cards
[2026-08-06T02:03:27.844Z]   Created build graveyard: 100 cards
[2026-08-06T02:03:28.576Z]   Created build tokens: 100 cards
[2026-08-06T02:03:29.276Z]   Created build dredge: 100 cards
[2026-08-06T02:03:29.972Z]   Created build ramp: 100 cards
[2026-08-06T02:03:29.972Z] [6/778] Sauron, the Dark Lord
[2026-08-06T02:03:29.972Z]   Processing Sauron, the Dark Lord (36250 decks)
[2026-08-06T02:03:30.112Z]   Found 4 themes: zombies, reanimator, amass, plus-1-plus-1-counters
[2026-08-06T02:03:30.830Z]   Created build zombies: 100 cards
[2026-08-06T02:03:31.532Z]   Created build reanimator: 100 cards
[2026-08-06T02:03:32.233Z]   Created build amass: 100 cards
[2026-08-06T02:03:32.966Z]   Created build plus-1-plus-1-counters: 100 cards
[2026-08-06T02:03:32.966Z] [7/778] Pantlaza, Sun-Favored
[2026-08-06T02:03:32.966Z]   Processing Pantlaza, Sun-Favored (35252 decks)
[2026-08-06T02:03:33.108Z]   Found 5 themes: dinosaurs, discover, ramp, blink, aggro
[2026-08-06T02:03:33.830Z]   Created build dinosaurs: 100 cards
[2026-08-06T02:03:34.523Z]   Created build discover: 100 cards
[2026-08-06T02:03:35.232Z]   Created build ramp: 100 cards
[2026-08-06T02:03:35.936Z]   Created build blink: 100 cards
[2026-08-06T02:03:36.636Z]   Created build aggro: 100 cards
[2026-08-06T02:03:36.636Z] [8/778] Yuriko, the Tiger's Shadow
[2026-08-06T02:03:36.636Z]   Processing Yuriko, the Tiger's Shadow (31576 decks)
[2026-08-06T02:03:36.779Z]   Found 5 themes: ninjutsu, ninjas, cedh, tempo, aggro
[2026-08-06T02:03:37.495Z]   Created build ninjutsu: 100 cards
[2026-08-06T02:03:38.204Z]   Created build ninjas: 100 cards
[2026-08-06T02:03:38.914Z]   Created build cedh: 100 cards
[2026-08-06T02:03:39.608Z]   Created build tempo: 100 cards
[2026-08-06T02:03:40.306Z]   Created build aggro: 100 cards
[2026-08-06T02:03:40.306Z] [9/778] Nekusar, the Mindrazer
[2026-08-06T02:03:40.307Z]   Processing Nekusar, the Mindrazer (31311 decks)
[2026-08-06T02:03:40.446Z]   Found 5 themes: wheels, group-slug, burn, card-draw, discard
[2026-08-06T02:03:41.154Z]   Created build wheels: 100 cards
[2026-08-06T02:03:41.884Z]   Created build group-slug: 100 cards
[2026-08-06T02:03:42.590Z]   Created build burn: 100 cards
[2026-08-06T02:03:43.288Z]   Created build card-draw: 100 cards
[2026-08-06T02:03:44.026Z]   Created build discard: 100 cards
[2026-08-06T02:03:44.026Z] [10/778] Kenrith, the Returned King
[2026-08-06T02:03:44.026Z]   Processing Kenrith, the Returned King (31096 decks)
[2026-08-06T02:03:44.166Z]   Found 2 themes: group-hug, combo
[2026-08-06T02:03:44.868Z]   Created build group-hug: 100 cards
[2026-08-06T02:03:45.570Z]   Created build combo: 100 cards
[2026-08-06T02:03:45.570Z] [11/778] Baylen, the Haymaker
[2026-08-06T02:03:45.570Z]   Processing Baylen, the Haymaker (30158 decks)
[2026-08-06T02:03:45.715Z]   Found 3 themes: tokens, rabbits, plus-1-plus-1-counters
[2026-08-06T02:03:46.416Z]   Created build tokens: 100 cards
[2026-08-06T02:03:47.118Z]   Created build rabbits: 100 cards
[2026-08-06T02:03:49.014Z]   Created build plus-1-plus-1-counters: 100 cards
[2026-08-06T02:03:49.014Z] [12/778] Toph, the First Metalbender
[2026-08-06T02:03:49.014Z]   Processing Toph, the First Metalbender (29782 decks)
[2026-08-06T02:03:49.158Z]   Found 5 themes: lands-matter, artifacts, plus-1-plus-1-counters, earthbending, landfall
[2026-08-06T02:03:49.890Z]   Created build lands-matter: 100 cards
[2026-08-06T02:03:50.630Z]   Created build artifacts: 100 cards
[2026-08-06T02:03:52.412Z]   Created build plus-1-plus-1-counters: 100 cards
[2026-08-06T02:03:53.164Z]   Created build earthbending: 100 cards
[2026-08-06T02:03:53.919Z]   Created build landfall: 100 cards
[2026-08-06T02:03:53.920Z] [13/778] Isshin, Two Heavens as One
[2026-08-06T02:03:53.920Z]   Processing Isshin, Two Heavens as One (29705 decks)
[2026-08-06T02:03:54.068Z]   Found 6 themes: aggro, tokens, attack-triggers, extra-combats, equipment, samurai
[2026-08-06T02:03:54.810Z]   Created build aggro: 100 cards
[2026-08-06T02:03:55.548Z]   Created build tokens: 100 cards
[2026-08-06T02:03:56.291Z]   Created build attack-triggers: 100 cards
[2026-08-06T02:03:57.020Z]   Created build extra-combats: 100 cards
[2026-08-06T02:03:57.819Z]   Created build equipment: 100 cards
[2026-08-06T02:03:58.550Z]   Created build samurai: 100 cards
[2026-08-06T02:03:58.550Z] [14/778] Valgavoth, Harrower of Souls
[2026-08-06T02:03:58.550Z]   Processing Valgavoth, Harrower of Souls (29638 decks)
[2026-08-06T02:03:58.693Z]   Found 2 themes: group-slug, burn
[2026-08-06T02:03:59.444Z]   Created build group-slug: 100 cards
[2026-08-06T02:04:00.186Z]   Created build burn: 100 cards
[2026-08-06T02:04:00.186Z] [15/778] Hearthhull, the Worldseed
[2026-08-06T02:04:00.186Z]   Processing Hearthhull, the Worldseed (28673 decks)
[2026-08-06T02:04:00.326Z]   Found 7 themes: lands-matter, ramp, landfall, land-destruction, sacrifice, burn, graveyard
[2026-08-06T02:04:01.092Z]   Created build lands-matter: 100 cards
[2026-08-06T02:04:01.824Z]   Created build ramp: 100 cards
[2026-08-06T02:04:02.562Z]   Created build landfall: 100 cards
[2026-08-06T02:04:03.286Z]   Created build land-destruction: 100 cards
[2026-08-06T02:04:04.018Z]   Created build sacrifice: 100 cards
[2026-08-06T02:04:04.786Z]   Created build burn: 100 cards
[2026-08-06T02:04:05.504Z]   Created build graveyard: 100 cards
[2026-08-06T02:04:05.504Z] [16/778] Ulalek, Fused Atrocity
[2026-08-06T02:04:05.504Z]   Processing Ulalek, Fused Atrocity (27449 decks)
[2026-08-06T02:04:05.649Z]   Found 2 themes: eldrazi, big-mana
[2026-08-06T02:04:06.380Z]   Created build eldrazi: 100 cards
[2026-08-06T02:04:07.104Z]   Created build big-mana: 100 cards
[2026-08-06T02:04:07.104Z] [17/778] Bello, Bard of the Brambles
[2026-08-06T02:04:07.104Z]   Processing Bello, Bard of the Brambles (26696 decks)
[2026-08-06T02:04:07.250Z]   Found 5 themes: enchantress, artifacts, unnatural, aggro, vehicles
[2026-08-06T02:04:07.994Z]   Created build enchantress: 100 cards
[2026-08-06T02:04:08.724Z]   Created build artifacts: 100 cards
[2026-08-06T02:04:09.462Z]   Created build unnatural: 100 cards
[2026-08-06T02:04:10.204Z]   Created build aggro: 100 cards
[2026-08-06T02:04:10.936Z]   Created build vehicles: 100 cards
[2026-08-06T02:04:10.936Z] [18/778] Hashaton, Scarab's Fist
[2026-08-06T02:04:10.936Z]   Processing Hashaton, Scarab's Fist (25396 decks)
[2026-08-06T02:04:11.113Z]   Found 6 themes: discard, reanimator, tokens, zombies, cedh, wheels
[2026-08-06T02:04:11.876Z]   Created build discard: 100 cards
[2026-08-06T02:04:12.624Z]   Created build reanimator: 100 cards
[2026-08-06T02:04:13.376Z]   Created build tokens: 100 cards
[2026-08-06T02:04:14.154Z]   Created build zombies: 100 cards
[2026-08-06T02:04:14.880Z]   Created build cedh: 100 cards
[2026-08-06T02:04:15.618Z]   Created build wheels: 100 cards
[2026-08-06T02:04:15.618Z] [19/778] Frodo, Adventurous Hobbit & Sam, Loyal Attendant
[2026-08-06T02:04:15.618Z]   Processing Frodo, Adventurous Hobbit & Sam, Loyal Attendant (24662 decks)
[2026-08-06T02:04:15.759Z]   Found 5 themes: lifegain, tokens, food, halflings, combo
[2026-08-06T02:04:16.478Z]   Created build lifegain: 100 cards
[2026-08-06T02:04:17.188Z]   Created build tokens: 100 cards
[2026-08-06T02:04:17.920Z]   Created build food: 100 cards
[2026-08-06T02:04:18.681Z]   Created build halflings: 100 cards
[2026-08-06T02:04:19.671Z]   Created build combo: 100 cards
[2026-08-06T02:04:19.671Z] [20/778] Hakbal of the Surging Soul
[2026-08-06T02:04:19.671Z]   Processing Hakbal of the Surging Soul (24609 decks)
[2026-08-06T02:04:19.812Z]   Found 4 themes: merfolk, plus-1-plus-1-counters, explore, aggro
[2026-08-06T02:04:20.633Z]   Created build merfolk: 100 cards
[2026-08-06T02:04:22.376Z]   Created build plus-1-plus-1-counters: 100 cards
[2026-08-06T02:04:23.138Z]   Created build explore: 100 cards
[2026-08-06T02:04:23.866Z]   Created build aggro: 100 cards
[2026-08-06T02:04:23.866Z] [21/778] Muldrotha, the Gravetide
[2026-08-06T02:04:23.866Z]   Processing Muldrotha, the Gravetide (24537 decks)
[2026-08-06T02:04:24.006Z]   Found 6 themes: reanimator, mill, sacrifice, graveyard, self-mill, combo
[2026-08-06T02:04:24.748Z]   Created build reanimator: 100 cards
[2026-08-06T02:04:25.488Z]   Created build mill: 100 cards
[2026-08-06T02:04:26.204Z]   Created build sacrifice: 100 cards
[2026-08-06T02:04:26.968Z]   Created build graveyard: 100 cards
[2026-08-06T02:04:27.694Z]   Created build self-mill: 100 cards
[2026-08-06T02:04:28.420Z]   Created build combo: 100 cards
[2026-08-06T02:04:28.421Z] [22/778] Ashling, the Limitless
[2026-08-06T02:04:28.421Z]   Processing Ashling, the Limitless (23955 decks)
[2026-08-06T02:04:28.571Z]   Found 4 themes: elementals, tokens, evoke, etb
[2026-08-06T02:04:29.308Z]   Created build elementals: 100 cards
[2026-08-06T02:04:30.050Z]   Created build tokens: 100 cards
[2026-08-06T02:04:30.790Z]   Created build evoke: 100 cards
[2026-08-06T02:04:31.518Z]   Created build etb: 100 cards
[2026-08-06T02:04:31.518Z] [23/778] Glarb, Calamity's Augur
[2026-08-06T02:04:31.518Z]   Processing Glarb, Calamity's Augur (23933 decks)
[2026-08-06T02:04:31.665Z]   Found 7 themes: lands-matter, frogs, reanimator, combo, cedh, midrange, ramp
[2026-08-06T02:04:32.394Z]   Created build lands-matter: 100 cards
[2026-08-06T02:04:33.120Z]   Created build frogs: 100 cards
[2026-08-06T02:04:33.855Z]   Created build reanimator: 100 cards
[2026-08-06T02:04:34.616Z]   Created build combo: 100 cards
[2026-08-06T02:04:35.388Z]   Created build cedh: 100 cards
[2026-08-06T02:04:36.176Z]   Created build midrange: 100 cards
[2026-08-06T02:04:36.910Z]   Created build ramp: 100 cards
[2026-08-06T02:04:36.910Z] [24/778] Rin and Seri, Inseparable
[2026-08-06T02:04:36.910Z]   Processing Rin and Seri, Inseparable (23622 decks)
[2026-08-06T02:04:37.050Z]   Found 4 themes: cats, tokens, dogs, plus-1-plus-1-counters
[2026-08-06T02:04:37.774Z]   Created build cats: 100 cards
[2026-08-06T02:04:38.510Z]   Created build tokens: 100 cards
[2026-08-06T02:04:39.236Z]   Created build dogs: 100 cards
[2026-08-06T02:04:41.018Z]   Created build plus-1-plus-1-counters: 100 cards
[2026-08-06T02:04:41.018Z] [25/778] The Necrobloom
[2026-08-06T02:04:41.018Z]   Processing The Necrobloom (23043 decks)
[2026-08-06T02:04:41.162Z]   Found 7 themes: lands-matter, tokens, dredge, landfall, ramp, reanimator, graveyard
[2026-08-06T02:04:41.913Z]   Created build lands-matter: 100 cards
[2026-08-06T02:04:42.840Z]   Created build tokens: 100 cards
[2026-08-06T02:04:43.616Z]   Created build dredge: 100 cards
[2026-08-06T02:04:44.340Z]   Created build landfall: 100 cards
[2026-08-06T02:04:45.072Z]   Created build ramp: 100 cards
[2026-08-06T02:04:45.845Z]   Created build reanimator: 100 cards
[2026-08-06T02:04:46.586Z]   Created build graveyard: 100 cards
[2026-08-06T02:04:46.586Z] [26/778] Mr. House, President and CEO
[2026-08-06T02:04:46.586Z]   Processing Mr. House, President and CEO (22211 decks)
[2026-08-06T02:04:46.728Z]   Found 4 themes: treasure, tokens, artifacts, die-roll
[2026-08-06T02:04:47.454Z]   Created build treasure: 100 cards
[2026-08-06T02:04:48.212Z]   Created build tokens: 100 cards
[2026-08-06T02:04:48.950Z]   Created build artifacts: 100 cards
[2026-08-06T02:04:49.684Z]   Created build die-roll: 100 cards
[2026-08-06T02:04:49.684Z] [27/778] Caesar, Legion's Emperor
[2026-08-06T02:04:49.684Z]   Processing Caesar, Legion's Emperor (22197 decks)
[2026-08-06T02:04:49.834Z]   Found 5 themes: tokens, aristocrats, humans, aggro, soldiers
[2026-08-06T02:04:50.561Z]   Created build tokens: 100 cards
[2026-08-06T02:04:51.734Z]   Created build aristocrats: 100 cards
[2026-08-06T02:04:52.450Z]   Created build humans: 100 cards
[2026-08-06T02:04:53.178Z]   Created build aggro: 100 cards
[2026-08-06T02:04:53.902Z]   Created build soldiers: 100 cards
[2026-08-06T02:04:53.902Z] [28/778] Wilhelt, the Rotcleaver
[2026-08-06T02:04:53.902Z]   Processing Wilhelt, the Rotcleaver (22106 decks)
[2026-08-06T02:04:54.049Z]   Found 5 themes: zombies, tokens, aristocrats, reanimator, combo
[2026-08-06T02:04:54.798Z]   Created build zombies: 100 cards
[2026-08-06T02:04:55.542Z]   Created build tokens: 100 cards
[2026-08-06T02:04:56.312Z]   Created build aristocrats: 100 cards
[2026-08-06T02:04:57.042Z]   Created build reanimator: 100 cards
[2026-08-06T02:04:57.825Z]   Created build combo: 100 cards
[2026-08-06T02:04:57.826Z] [29/778] Arabella, Abandoned Doll
[2026-08-06T02:04:57.826Z]   Processing Arabella, Abandoned Doll (21843 decks)
[2026-08-06T02:04:57.967Z]   Found 4 themes: tokens, aggro, burn, lifegain
[2026-08-06T02:04:58.698Z]   Created build tokens: 100 cards
[2026-08-06T02:04:59.472Z]   Created build aggro: 100 cards
[2026-08-06T02:05:00.216Z]   Created build burn: 100 cards
[2026-08-06T02:05:00.971Z]   Created build lifegain: 100 cards
[2026-08-06T02:05:00.971Z] [30/778] Breya, Etherium Shaper
[2026-08-06T02:05:00.971Z]   Processing Breya, Etherium Shaper (21842 decks)
[2026-08-06T02:05:01.149Z]   Found 3 themes: artifacts, combo, tokens
[2026-08-06T02:05:01.901Z]   Created build artifacts: 100 cards
[2026-08-06T02:05:02.654Z]   Created build combo: 100 cards
[2026-08-06T02:05:03.397Z]   Created build tokens: 100 cards
[2026-08-06T02:05:03.397Z] [31/778] Gishath, Sun's Avatar
[2026-08-06T02:05:03.397Z]   Processing Gishath, Sun's Avatar (21054 decks)
[2026-08-06T02:05:03.541Z]   Found 3 themes: dinosaurs, ramp, aggro
[2026-08-06T02:05:04.272Z]   Created build dinosaurs: 100 cards
[2026-08-06T02:05:05.006Z]   Created build ramp: 100 cards
[2026-08-06T02:05:05.748Z]   Created build aggro: 100 cards
[2026-08-06T02:05:05.748Z] [32/778] Zhulodok, Void Gorger
[2026-08-06T02:05:05.748Z]   Processing Zhulodok, Void Gorger (20828 decks)
[2026-08-06T02:05:05.897Z]   Found 5 themes: eldrazi, big-mana, cascade, artifacts, ramp
[2026-08-06T02:05:06.634Z]   Created build eldrazi: 100 cards
[2026-08-06T02:05:07.382Z]   Created build big-mana: 100 cards
[2026-08-06T02:05:08.156Z]   Created build cascade: 100 cards
[2026-08-06T02:05:08.876Z]   Created build artifacts: 100 cards
[2026-08-06T02:05:09.602Z]   Created build ramp: 100 cards
[2026-08-06T02:05:09.602Z] [33/778] Ureni of the Unwritten
[2026-08-06T02:05:09.602Z]   Processing Ureni of the Unwritten (20569 decks)
[2026-08-06T02:05:09.744Z]   Found 3 themes: dragons, flying, ramp
[2026-08-06T02:05:10.475Z]   Created build dragons: 100 cards
[2026-08-06T02:05:11.228Z]   Created build flying: 100 cards
[2026-08-06T02:05:11.966Z]   Created build ramp: 100 cards
[2026-08-06T02:05:11.966Z] [34/778] Tom Bombadil
[2026-08-06T02:05:11.966Z]   Processing Tom Bombadil (20369 decks)
[2026-08-06T02:05:12.110Z]   Found 2 themes: sagas, enchantress
[2026-08-06T02:05:12.856Z]   Created build sagas: 100 cards
[2026-08-06T02:05:13.602Z]   Created build enchantress: 100 cards
[2026-08-06T02:05:13.602Z] [35/778] Atla Palani, Nest Tender
[2026-08-06T02:05:13.602Z]   Processing Atla Palani, Nest Tender (20319 decks)
[2026-08-06T02:05:13.745Z]   Found 3 themes: dinosaurs, eggs, tokens
[2026-08-06T02:05:14.472Z]   Created build dinosaurs: 100 cards
[2026-08-06T02:05:15.226Z]   Created build eggs: 100 cards
[2026-08-06T02:05:15.950Z]   Created build tokens: 100 cards
[2026-08-06T02:05:15.950Z] [36/778] Korvold, Fae-Cursed King
[2026-08-06T02:05:15.950Z]   Processing Korvold, Fae-Cursed King (20306 decks)
[2026-08-06T02:05:16.091Z]   Found 8 themes: sacrifice, treasure, aristocrats, tokens, combo, plus-1-plus-1-counters, lands-matter, cedh
[2026-08-06T02:05:16.812Z]   Created build sacrifice: 100 cards
[2026-08-06T02:05:17.547Z]   Created build treasure: 100 cards
[2026-08-06T02:05:18.274Z]   Created build aristocrats: 100 cards
[2026-08-06T02:05:19.025Z]   Created build tokens: 100 cards
[2026-08-06T02:05:19.790Z]   Created build combo: 100 cards
[2026-08-06T02:05:21.554Z]   Created build plus-1-plus-1-counters: 100 cards
[2026-08-06T02:05:22.278Z]   Created build lands-matter: 100 cards
[2026-08-06T02:05:23.008Z]   Created build cedh: 100 cards
[2026-08-06T02:05:23.008Z] [37/778] Helga, Skittish Seer
[2026-08-06T02:05:23.008Z]   Processing Helga, Skittish Seer (20027 decks)
[2026-08-06T02:05:23.149Z]   Found 2 themes: plus-1-plus-1-counters, ramp
[2026-08-06T02:05:24.946Z]   Created build plus-1-plus-1-counters: 100 cards
[2026-08-06T02:05:25.686Z]   Created build ramp: 100 cards
[2026-08-06T02:05:25.686Z] [38/778] K'rrik, Son of Yawgmoth
[2026-08-06T02:05:25.686Z]   Processing K'rrik, Son of Yawgmoth (20011 decks)
[2026-08-06T02:05:25.831Z]   Found 5 themes: lifegain, combo, self-damage, cedh, reanimator
[2026-08-06T02:05:26.593Z]   Created build lifegain: 100 cards
[2026-08-06T02:05:27.322Z]   Created build combo: 100 cards
[2026-08-06T02:05:28.046Z]   Created build self-damage: 100 cards
[2026-08-06T02:05:28.790Z]   Created build cedh: 100 cards
[2026-08-06T02:05:29.516Z]   Created build reanimator: 100 cards
[2026-08-06T02:05:29.516Z] [39/778] Urza, Lord High Artificer
[2026-08-06T02:05:29.516Z]   Processing Urza, Lord High Artificer (19972 decks)
[2026-08-06T02:05:29.661Z]   Found 5 themes: artifacts, combo, cedh, control, stax
[2026-08-06T02:05:30.398Z]   Created build artifacts: 100 cards
[2026-08-06T02:05:31.141Z]   Created build combo: 100 cards
[2026-08-06T02:05:31.880Z]   Created build cedh: 100 cards
[2026-08-06T02:05:32.610Z]   Created build control: 100 cards
[2026-08-06T02:05:33.350Z]   Created build stax: 100 cards
[2026-08-06T02:05:33.350Z] [40/778] Tidus, Yuna's Guardian
[2026-08-06T02:05:33.350Z]   Processing Tidus, Yuna's Guardian (19485 decks)
[2026-08-06T02:05:33.495Z]   Found 2 themes: plus-1-plus-1-counters, proliferate
[2026-08-06T02:05:35.222Z]   Created build plus-1-plus-1-counters: 100 cards
[2026-08-06T02:05:35.966Z]   Created build proliferate: 100 cards
[2026-08-06T02:05:35.966Z] [41/778] Zaxara, the Exemplary
[2026-08-06T02:05:35.966Z]   Processing Zaxara, the Exemplary (19429 decks)
[2026-08-06T02:05:36.108Z]   Found 4 themes: x-spells, plus-1-plus-1-counters, hydras, tokens
[2026-08-06T02:05:36.880Z]   Created build x-spells: 100 cards
[2026-08-06T02:05:38.683Z]   Created build plus-1-plus-1-counters: 100 cards
[2026-08-06T02:05:39.414Z]   Created build hydras: 100 cards
[2026-08-06T02:05:40.148Z]   Created build tokens: 100 cards
[2026-08-06T02:05:40.148Z] [42/778] Xyris, the Writhing Storm
[2026-08-06T02:05:40.148Z]   Processing Xyris, the Writhing Storm (19353 decks)
[2026-08-06T02:05:40.291Z]   Found 5 themes: wheels, tokens, group-hug, card-draw, snakes
[2026-08-06T02:05:41.024Z]   Created build wheels: 100 cards
[2026-08-06T02:05:41.842Z]   Created build tokens: 100 cards
[2026-08-06T02:05:42.568Z]   Created build group-hug: 100 cards
[2026-08-06T02:05:43.302Z]   Created build card-draw: 100 cards
[2026-08-06T02:05:44.046Z]   Created build snakes: 100 cards
[2026-08-06T02:05:44.046Z] [43/778] Felothar the Steadfast
[2026-08-06T02:05:44.047Z]   Processing Felothar the Steadfast (19219 decks)
[2026-08-06T02:05:44.189Z]   Found 2 themes: defenders, toughness-matters
[2026-08-06T02:05:44.916Z]   Created build defenders: 100 cards
[2026-08-06T02:05:45.642Z]   Created build toughness-matters: 100 cards
[2026-08-06T02:05:45.642Z] [44/778] Zinnia, Valley's Voice
[2026-08-06T02:05:45.642Z]   Processing Zinnia, Valley's Voice (18740 decks)
[2026-08-06T02:05:45.785Z]   Found 3 themes: tokens, offspring, clones
[2026-08-06T02:05:46.572Z]   Created build tokens: 100 cards
[2026-08-06T02:05:47.364Z]   Created build offspring: 100 cards
[2026-08-06T02:05:48.112Z]   Created build clones: 100 cards
[2026-08-06T02:05:48.112Z] [45/778] Eriette of the Charmed Apple
[2026-08-06T02:05:48.112Z]   Processing Eriette of the Charmed Apple (18627 decks)
[2026-08-06T02:05:48.257Z]   Found 6 themes: auras, enchantress, lifegain, control, lifedrain, pillow-fort
[2026-08-06T02:05:48.988Z]   Created build auras: 100 cards
[2026-08-06T02:05:49.718Z]   Created build enchantress: 100 cards
[2026-08-06T02:05:50.448Z]   Created build lifegain: 100 cards
[2026-08-06T02:05:51.173Z]   Created build control: 100 cards
[2026-08-06T02:05:51.908Z]   Created build lifedrain: 100 cards
[2026-08-06T02:05:52.655Z]   Created build pillow-fort: 100 cards
[2026-08-06T02:05:52.655Z] [46/778] Henzie "Toolbox" Torre
[2026-08-06T02:05:52.655Z]   Processing Henzie "Toolbox" Torre (18421 decks)
[2026-08-06T02:05:52.801Z]   Found 7 themes: reanimator, aggro, aristocrats, birthing-pod, toolbox, sacrifice, haste
[2026-08-06T02:05:53.540Z]   Created build reanimator: 100 cards
[2026-08-06T02:05:55.324Z]   Created build aggro: 100 cards
[2026-08-06T02:05:57.084Z]   Created build aristocrats: 100 cards
[2026-08-06T02:05:58.857Z]   Created build birthing-pod: 100 cards
[2026-08-06T02:06:00.605Z]   Created build toolbox: 100 cards
[2026-08-06T02:06:02.382Z]   Created build sacrifice: 100 cards
[2026-08-06T02:06:04.133Z]   Created build haste: 100 cards
[2026-08-06T02:06:04.133Z] [47/778] Sisay, Weatherlight Captain
[2026-08-06T02:06:04.133Z]   Processing Sisay, Weatherlight Captain (18258 decks)
[2026-08-06T02:06:04.279Z]   Found 7 themes: legends, historic, cedh, combo, planeswalkers, toolbox, midrange
[2026-08-06T02:06:05.031Z]   Created build legends: 100 cards
[2026-08-06T02:06:05.761Z]   Created build historic: 100 cards
[2026-08-06T02:06:06.497Z]   Created build cedh: 100 cards
[2026-08-06T02:06:07.235Z]   Created build combo: 100 cards
[2026-08-06T02:06:07.966Z]   Created build planeswalkers: 100 cards
[2026-08-06T02:06:08.706Z]   Created build toolbox: 100 cards
[2026-08-06T02:06:09.448Z]   Created build midrange: 100 cards
[2026-08-06T02:06:09.448Z] [48/778] Voja, Jaws of the Conclave
[2026-08-06T02:06:09.448Z]   Processing Voja, Jaws of the Conclave (18224 decks)
[2026-08-06T02:06:09.588Z]   Found 4 themes: elves, plus-1-plus-1-counters, aggro, wolves
[2026-08-06T02:06:10.332Z]   Created build elves: 100 cards
[2026-08-06T02:06:11.070Z]   Created build plus-1-plus-1-counters: 100 cards
[2026-08-06T02:06:11.796Z]   Created build aggro: 100 cards
[2026-08-06T02:06:12.551Z]   Created build wolves: 100 cards
[2026-08-06T02:06:12.551Z] [49/778] Captain N'ghathrod
[2026-08-06T02:06:12.551Z]   Processing Captain N'ghathrod (17980 decks)
[2026-08-06T02:06:12.693Z]   Found 4 themes: mill, horrors, theft, reanimator
[2026-08-06T02:06:13.453Z]   Created build mill: 100 cards
[2026-08-06T02:06:14.222Z]   Created build horrors: 100 cards
[2026-08-06T02:06:14.944Z]   Created build theft: 100 cards
[2026-08-06T02:06:15.676Z]   Created build reanimator: 100 cards
[2026-08-06T02:06:15.676Z] [50/778] Urtet, Remnant of Memnarch
[2026-08-06T02:06:15.676Z]   Processing Urtet, Remnant of Memnarch (17967 decks)
[2026-08-06T02:06:15.820Z]   Found 4 themes: artifacts, myr, plus-1-plus-1-counters, tokens
[2026-08-06T02:06:16.558Z]   Created build artifacts: 100 cards
[2026-08-06T02:06:17.285Z]   Created build myr: 100 cards
[2026-08-06T02:06:18.038Z]   Created build plus-1-plus-1-counters: 100 cards
[2026-08-06T02:06:18.775Z]   Created build tokens: 100 cards
[2026-08-06T02:06:18.775Z] 
[2026-08-06T02:06:18.775Z] Progress: 50 processed, 227 builds, 22700 cards
[2026-08-06T02:06:18.775Z] 
[2026-08-06T02:06:18.775Z] [51/778] Terra, Herald of Hope
[2026-08-06T02:06:18.775Z]   Processing Terra, Herald of Hope (17956 decks)
[2026-08-06T02:06:18.918Z]   Found 5 themes: reanimator, graveyard, self-mill, aggro, mill
[2026-08-06T02:06:19.655Z]   Created build reanimator: 100 cards
[2026-08-06T02:06:20.376Z]   Created build graveyard: 100 cards
[2026-08-06T02:06:21.167Z]   Created build self-mill: 100 cards
[2026-08-06T02:06:21.898Z]   Created build aggro: 100 cards
[2026-08-06T02:06:22.611Z]   Created build mill: 100 cards
[2026-08-06T02:06:22.611Z] [52/778] Ragost, Deft Gastronaut
[2026-08-06T02:06:22.611Z]   Processing Ragost, Deft Gastronaut (17574 decks)
[2026-08-06T02:06:22.749Z]   Found 5 themes: artifacts, burn, lifegain, tokens, food
[2026-08-06T02:06:23.474Z]   Created build artifacts: 100 cards
[2026-08-06T02:06:24.206Z]   Created build burn: 100 cards
[2026-08-06T02:06:24.936Z]   Created build lifegain: 100 cards
[2026-08-06T02:06:26.287Z]   Created build tokens: 100 cards
[2026-08-06T02:06:27.027Z]   Created build food: 100 cards
[2026-08-06T02:06:27.027Z] [53/778] Alela, Cunning Conqueror
[2026-08-06T02:06:27.027Z]   Processing Alela, Cunning Conqueror (17291 decks)
[2026-08-06T02:06:27.171Z]   Found 7 themes: faeries, control, flying, tokens, flash, forced-combat, spellslinger
[2026-08-06T02:06:27.941Z]   Created build faeries: 100 cards
[2026-08-06T02:06:28.667Z]   Created build control: 100 cards
[2026-08-06T02:06:29.383Z]   Created build flying: 100 cards
[2026-08-06T02:06:30.120Z]   Created build tokens: 100 cards
[2026-08-06T02:06:30.905Z]   Created build flash: 100 cards
[2026-08-06T02:06:31.647Z]   Created build forced-combat: 100 cards
[2026-08-06T02:06:32.388Z]   Created build spellslinger: 100 cards
[2026-08-06T02:06:32.388Z] [54/778] Atraxa, Grand Unifier
[2026-08-06T02:06:32.388Z]   Processing Atraxa, Grand Unifier (17248 decks)
[2026-08-06T02:06:32.535Z]   Found 7 themes: blink, combo, cedh, infect, midrange, control, phyrexians
[2026-08-06T02:06:33.274Z]   Created build blink: 100 cards
[2026-08-06T02:06:34.009Z]   Created build combo: 100 cards
[2026-08-06T02:06:34.790Z]   Created build cedh: 100 cards
[2026-08-06T02:06:35.528Z]   Created build infect: 100 cards
[2026-08-06T02:06:36.259Z]   Created build midrange: 100 cards
[2026-08-06T02:06:37.046Z]   Created build control: 100 cards
[2026-08-06T02:06:37.809Z]   Created build phyrexians: 100 cards
[2026-08-06T02:06:37.809Z] [55/778] Aminatou, Veil Piercer
[2026-08-06T02:06:37.809Z]   Processing Aminatou, Veil Piercer (17176 decks)
[2026-08-06T02:06:37.955Z]   Found 3 themes: enchantress, topdeck, control
[2026-08-06T02:06:38.709Z]   Created build enchantress: 100 cards
[2026-08-06T02:06:39.455Z]   Created build topdeck: 100 cards
[2026-08-06T02:06:40.181Z]   Created build control: 100 cards
[2026-08-06T02:06:40.181Z] [56/778] Hope Estheim
[2026-08-06T02:06:40.181Z]   Processing Hope Estheim (16961 decks)
[2026-08-06T02:06:40.326Z]   Found 2 themes: mill, lifegain
[2026-08-06T02:06:41.073Z]   Created build mill: 100 cards
[2026-08-06T02:06:41.804Z]   Created build lifegain: 100 cards
[2026-08-06T02:06:41.804Z] [57/778] Marneus Calgar
[2026-08-06T02:06:41.804Z]   Processing Marneus Calgar (16926 decks)
[2026-08-06T02:06:41.943Z]   Found 5 themes: tokens, combo, aristocrats, midrange, cedh
[2026-08-06T02:06:42.689Z]   Created build tokens: 100 cards
[2026-08-06T02:06:43.428Z]   Created build combo: 100 cards
[2026-08-06T02:06:44.175Z]   Created build aristocrats: 100 cards
[2026-08-06T02:06:44.918Z]   Created build midrange: 100 cards
[2026-08-06T02:06:45.645Z]   Created build cedh: 100 cards
[2026-08-06T02:06:45.645Z] [58/778] Urza, Chief Artificer
[2026-08-06T02:06:45.645Z]   Processing Urza, Chief Artificer (16843 decks)
[2026-08-06T02:06:45.785Z]   Found 3 themes: artifacts, tokens, affinity
[2026-08-06T02:06:46.548Z]   Created build artifacts: 100 cards
[2026-08-06T02:06:47.278Z]   Created build tokens: 100 cards
[2026-08-06T02:06:48.045Z]   Created build affinity: 100 cards
[2026-08-06T02:06:48.045Z] [59/778] Alela, Artful Provocateur
[2026-08-06T02:06:48.045Z]   Processing Alela, Artful Provocateur (16305 decks)
[2026-08-06T02:06:48.193Z]   Found 6 themes: enchantress, artifacts, faeries, tokens, flying, unnatural
[2026-08-06T02:06:48.925Z]   Created build enchantress: 100 cards
[2026-08-06T02:06:49.683Z]   Created build artifacts: 100 cards
[2026-08-06T02:06:50.423Z]   Created build faeries: 100 cards
[2026-08-06T02:06:51.169Z]   Created build tokens: 100 cards
[2026-08-06T02:06:51.919Z]   Created build flying: 100 cards
[2026-08-06T02:06:52.692Z]   Created build unnatural: 100 cards
[2026-08-06T02:06:52.692Z] [60/778] Niv-Mizzet, Parun
[2026-08-06T02:06:52.692Z]   Processing Niv-Mizzet, Parun (15897 decks)
[2026-08-06T02:06:52.835Z]   Found 7 themes: spellslinger, wheels, combo, burn, cantrips, control, card-draw
[2026-08-06T02:06:53.597Z]   Created build spellslinger: 100 cards
[2026-08-06T02:06:54.331Z]   Created build wheels: 100 cards
[2026-08-06T02:06:55.105Z]   Created build combo: 100 cards
[2026-08-06T02:06:55.831Z]   Created build burn: 100 cards
[2026-08-06T02:06:56.563Z]   Created build cantrips: 100 cards
[2026-08-06T02:06:57.311Z]   Created build control: 100 cards
[2026-08-06T02:06:58.073Z]   Created build card-draw: 100 cards
[2026-08-06T02:06:58.073Z] [61/778] Galadriel, Light of Valinor
[2026-08-06T02:06:58.073Z]   Processing Galadriel, Light of Valinor (15443 decks)
[2026-08-06T02:06:58.225Z]   Found 4 themes: elves, plus-1-plus-1-counters, tokens, blink
[2026-08-06T02:06:58.969Z]   Created build elves: 100 cards
[2026-08-06T02:06:59.703Z]   Created build plus-1-plus-1-counters: 100 cards
[2026-08-06T02:07:00.502Z]   Created build tokens: 100 cards
[2026-08-06T02:07:01.243Z]   Created build blink: 100 cards
[2026-08-06T02:07:01.243Z] [62/778] Zimone, Mystery Unraveler
[2026-08-06T02:07:01.243Z]   Processing Zimone, Mystery Unraveler (15344 decks)
[2026-08-06T02:07:01.398Z]   Found 4 themes: lands-matter, morph, landfall, ramp
[2026-08-06T02:07:02.127Z]   Created build lands-matter: 100 cards
[2026-08-06T02:07:03.361Z]   Created build morph: 100 cards
[2026-08-06T02:07:04.093Z]   Created build landfall: 100 cards
[2026-08-06T02:07:04.919Z]   Created build ramp: 100 cards
[2026-08-06T02:07:04.919Z] [63/778] Be'lakor, the Dark Master
[2026-08-06T02:07:04.919Z]   Processing Be'lakor, the Dark Master (15295 decks)
[2026-08-06T02:07:05.075Z]   Found 5 themes: demons, blink, burn, reanimator, clones
[2026-08-06T02:07:05.853Z]   Created build demons: 100 cards
[2026-08-06T02:07:06.585Z]   Created build blink: 100 cards
◇ injected env (7) from .env.local // tip: ◈ secrets for agents [www.dotenvx.com]
[2026-08-06T02:39:32.272Z] ═══════════════════════════════════════════════════════════════
[2026-08-06T02:39:32.273Z] EDHREC BUILD SYNC
[2026-08-06T02:39:32.273Z] ═══════════════════════════════════════════════════════════════
[2026-08-06T02:39:32.273Z] Mode: LIVE
[2026-08-06T02:39:32.273Z] Min decks: 500
[2026-08-06T02:39:32.273Z] Min theme %: 2%
[2026-08-06T02:39:32.273Z] 
[2026-08-06T02:39:32.648Z] Already synced: 230 commanders
[2026-08-06T02:39:33.182Z] After filtering: 770 need sync (230 already done)
[2026-08-06T02:39:33.182Z] Found 770 commanders to sync
[2026-08-06T02:39:33.182Z] 
[2026-08-06T02:39:33.182Z] [1/770] Shalai and Hallar
[2026-08-06T02:39:33.182Z]   Processing Shalai and Hallar (9573 decks)
[2026-08-06T02:39:33.379Z]   Found 3 themes: plus-1-plus-1-counters, burn, combo
[2026-08-06T02:39:34.402Z]   Created build plus-1-plus-1-counters: 100 cards
[2026-08-06T02:39:35.264Z]   Created build burn: 100 cards
[2026-08-06T02:39:36.102Z]   Created build combo: 100 cards
[2026-08-06T02:39:36.102Z] [2/770] Shilgengar, Sire of Famine
[2026-08-06T02:39:36.102Z]   Processing Shilgengar, Sire of Famine (9539 decks)
[2026-08-06T02:39:36.288Z]   Found 8 themes: angels, reanimator, lifegain, aristocrats, tokens, flying, sacrifice, blood
[2026-08-06T02:39:37.099Z]   Created build angels: 100 cards
[2026-08-06T02:39:37.981Z]   Created build reanimator: 100 cards
[2026-08-06T02:39:38.801Z]   Created build lifegain: 100 cards
[2026-08-06T02:39:39.672Z]   Created build aristocrats: 100 cards
[2026-08-06T02:39:40.510Z]   Created build tokens: 100 cards
[2026-08-06T02:39:40.510Z]   Skipping ignored tag: flying
[2026-08-06T02:39:41.385Z]   Created build sacrifice: 100 cards
[2026-08-06T02:39:42.300Z]   Created build blood: 100 cards
[2026-08-06T02:39:42.300Z] [3/770] Chulane, Teller of Tales
[2026-08-06T02:39:42.300Z]   Processing Chulane, Teller of Tales (9480 decks)
[2026-08-06T02:39:42.482Z]   Found 5 themes: combo, lands-matter, ramp, landfall, birthing-pod
[2026-08-06T02:39:43.350Z]   Created build combo: 100 cards
[2026-08-06T02:39:44.201Z]   Created build lands-matter: 100 cards
[2026-08-06T02:39:45.059Z]   Created build ramp: 100 cards
[2026-08-06T02:39:45.913Z]   Created build landfall: 100 cards
[2026-08-06T02:39:46.828Z]   Created build birthing-pod: 100 cards
[2026-08-06T02:39:46.828Z] [4/770] Omnath, Locus of Mana
[2026-08-06T02:39:46.828Z]   Processing Omnath, Locus of Mana (9474 decks)
[2026-08-06T02:39:47.019Z]   Found 4 themes: ramp, big-mana, voltron, elves
[2026-08-06T02:39:47.952Z]   Created build ramp: 100 cards
[2026-08-06T02:39:48.854Z]   Created build big-mana: 100 cards
[2026-08-06T02:39:49.794Z]   Created build voltron: 100 cards
[2026-08-06T02:39:50.642Z]   Created build elves: 100 cards
[2026-08-06T02:39:50.642Z] [5/770] Betor, Kin to All
[2026-08-06T02:39:50.642Z]   Processing Betor, Kin to All (9393 decks)
[2026-08-06T02:39:50.824Z]   Found 2 themes: defenders, toughness-matters
[2026-08-06T02:39:51.721Z]   Created build defenders: 100 cards
[2026-08-06T02:39:52.594Z]   Created build toughness-matters: 100 cards
[2026-08-06T02:39:52.594Z] [6/770] Rocco, Cabaretti Caterer
[2026-08-06T02:39:52.594Z]   Processing Rocco, Cabaretti Caterer (9389 decks)
[2026-08-06T02:39:52.781Z]   Found 7 themes: birthing-pod, combo, blink, toolbox, cedh, burn, tokens
[2026-08-06T02:39:53.630Z]   Created build birthing-pod: 100 cards
[2026-08-06T02:39:54.482Z]   Created build combo: 100 cards
[2026-08-06T02:39:55.380Z]   Created build blink: 100 cards
[2026-08-06T02:39:56.254Z]   Created build toolbox: 100 cards
[2026-08-06T02:39:56.254Z]   Skipping ignored tag: cedh
[2026-08-06T02:39:57.157Z]   Created build burn: 100 cards
[2026-08-06T02:39:58.017Z]   Created build tokens: 100 cards
[2026-08-06T02:39:58.017Z] [7/770] Mirko, Obsessive Theorist
[2026-08-06T02:39:58.017Z]   Processing Mirko, Obsessive Theorist (9323 decks)
[2026-08-06T02:39:58.198Z]   Found 7 themes: topdeck, reanimator, surveil, clones, graveyard, self-mill, plus-1-plus-1-counters
[2026-08-06T02:39:59.061Z]   Created build topdeck: 100 cards
[2026-08-06T02:39:59.916Z]   Created build reanimator: 100 cards
[2026-08-06T02:40:00.802Z]   Created build surveil: 100 cards
[2026-08-06T02:40:01.665Z]   Created build clones: 100 cards
[2026-08-06T02:40:02.498Z]   Created build graveyard: 100 cards
[2026-08-06T02:40:03.357Z]   Created build self-mill: 100 cards
[2026-08-06T02:40:04.252Z]   Created build plus-1-plus-1-counters: 100 cards
[2026-08-06T02:40:04.252Z] [8/770] Skullbriar, the Walking Grave
[2026-08-06T02:40:04.252Z]   Processing Skullbriar, the Walking Grave (9306 decks)
[2026-08-06T02:40:04.456Z]   Found 3 themes: plus-1-plus-1-counters, voltron, aggro
[2026-08-06T02:40:05.349Z]   Created build plus-1-plus-1-counters: 100 cards
[2026-08-06T02:40:06.207Z]   Created build voltron: 100 cards
[2026-08-06T02:40:07.064Z]   Created build aggro: 100 cards
[2026-08-06T02:40:07.064Z] [9/770] Dina, Soul Steeper
[2026-08-06T02:40:07.064Z]   Processing Dina, Soul Steeper (9297 decks)
[2026-08-06T02:40:07.244Z]   Found 5 themes: lifegain, aristocrats, lifedrain, combo, tokens
[2026-08-06T02:40:08.129Z]   Created build lifegain: 100 cards
[2026-08-06T02:40:09.072Z]   Created build aristocrats: 100 cards
[2026-08-06T02:40:09.933Z]   Created build lifedrain: 100 cards
[2026-08-06T02:40:10.949Z]   Created build combo: 100 cards
[2026-08-06T02:40:11.820Z]   Created build tokens: 100 cards
[2026-08-06T02:40:11.820Z] [10/770] Roxanne, Starfall Savant
[2026-08-06T02:40:11.820Z]   Processing Roxanne, Starfall Savant (9289 decks)
[2026-08-06T02:40:11.996Z]   Found 5 themes: treasure, tokens, artifacts, burn, ramp
[2026-08-06T02:40:12.848Z]   Created build treasure: 100 cards
[2026-08-06T02:40:13.690Z]   Created build tokens: 100 cards
[2026-08-06T02:40:14.595Z]   Created build artifacts: 100 cards
[2026-08-06T02:40:15.470Z]   Created build burn: 100 cards
[2026-08-06T02:40:16.315Z]   Created build ramp: 100 cards
[2026-08-06T02:40:16.315Z] [11/770] Aloy, Savior of Meridian
[2026-08-06T02:40:16.315Z]   Processing Aloy, Savior of Meridian (9280 decks)
[2026-08-06T02:40:16.491Z]   Found 2 themes: artifacts, discover
[2026-08-06T02:40:17.334Z]   Created build artifacts: 100 cards
[2026-08-06T02:40:18.225Z]   Created build discover: 100 cards
[2026-08-06T02:40:18.225Z] [12/770] Prismari, the Inspiration
[2026-08-06T02:40:18.225Z]   Processing Prismari, the Inspiration (9262 decks)
[2026-08-06T02:40:18.392Z]   Found 2 themes: storm, spellslinger
[2026-08-06T02:40:19.302Z]   Created build storm: 100 cards
[2026-08-06T02:40:20.189Z]   Created build spellslinger: 100 cards
[2026-08-06T02:40:20.189Z] [13/770] Jodah, Archmage Eternal
[2026-08-06T02:40:20.189Z]   Processing Jodah, Archmage Eternal (9251 decks)
[2026-08-06T02:40:20.366Z]   Found 2 themes: big-mana, good-stuff
[2026-08-06T02:40:21.231Z]   Created build big-mana: 100 cards
[2026-08-06T02:40:22.075Z]   Created build good-stuff: 100 cards
[2026-08-06T02:40:22.075Z] [14/770] Katara, the Fearless
[2026-08-06T02:40:22.075Z]   Processing Katara, the Fearless (9237 decks)
[2026-08-06T02:40:22.270Z]   Found 2 themes: allies, plus-1-plus-1-counters
[2026-08-06T02:40:23.127Z]   Created build allies: 100 cards
[2026-08-06T02:40:24.023Z]   Created build plus-1-plus-1-counters: 100 cards
[2026-08-06T02:40:24.023Z] [15/770] Shiko and Narset, Unified
[2026-08-06T02:40:24.023Z]   Processing Shiko and Narset, Unified (9235 decks)
[2026-08-06T02:40:24.191Z]   Found 2 themes: spellslinger, spell-copy
[2026-08-06T02:40:25.074Z]   Created build spellslinger: 100 cards
[2026-08-06T02:40:25.897Z]   Created build spell-copy: 100 cards
[2026-08-06T02:40:25.898Z] [16/770] Kudo, King Among Bears
[2026-08-06T02:40:25.898Z]   Processing Kudo, King Among Bears (9234 decks)
[2026-08-06T02:40:26.073Z]   Found 4 themes: plus-1-plus-1-counters, tokens, bears, hatebears
[2026-08-06T02:40:26.941Z]   Created build plus-1-plus-1-counters: 100 cards
[2026-08-06T02:40:27.774Z]   Created build tokens: 100 cards
[2026-08-06T02:40:28.683Z]   Created build bears: 100 cards
[2026-08-06T02:40:29.539Z]   Created build hatebears: 100 cards
[2026-08-06T02:40:29.539Z] [17/770] Hazezon, Shaper of Sand
[2026-08-06T02:40:29.539Z]   Processing Hazezon, Shaper of Sand (9162 decks)
[2026-08-06T02:40:29.785Z]   Found 6 themes: lands-matter, tokens, deserts, landfall, ramp, land-destruction
[2026-08-06T02:40:30.655Z]   Created build lands-matter: 100 cards
[2026-08-06T02:40:31.494Z]   Created build tokens: 100 cards
[2026-08-06T02:40:31.494Z]   Skipping ignored tag: deserts
[2026-08-06T02:40:32.365Z]   Created build landfall: 100 cards
[2026-08-06T02:40:33.232Z]   Created build ramp: 100 cards
[2026-08-06T02:40:34.098Z]   Created build land-destruction: 100 cards
[2026-08-06T02:40:34.098Z] [18/770] Queza, Augur of Agonies
[2026-08-06T02:40:34.098Z]   Processing Queza, Augur of Agonies (9155 decks)
[2026-08-06T02:40:34.290Z]   Found 7 themes: wheels, lifegain, card-draw, combo, control, lifedrain, cantrips
[2026-08-06T02:40:35.199Z]   Created build wheels: 100 cards
[2026-08-06T02:40:36.061Z]   Created build lifegain: 100 cards
[2026-08-06T02:40:36.905Z]   Created build card-draw: 100 cards
[2026-08-06T02:40:38.076Z]   Created build combo: 100 cards
[2026-08-06T02:40:38.953Z]   Created build control: 100 cards
[2026-08-06T02:40:39.806Z]   Created build lifedrain: 100 cards
[2026-08-06T02:40:40.691Z]   Created build cantrips: 100 cards
[2026-08-06T02:40:40.691Z] [19/770] The Mycotyrant
[2026-08-06T02:40:40.691Z]   Processing The Mycotyrant (9148 decks)
[2026-08-06T02:40:40.899Z]   Found 9 themes: mill, tokens, self-mill, dredge, fungi, graveyard, saprolings, reanimator, aristocrats
[2026-08-06T02:40:41.770Z]   Created build mill: 100 cards
[2026-08-06T02:40:42.638Z]   Created build tokens: 100 cards
[2026-08-06T02:40:43.527Z]   Created build self-mill: 100 cards
[2026-08-06T02:40:44.373Z]   Created build dredge: 100 cards
[2026-08-06T02:40:45.216Z]   Created build fungi: 100 cards
[2026-08-06T02:40:46.147Z]   Created build graveyard: 100 cards
[2026-08-06T02:40:47.041Z]   Created build saprolings: 100 cards
[2026-08-06T02:40:47.905Z]   Created build reanimator: 100 cards
[2026-08-06T02:40:48.802Z]   Created build aristocrats: 100 cards
[2026-08-06T02:40:48.802Z] [20/770] Tatyova, Benthic Druid
[2026-08-06T02:40:48.802Z]   Processing Tatyova, Benthic Druid (9074 decks)
[2026-08-06T02:40:49.020Z]   Found 4 themes: lands-matter, landfall, ramp, combo
[2026-08-06T02:40:49.905Z]   Created build lands-matter: 100 cards
[2026-08-06T02:40:50.799Z]   Created build landfall: 100 cards
[2026-08-06T02:40:51.699Z]   Created build ramp: 100 cards
[2026-08-06T02:40:52.554Z]   Created build combo: 100 cards
[2026-08-06T02:40:52.554Z] [21/770] Zimone, Infinite Analyst
[2026-08-06T02:40:52.554Z]   Processing Zimone, Infinite Analyst (9070 decks)
[2026-08-06T02:40:52.751Z]   Found 3 themes: plus-1-plus-1-counters, x-spells, spellslinger
[2026-08-06T02:40:53.622Z]   Created build plus-1-plus-1-counters: 100 cards
[2026-08-06T02:40:54.500Z]   Created build x-spells: 100 cards
[2026-08-06T02:40:55.364Z]   Created build spellslinger: 100 cards
[2026-08-06T02:40:55.364Z] [22/770] Coram, the Undertaker
[2026-08-06T02:40:55.364Z]   Processing Coram, the Undertaker (9045 decks)
[2026-08-06T02:40:55.546Z]   Found 6 themes: mill, reanimator, graveyard, self-mill, dredge, voltron
[2026-08-06T02:40:56.401Z]   Created build mill: 100 cards
[2026-08-06T02:40:57.247Z]   Created build reanimator: 100 cards
[2026-08-06T02:40:58.185Z]   Created build graveyard: 100 cards
[2026-08-06T02:40:59.040Z]   Created build self-mill: 100 cards
[2026-08-06T02:40:59.910Z]   Created build dredge: 100 cards
[2026-08-06T02:41:00.809Z]   Created build voltron: 100 cards
[2026-08-06T02:41:00.809Z] [23/770] Rowan, Scion of War
[2026-08-06T02:41:00.809Z]   Processing Rowan, Scion of War (9040 decks)
[2026-08-06T02:41:01.039Z]   Found 8 themes: x-spells, self-damage, combo, spellslinger, burn, cedh, storm, lifegain
[2026-08-06T02:41:01.897Z]   Created build x-spells: 100 cards
[2026-08-06T02:41:02.750Z]   Created build self-damage: 100 cards
[2026-08-06T02:41:03.663Z]   Created build combo: 100 cards
[2026-08-06T02:41:04.536Z]   Created build spellslinger: 100 cards
[2026-08-06T02:41:05.402Z]   Created build burn: 100 cards
[2026-08-06T02:41:05.402Z]   Skipping ignored tag: cedh
[2026-08-06T02:41:06.253Z]   Created build storm: 100 cards
[2026-08-06T02:41:07.165Z]   Created build lifegain: 100 cards
[2026-08-06T02:41:07.165Z] [24/770] Reaper King
[2026-08-06T02:41:07.165Z]   Processing Reaper King (9032 decks)
[2026-08-06T02:41:07.355Z]   Found 4 themes: scarecrows, artifacts, shapeshifters, blink
[2026-08-06T02:41:07.355Z]   Skipping ignored tag: scarecrows
[2026-08-06T02:41:08.230Z]   Created build artifacts: 100 cards
[2026-08-06T02:41:09.100Z]   Created build shapeshifters: 100 cards
[2026-08-06T02:41:09.958Z]   Created build blink: 100 cards
[2026-08-06T02:41:09.958Z] [25/770] Iron Man, Titan of Innovation
[2026-08-06T02:41:09.958Z]   Processing Iron Man, Titan of Innovation (9002 decks)
[2026-08-06T02:41:10.153Z]   Found 4 themes: artifacts, birthing-pod, combo, equipment
[2026-08-06T02:41:11.031Z]   Created build artifacts: 100 cards
[2026-08-06T02:41:11.928Z]   Created build birthing-pod: 100 cards
[2026-08-06T02:41:12.835Z]   Created build combo: 100 cards
[2026-08-06T02:41:13.722Z]   Created build equipment: 100 cards
[2026-08-06T02:41:13.722Z] [26/770] Phenax, God of Deception
[2026-08-06T02:41:13.722Z]   Processing Phenax, God of Deception (8991 decks)
[2026-08-06T02:41:13.950Z]   Found 3 themes: mill, toughness-matters, combo
[2026-08-06T02:41:14.801Z]   Created build mill: 100 cards
[2026-08-06T02:41:15.656Z]   Created build toughness-matters: 100 cards
[2026-08-06T02:41:16.542Z]   Created build combo: 100 cards
[2026-08-06T02:41:16.542Z] [27/770] Syr Gwyn, Hero of Ashvale
[2026-08-06T02:41:16.542Z]   Processing Syr Gwyn, Hero of Ashvale (8961 decks)
[2026-08-06T02:41:16.728Z]   Found 5 themes: equipment, knights, voltron, aggro, artifacts
[2026-08-06T02:41:17.587Z]   Created build equipment: 100 cards
[2026-08-06T02:41:18.411Z]   Created build knights: 100 cards
[2026-08-06T02:41:19.264Z]   Created build voltron: 100 cards
[2026-08-06T02:41:20.097Z]   Created build aggro: 100 cards
[2026-08-06T02:41:20.938Z]   Created build artifacts: 100 cards
[2026-08-06T02:41:20.939Z] [28/770] Athreos, God of Passage
[2026-08-06T02:41:20.939Z]   Processing Athreos, God of Passage (8943 decks)
[2026-08-06T02:41:21.107Z]   Found 5 themes: shadowborn-apostles, aristocrats, lifegain, demons, reanimator
[2026-08-06T02:41:21.988Z]   Created build shadowborn-apostles: 100 cards
[2026-08-06T02:41:22.902Z]   Created build aristocrats: 100 cards
[2026-08-06T02:41:23.739Z]   Created build lifegain: 100 cards
[2026-08-06T02:41:24.591Z]   Created build demons: 100 cards
[2026-08-06T02:41:25.424Z]   Created build reanimator: 100 cards
[2026-08-06T02:41:25.424Z] [29/770] Brenard, Ginger Sculptor
[2026-08-06T02:41:25.424Z]   Processing Brenard, Ginger Sculptor (8940 decks)
[2026-08-06T02:41:25.609Z]   Found 7 themes: tokens, artifacts, birthing-pod, golems, food, sacrifice, populate
[2026-08-06T02:41:26.506Z]   Created build tokens: 100 cards
[2026-08-06T02:41:27.488Z]   Created build artifacts: 100 cards
[2026-08-06T02:41:28.358Z]   Created build birthing-pod: 100 cards
[2026-08-06T02:41:29.216Z]   Created build golems: 100 cards
[2026-08-06T02:41:30.116Z]   Created build food: 100 cards
[2026-08-06T02:41:30.976Z]   Created build sacrifice: 100 cards
[2026-08-06T02:41:31.886Z]   Created build populate: 100 cards
[2026-08-06T02:41:31.886Z] [30/770] Arna Kennerüd, Skycaptain
[2026-08-06T02:41:31.886Z]   Processing Arna Kennerüd, Skycaptain (8932 decks)
[2026-08-06T02:41:32.098Z]   Found 8 themes: equipment, auras, voltron, plus-1-plus-1-counters, artifacts, tokens, modified-creatures, enchantress
[2026-08-06T02:41:32.999Z]   Created build equipment: 100 cards
[2026-08-06T02:41:33.885Z]   Created build auras: 100 cards
[2026-08-06T02:41:34.780Z]   Created build voltron: 100 cards
[2026-08-06T02:41:35.657Z]   Created build plus-1-plus-1-counters: 100 cards
[2026-08-06T02:41:36.527Z]   Created build artifacts: 100 cards
[2026-08-06T02:41:37.396Z]   Created build tokens: 100 cards
[2026-08-06T02:41:38.309Z]   Created build modified-creatures: 100 cards
[2026-08-06T02:41:39.246Z]   Created build enchantress: 100 cards
[2026-08-06T02:41:39.246Z] [31/770] Alexios, Deimos of Kosmos
[2026-08-06T02:41:39.247Z]   Processing Alexios, Deimos of Kosmos (8905 decks)
[2026-08-06T02:41:39.415Z]   Found 5 themes: equipment, voltron, aggro, forced-combat, treasure
[2026-08-06T02:41:40.288Z]   Created build equipment: 100 cards
[2026-08-06T02:41:41.125Z]   Created build voltron: 100 cards
[2026-08-06T02:41:42.018Z]   Created build aggro: 100 cards
[2026-08-06T02:41:42.866Z]   Created build forced-combat: 100 cards
[2026-08-06T02:41:43.784Z]   Created build treasure: 100 cards
[2026-08-06T02:41:43.784Z] [32/770] Raggadragga, Goreguts Boss
[2026-08-06T02:41:43.784Z]   Processing Raggadragga, Goreguts Boss (8888 decks)
[2026-08-06T02:41:43.958Z]   Found 5 themes: ramp, aggro, big-mana, combo, x-spells
[2026-08-06T02:41:44.843Z]   Created build ramp: 100 cards
[2026-08-06T02:41:45.698Z]   Created build aggro: 100 cards
[2026-08-06T02:41:46.544Z]   Created build big-mana: 100 cards
[2026-08-06T02:41:47.446Z]   Created build combo: 100 cards
[2026-08-06T02:41:48.284Z]   Created build x-spells: 100 cards
[2026-08-06T02:41:48.284Z] [33/770] Gargos, Vicious Watcher
[2026-08-06T02:41:48.284Z]   Processing Gargos, Vicious Watcher (8887 decks)
[2026-08-06T02:41:48.472Z]   Found 4 themes: plus-1-plus-1-counters, hydras, x-spells, ramp
[2026-08-06T02:41:49.336Z]   Created build plus-1-plus-1-counters: 100 cards
[2026-08-06T02:41:50.194Z]   Created build hydras: 100 cards
[2026-08-06T02:41:51.065Z]   Created build x-spells: 100 cards
[2026-08-06T02:41:51.910Z]   Created build ramp: 100 cards
[2026-08-06T02:41:51.910Z] [34/770] Finneas, Ace Archer
[2026-08-06T02:41:51.910Z]   Processing Finneas, Ace Archer (8876 decks)
[2026-08-06T02:41:52.105Z]   Found 3 themes: tokens, rabbits, plus-1-plus-1-counters
[2026-08-06T02:41:52.951Z]   Created build tokens: 100 cards
[2026-08-06T02:41:52.951Z]   Skipping ignored tag: rabbits
[2026-08-06T02:41:53.885Z]   Created build plus-1-plus-1-counters: 100 cards
[2026-08-06T02:41:53.885Z] [35/770] Indominus Rex, Alpha
[2026-08-06T02:41:53.885Z]   Processing Indominus Rex, Alpha (8870 decks)
[2026-08-06T02:41:54.047Z]   Found 4 themes: voltron, keywords, reanimator, discard
[2026-08-06T02:41:54.897Z]   Created build voltron: 100 cards
[2026-08-06T02:41:54.897Z]   Skipping ignored tag: keywords
[2026-08-06T02:41:55.789Z]   Created build reanimator: 100 cards
[2026-08-06T02:41:56.657Z]   Created build discard: 100 cards
[2026-08-06T02:41:56.657Z] [36/770] Dogmeat, Ever Loyal
[2026-08-06T02:41:56.657Z]   Processing Dogmeat, Ever Loyal (8857 decks)
[2026-08-06T02:41:56.853Z]   Found 5 themes: equipment, auras, voltron, artifacts, enchantress
[2026-08-06T02:41:57.702Z]   Created build equipment: 100 cards
[2026-08-06T02:41:58.577Z]   Created build auras: 100 cards
[2026-08-06T02:41:59.504Z]   Created build voltron: 100 cards
[2026-08-06T02:42:00.341Z]   Created build artifacts: 100 cards
[2026-08-06T02:42:01.216Z]   Created build enchantress: 100 cards
[2026-08-06T02:42:01.216Z] [37/770] Minsc & Boo, Timeless Heroes
[2026-08-06T02:42:01.216Z]   Processing Minsc & Boo, Timeless Heroes (8828 decks)
[2026-08-06T02:42:01.390Z]   Found 3 themes: plus-1-plus-1-counters, aggro, fling
[2026-08-06T02:42:02.299Z]   Created build plus-1-plus-1-counters: 100 cards
[2026-08-06T02:42:03.157Z]   Created build aggro: 100 cards
[2026-08-06T02:42:03.999Z]   Created build fling: 100 cards
[2026-08-06T02:42:03.999Z] [38/770] Tayam, Luminous Enigma
[2026-08-06T02:42:03.999Z]   Processing Tayam, Luminous Enigma (8823 decks)
[2026-08-06T02:42:04.209Z]   Found 12 themes: plus-1-plus-1-counters, combo, reanimator, cedh, stax, aristocrats, minus-1-minus-1-counters, mill, midrange, toolbox, hatebears, control
[2026-08-06T02:42:05.168Z]   Created build plus-1-plus-1-counters: 100 cards
[2026-08-06T02:42:06.021Z]   Created build combo: 100 cards
[2026-08-06T02:42:06.879Z]   Created build reanimator: 100 cards
[2026-08-06T02:42:06.879Z]   Skipping ignored tag: cedh
[2026-08-06T02:42:07.737Z]   Created build stax: 100 cards
[2026-08-06T02:42:08.595Z]   Created build aristocrats: 100 cards
[2026-08-06T02:42:09.468Z]   Created build minus-1-minus-1-counters: 100 cards
[2026-08-06T02:42:10.328Z]   Created build mill: 100 cards
[2026-08-06T02:42:10.328Z]   Skipping ignored tag: midrange
[2026-08-06T02:42:11.178Z]   Created build toolbox: 100 cards
[2026-08-06T02:42:12.130Z]   Created build hatebears: 100 cards
[2026-08-06T02:42:13.726Z]   Created build control: 100 cards
[2026-08-06T02:42:13.726Z] [39/770] Omnath, Locus of Rage
[2026-08-06T02:42:13.726Z]   Processing Omnath, Locus of Rage (8802 decks)
[2026-08-06T02:42:13.906Z]   Found 6 themes: lands-matter, landfall, ramp, tokens, elementals, burn
[2026-08-06T02:42:14.771Z]   Created build lands-matter: 100 cards
[2026-08-06T02:42:15.597Z]   Created build landfall: 100 cards
[2026-08-06T02:42:16.469Z]   Created build ramp: 100 cards
[2026-08-06T02:42:17.294Z]   Created build tokens: 100 cards
[2026-08-06T02:42:18.142Z]   Created build elementals: 100 cards
[2026-08-06T02:42:19.019Z]   Created build burn: 100 cards
[2026-08-06T02:42:19.019Z] [40/770] Goro-Goro and Satoru
[2026-08-06T02:42:19.019Z]   Processing Goro-Goro and Satoru (8752 decks)
[2026-08-06T02:42:19.216Z]   Found 6 themes: ninjutsu, aggro, tokens, ninjas, dragons, haste
[2026-08-06T02:42:20.169Z]   Created build ninjutsu: 100 cards
[2026-08-06T02:42:21.017Z]   Created build aggro: 100 cards
[2026-08-06T02:42:21.888Z]   Created build tokens: 100 cards
[2026-08-06T02:42:22.743Z]   Created build ninjas: 100 cards
[2026-08-06T02:42:23.604Z]   Created build dragons: 100 cards
[2026-08-06T02:42:23.604Z]   Skipping ignored tag: haste
[2026-08-06T02:42:23.604Z] [41/770] Toxrill, the Corrosive
[2026-08-06T02:42:23.604Z]   Processing Toxrill, the Corrosive (8702 decks)
[2026-08-06T02:42:23.777Z]   Found 3 themes: minus-1-minus-1-counters, control, infect
[2026-08-06T02:42:24.680Z]   Created build minus-1-minus-1-counters: 100 cards
[2026-08-06T02:42:25.594Z]   Created build control: 100 cards
[2026-08-06T02:42:26.445Z]   Created build infect: 100 cards
[2026-08-06T02:42:26.446Z] [42/770] Clement, the Worrywort
[2026-08-06T02:42:26.446Z]   Processing Clement, the Worrywort (8681 decks)
[2026-08-06T02:42:26.629Z]   Found 5 themes: frogs, plus-1-plus-1-counters, bounce, blink, combo
[2026-08-06T02:42:26.629Z]   Skipping ignored tag: frogs
[2026-08-06T02:42:27.491Z]   Created build plus-1-plus-1-counters: 100 cards
[2026-08-06T02:42:28.336Z]   Created build bounce: 100 cards
[2026-08-06T02:42:29.169Z]   Created build blink: 100 cards
[2026-08-06T02:42:30.034Z]   Created build combo: 100 cards
[2026-08-06T02:42:30.034Z] [43/770] Marvo, Deep Operative
[2026-08-06T02:42:30.034Z]   Processing Marvo, Deep Operative (8676 decks)
[2026-08-06T02:42:30.238Z]   Found 2 themes: topdeck, big-mana
[2026-08-06T02:42:31.094Z]   Created build topdeck: 100 cards
[2026-08-06T02:42:31.931Z]   Created build big-mana: 100 cards
[2026-08-06T02:42:31.931Z] [44/770] Rograkh, Son of Rohgahh & Thrasios, Triton Hero
[2026-08-06T02:42:31.931Z]   Processing Rograkh, Son of Rohgahh & Thrasios, Triton Hero (8676 decks)
[2026-08-06T02:42:32.158Z]   Found 5 themes: cedh, birthing-pod, combo, midrange, ramp
[2026-08-06T02:42:32.158Z]   Skipping ignored tag: cedh
[2026-08-06T02:42:32.993Z]   Created build birthing-pod: 100 cards
[2026-08-06T02:42:33.877Z]   Created build combo: 100 cards
[2026-08-06T02:42:33.877Z]   Skipping ignored tag: midrange
[2026-08-06T02:42:34.723Z]   Created build ramp: 100 cards
[2026-08-06T02:42:34.723Z] [45/770] Slimefoot and Squee
[2026-08-06T02:42:34.723Z]   Processing Slimefoot and Squee (8662 decks)
[2026-08-06T02:42:34.944Z]   Found 8 themes: reanimator, aristocrats, saprolings, tokens, sacrifice, combo, graveyard, birthing-pod
[2026-08-06T02:42:35.810Z]   Created build reanimator: 100 cards
[2026-08-06T02:42:36.683Z]   Created build aristocrats: 100 cards
[2026-08-06T02:42:37.535Z]   Created build saprolings: 100 cards
[2026-08-06T02:42:38.403Z]   Created build tokens: 100 cards
[2026-08-06T02:42:39.258Z]   Created build sacrifice: 100 cards
[2026-08-06T02:42:40.174Z]   Created build combo: 100 cards
[2026-08-06T02:42:41.025Z]   Created build graveyard: 100 cards
[2026-08-06T02:42:41.869Z]   Created build birthing-pod: 100 cards
[2026-08-06T02:42:41.869Z] [46/770] Kalamax, the Stormsire
[2026-08-06T02:42:41.869Z]   Processing Kalamax, the Stormsire (8657 decks)
[2026-08-06T02:42:42.046Z]   Found 4 themes: spellslinger, spell-copy, combo, plus-1-plus-1-counters
[2026-08-06T02:42:42.883Z]   Created build spellslinger: 100 cards
[2026-08-06T02:42:43.767Z]   Created build spell-copy: 100 cards
[2026-08-06T02:42:44.632Z]   Created build combo: 100 cards
[2026-08-06T02:42:45.474Z]   Created build plus-1-plus-1-counters: 100 cards
[2026-08-06T02:42:45.474Z] [47/770] Norin the Wary
[2026-08-06T02:42:45.474Z]   Processing Norin the Wary (8652 decks)
[2026-08-06T02:42:45.665Z]   Found 3 themes: burn, chaos, blink
[2026-08-06T02:42:46.504Z]   Created build burn: 100 cards
[2026-08-06T02:42:47.349Z]   Created build chaos: 100 cards
[2026-08-06T02:42:48.170Z]   Created build blink: 100 cards
[2026-08-06T02:42:48.170Z] [48/770] Rograkh, Son of Rohgahh & Silas Renn, Seeker Adept
[2026-08-06T02:42:48.170Z]   Processing Rograkh, Son of Rohgahh & Silas Renn, Seeker Adept (8649 decks)
[2026-08-06T02:42:48.355Z]   Found 4 themes: cedh, combo, storm, wheels
[2026-08-06T02:42:48.355Z]   Skipping ignored tag: cedh
[2026-08-06T02:42:49.224Z]   Created build combo: 100 cards
[2026-08-06T02:42:50.077Z]   Created build storm: 100 cards
[2026-08-06T02:42:50.915Z]   Created build wheels: 100 cards
[2026-08-06T02:42:50.915Z] [49/770] Brimaz, Blight of Oreskos
[2026-08-06T02:42:50.915Z]   Processing Brimaz, Blight of Oreskos (8647 decks)
[2026-08-06T02:42:51.111Z]   Found 7 themes: phyrexians, infect, tokens, plus-1-plus-1-counters, artifacts, proliferate, aristocrats
[2026-08-06T02:42:51.933Z]   Created build phyrexians: 100 cards
[2026-08-06T02:42:52.789Z]   Created build infect: 100 cards
[2026-08-06T02:42:53.660Z]   Created build tokens: 100 cards
[2026-08-06T02:42:54.506Z]   Created build plus-1-plus-1-counters: 100 cards
[2026-08-06T02:42:55.340Z]   Created build artifacts: 100 cards
[2026-08-06T02:42:56.232Z]   Created build proliferate: 100 cards
[2026-08-06T02:42:57.098Z]   Created build aristocrats: 100 cards
[2026-08-06T02:42:57.098Z] [50/770] Elsha, Threefold Master
[2026-08-06T02:42:57.098Z]   Processing Elsha, Threefold Master (8643 decks)
[2026-08-06T02:42:57.283Z]   Found 5 themes: spellslinger, tokens, prowess, aggro, voltron
[2026-08-06T02:42:58.141Z]   Created build spellslinger: 100 cards
[2026-08-06T02:42:59.021Z]   Created build tokens: 100 cards
[2026-08-06T02:42:59.878Z]   Created build prowess: 100 cards
[2026-08-06T02:43:00.735Z]   Created build aggro: 100 cards
[2026-08-06T02:43:01.586Z]   Created build voltron: 100 cards
[2026-08-06T02:43:01.586Z] 
[2026-08-06T02:43:01.586Z] Progress: 50 processed, 227 builds, 22700 cards
[2026-08-06T02:43:01.586Z] 
[2026-08-06T02:43:01.586Z] [51/770] Winter, Misanthropic Guide
[2026-08-06T02:43:01.586Z]   Processing Winter, Misanthropic Guide (8641 decks)
[2026-08-06T02:43:01.760Z]   Found 7 themes: wheels, discard, group-slug, mill, self-mill, graveyard, group-hug
[2026-08-06T02:43:02.606Z]   Created build wheels: 100 cards
[2026-08-06T02:43:03.459Z]   Created build discard: 100 cards
[2026-08-06T02:43:04.320Z]   Created build group-slug: 100 cards
[2026-08-06T02:43:05.187Z]   Created build mill: 100 cards
[2026-08-06T02:43:06.156Z]   Created build self-mill: 100 cards
[2026-08-06T02:43:07.012Z]   Created build graveyard: 100 cards
[2026-08-06T02:43:07.852Z]   Created build group-hug: 100 cards
[2026-08-06T02:43:07.852Z] [52/770] Kratos, God of War
[2026-08-06T02:43:07.852Z]   Processing Kratos, God of War (8632 decks)
[2026-08-06T02:43:08.037Z]   Found 4 themes: aggro, burn, forced-combat, extra-combats
[2026-08-06T02:43:08.867Z]   Created build aggro: 100 cards
[2026-08-06T02:43:09.748Z]   Created build burn: 100 cards
[2026-08-06T02:43:10.639Z]   Created build forced-combat: 100 cards
[2026-08-06T02:43:11.495Z]   Created build extra-combats: 100 cards
[2026-08-06T02:43:11.495Z] [53/770] Codie, Vociferous Codex
[2026-08-06T02:43:11.495Z]   Processing Codie, Vociferous Codex (8603 decks)
[2026-08-06T02:43:11.707Z]   Found 2 themes: spellslinger, combo
[2026-08-06T02:43:12.569Z]   Created build spellslinger: 100 cards
[2026-08-06T02:43:13.472Z]   Created build combo: 100 cards
[2026-08-06T02:43:13.472Z] [54/770] Ghalta, Primal Hunger
[2026-08-06T02:43:13.472Z]   Processing Ghalta, Primal Hunger (8601 decks)
[2026-08-06T02:43:13.671Z]   Found 3 themes: ramp, stompy, aggro
[2026-08-06T02:43:14.580Z]   Created build ramp: 100 cards
[2026-08-06T02:43:15.419Z]   Created build stompy: 100 cards
[2026-08-06T02:43:16.248Z]   Created build aggro: 100 cards
[2026-08-06T02:43:16.248Z] [55/770] Myrel, Shield of Argive
[2026-08-06T02:43:16.249Z]   Processing Myrel, Shield of Argive (8591 decks)
[2026-08-06T02:43:16.431Z]   Found 5 themes: soldiers, tokens, aggro, stax, plus-1-plus-1-counters
[2026-08-06T02:43:17.290Z]   Created build soldiers: 100 cards
[2026-08-06T02:43:18.176Z]   Created build tokens: 100 cards
[2026-08-06T02:43:19.016Z]   Created build aggro: 100 cards
[2026-08-06T02:43:19.844Z]   Created build stax: 100 cards
[2026-08-06T02:43:20.696Z]   Created build plus-1-plus-1-counters: 100 cards
[2026-08-06T02:43:20.696Z] [56/770] Adrix and Nev, Twincasters
[2026-08-06T02:43:20.696Z]   Processing Adrix and Nev, Twincasters (8583 decks)
[2026-08-06T02:43:20.891Z]   Found 3 themes: tokens, clones, plus-1-plus-1-counters
[2026-08-06T02:43:21.757Z]   Created build tokens: 100 cards
[2026-08-06T02:43:22.641Z]   Created build clones: 100 cards
[2026-08-06T02:43:23.526Z]   Created build plus-1-plus-1-counters: 100 cards
[2026-08-06T02:43:23.526Z] [57/770] Tannuk, Memorial Ensign
[2026-08-06T02:43:23.526Z]   Processing Tannuk, Memorial Ensign (8579 decks)
[2026-08-06T02:43:23.697Z]   Found 4 themes: lands-matter, burn, landfall, ramp
[2026-08-06T02:43:24.547Z]   Created build lands-matter: 100 cards
[2026-08-06T02:43:25.433Z]   Created build burn: 100 cards
[2026-08-06T02:43:26.285Z]   Created build landfall: 100 cards
[2026-08-06T02:43:27.155Z]   Created build ramp: 100 cards
[2026-08-06T02:43:27.155Z] [58/770] The Master of Keys
[2026-08-06T02:43:27.155Z]   Processing The Master of Keys (8565 decks)
[2026-08-06T02:43:27.396Z]   Found 8 themes: enchantress, reanimator, mill, combo, cedh, control, self-mill, graveyard
[2026-08-06T02:43:28.212Z]   Created build enchantress: 100 cards
[2026-08-06T02:43:29.052Z]   Created build reanimator: 100 cards
[2026-08-06T02:43:29.878Z]   Created build mill: 100 cards
[2026-08-06T02:43:30.711Z]   Created build combo: 100 cards
[2026-08-06T02:43:30.711Z]   Skipping ignored tag: cedh
[2026-08-06T02:43:31.595Z]   Created build control: 100 cards
[2026-08-06T02:43:32.463Z]   Created build self-mill: 100 cards
[2026-08-06T02:43:33.288Z]   Created build graveyard: 100 cards
[2026-08-06T02:43:33.288Z] [59/770] Noctis, Prince of Lucis
[2026-08-06T02:43:33.288Z]   Processing Noctis, Prince of Lucis (8531 decks)
[2026-08-06T02:43:33.475Z]   Found 4 themes: artifacts, combo, reanimator, cedh
[2026-08-06T02:43:34.303Z]   Created build artifacts: 100 cards
[2026-08-06T02:43:35.172Z]   Created build combo: 100 cards
[2026-08-06T02:43:36.000Z]   Created build reanimator: 100 cards
[2026-08-06T02:43:36.000Z]   Skipping ignored tag: cedh
[2026-08-06T02:43:36.000Z] [60/770] Leonardo, the Balance & Michelangelo, the Heart
[2026-08-06T02:43:36.000Z]   Processing Leonardo, the Balance & Michelangelo, the Heart (8515 decks)
[2026-08-06T02:43:36.170Z]   Found 5 themes: plus-1-plus-1-counters, tokens, mutants, ninjas, turtles
[2026-08-06T02:43:37.007Z]   Created build plus-1-plus-1-counters: 100 cards
[2026-08-06T02:43:37.893Z]   Created build tokens: 100 cards
[2026-08-06T02:43:37.893Z]   Skipping ignored tag: mutants
[2026-08-06T02:43:38.773Z]   Created build ninjas: 100 cards
[2026-08-06T02:43:38.773Z]   Skipping ignored tag: turtles
[2026-08-06T02:43:38.773Z] [61/770] Quintorius, History Chaser
[2026-08-06T02:43:38.773Z]   Processing Quintorius, History Chaser (8435 decks)
[2026-08-06T02:43:38.964Z]   Found 7 themes: reanimator, tokens, graveyard, self-mill, discard, spirits, flashback
[2026-08-06T02:43:39.789Z]   Created build reanimator: 100 cards
[2026-08-06T02:43:40.715Z]   Created build tokens: 100 cards
[2026-08-06T02:43:41.614Z]   Created build graveyard: 100 cards
[2026-08-06T02:43:42.421Z]   Created build self-mill: 100 cards
[2026-08-06T02:43:43.285Z]   Created build discard: 100 cards
[2026-08-06T02:43:44.132Z]   Created build spirits: 100 cards
[2026-08-06T02:43:44.979Z]   Created build flashback: 100 cards
[2026-08-06T02:43:44.979Z] [62/770] Kess, Dissident Mage
[2026-08-06T02:43:44.979Z]   Processing Kess, Dissident Mage (8414 decks)
[2026-08-06T02:43:45.159Z]   Found 6 themes: spellslinger, combo, reanimator, wheels, control, storm
[2026-08-06T02:43:46.025Z]   Created build spellslinger: 100 cards
[2026-08-06T02:43:46.880Z]   Created build combo: 100 cards
[2026-08-06T02:43:47.704Z]   Created build reanimator: 100 cards
[2026-08-06T02:43:48.541Z]   Created build wheels: 100 cards
[2026-08-06T02:43:49.380Z]   Created build control: 100 cards
[2026-08-06T02:43:50.275Z]   Created build storm: 100 cards
[2026-08-06T02:43:50.275Z] [63/770] Obeka, Brute Chronologist
[2026-08-06T02:43:50.275Z]   Processing Obeka, Brute Chronologist (8412 decks)
[2026-08-06T02:43:50.456Z]   Found 4 themes: clones, extra-turns, reanimator, tokens
[2026-08-06T02:43:51.303Z]   Created build clones: 100 cards
[2026-08-06T02:43:52.111Z]   Created build extra-turns: 100 cards
[2026-08-06T02:43:52.937Z]   Created build reanimator: 100 cards
[2026-08-06T02:43:53.827Z]   Created build tokens: 100 cards
[2026-08-06T02:43:53.827Z] [64/770] Ardenn, Intrepid Archaeologist & Rograkh, Son of Rohgahh
[2026-08-06T02:43:53.827Z]   Processing Ardenn, Intrepid Archaeologist & Rograkh, Son of Rohgahh (8404 decks)
[2026-08-06T02:43:54.026Z]   Found 4 themes: equipment, voltron, aggro, artifacts
[2026-08-06T02:43:54.874Z]   Created build equipment: 100 cards
[2026-08-06T02:43:55.758Z]   Created build voltron: 100 cards
[2026-08-06T02:43:56.630Z]   Created build aggro: 100 cards
[2026-08-06T02:43:57.455Z]   Created build artifacts: 100 cards
[2026-08-06T02:43:57.455Z] [65/770] Lumra, Bellow of the Woods
[2026-08-06T02:43:57.455Z]   Processing Lumra, Bellow of the Woods (8373 decks)
[2026-08-06T02:43:57.671Z]   Found 6 themes: lands-matter, combo, ramp, cedh, landfall, mill
[2026-08-06T02:43:58.570Z]   Created build lands-matter: 100 cards
[2026-08-06T02:43:59.412Z]   Created build combo: 100 cards
[2026-08-06T02:44:00.253Z]   Created build ramp: 100 cards
[2026-08-06T02:44:00.253Z]   Skipping ignored tag: cedh
[2026-08-06T02:44:01.124Z]   Created build landfall: 100 cards
[2026-08-06T02:44:02.045Z]   Created build mill: 100 cards
[2026-08-06T02:44:02.045Z] [66/770] Haldan, Avid Arcanist & Pako, Arcane Retriever
[2026-08-06T02:44:02.045Z]   Processing Haldan, Avid Arcanist & Pako, Arcane Retriever (8372 decks)
[2026-08-06T02:44:02.231Z]   Found 8 themes: voltron, extra-combats, theft, plus-1-plus-1-counters, aggro, spellslinger, ramp, exile
[2026-08-06T02:44:03.092Z]   Created build voltron: 100 cards
[2026-08-06T02:44:04.011Z]   Created build extra-combats: 100 cards
[2026-08-06T02:44:04.892Z]   Created build theft: 100 cards
[2026-08-06T02:44:05.735Z]   Created build plus-1-plus-1-counters: 100 cards
[2026-08-06T02:44:06.582Z]   Created build aggro: 100 cards
[2026-08-06T02:44:07.432Z]   Created build spellslinger: 100 cards
[2026-08-06T02:44:08.285Z]   Created build ramp: 100 cards
[2026-08-06T02:44:09.193Z]   Created build exile: 100 cards
[2026-08-06T02:44:09.193Z] [67/770] Braids, Arisen Nightmare
[2026-08-06T02:44:09.193Z]   Processing Braids, Arisen Nightmare (8369 decks)
[2026-08-06T02:44:09.358Z]   Found 6 themes: aristocrats, sacrifice, reanimator, combo, control, discard
[2026-08-06T02:44:10.179Z]   Created build aristocrats: 100 cards
[2026-08-06T02:44:11.034Z]   Created build sacrifice: 100 cards
[2026-08-06T02:44:11.876Z]   Created build reanimator: 100 cards
[2026-08-06T02:44:12.751Z]   Created build combo: 100 cards
[2026-08-06T02:44:13.618Z]   Created build control: 100 cards
[2026-08-06T02:44:14.505Z]   Created build discard: 100 cards
[2026-08-06T02:44:14.505Z] [68/770] Elas il-Kor, Sadistic Pilgrim
[2026-08-06T02:44:14.505Z]   Processing Elas il-Kor, Sadistic Pilgrim (8348 decks)
[2026-08-06T02:44:14.677Z]   Found 6 themes: lifegain, aristocrats, tokens, lifedrain, combo, sacrifice
[2026-08-06T02:44:15.519Z]   Created build lifegain: 100 cards
[2026-08-06T02:44:16.336Z]   Created build aristocrats: 100 cards
[2026-08-06T02:44:17.175Z]   Created build tokens: 100 cards
[2026-08-06T02:44:18.032Z]   Created build lifedrain: 100 cards
[2026-08-06T02:44:18.901Z]   Created build combo: 100 cards
[2026-08-06T02:44:19.762Z]   Created build sacrifice: 100 cards
[2026-08-06T02:44:19.762Z] [69/770] Zoraline, Cosmos Caller
[2026-08-06T02:44:19.762Z]   Processing Zoraline, Cosmos Caller (8339 decks)
[2026-08-06T02:44:19.925Z]   Found 5 themes: lifegain, bats, flying, reanimator, lifedrain
[2026-08-06T02:44:20.789Z]   Created build lifegain: 100 cards
[2026-08-06T02:44:20.789Z]   Skipping ignored tag: bats
[2026-08-06T02:44:20.789Z]   Skipping ignored tag: flying
[2026-08-06T02:44:21.603Z]   Created build reanimator: 100 cards
[2026-08-06T02:44:22.474Z]   Created build lifedrain: 100 cards
[2026-08-06T02:44:22.474Z] [70/770] Xenagos, God of Revels
[2026-08-06T02:44:22.474Z]   Processing Xenagos, God of Revels (8266 decks)
[2026-08-06T02:44:22.655Z]   Found 4 themes: extra-combats, aggro, ramp, stompy
[2026-08-06T02:44:23.510Z]   Created build extra-combats: 100 cards
[2026-08-06T02:44:24.388Z]   Created build aggro: 100 cards
[2026-08-06T02:44:25.296Z]   Created build ramp: 100 cards
[2026-08-06T02:44:26.135Z]   Created build stompy: 100 cards
[2026-08-06T02:44:26.135Z] [71/770] Talion, the Kindly Lord
[2026-08-06T02:44:26.135Z]   Processing Talion, the Kindly Lord (8173 decks)
[2026-08-06T02:44:26.316Z]   Found 6 themes: control, faeries, cedh, clones, combo, midrange
[2026-08-06T02:44:27.184Z]   Created build control: 100 cards
[2026-08-06T02:44:28.035Z]   Created build faeries: 100 cards
[2026-08-06T02:44:28.035Z]   Skipping ignored tag: cedh
[2026-08-06T02:44:28.894Z]   Created build clones: 100 cards
[2026-08-06T02:44:29.806Z]   Created build combo: 100 cards
[2026-08-06T02:44:29.806Z]   Skipping ignored tag: midrange
[2026-08-06T02:44:29.806Z] [72/770] Marwyn, the Nurturer
[2026-08-06T02:44:29.806Z]   Processing Marwyn, the Nurturer (8105 decks)
[2026-08-06T02:44:29.995Z]   Found 4 themes: elves, plus-1-plus-1-counters, combo, ramp
[2026-08-06T02:44:30.852Z]   Created build elves: 100 cards
[2026-08-06T02:44:31.708Z]   Created build plus-1-plus-1-counters: 100 cards
[2026-08-06T02:44:32.581Z]   Created build combo: 100 cards
[2026-08-06T02:44:33.471Z]   Created build ramp: 100 cards
[2026-08-06T02:44:33.472Z] [73/770] Strefan, Maurer Progenitor
[2026-08-06T02:44:33.472Z]   Processing Strefan, Maurer Progenitor (8015 decks)
[2026-08-06T02:44:33.664Z]   Found 6 themes: vampires, blood, tokens, aggro, artifacts, lifegain
[2026-08-06T02:44:34.564Z]   Created build vampires: 100 cards
[2026-08-06T02:44:35.444Z]   Created build blood: 100 cards
[2026-08-06T02:44:36.308Z]   Created build tokens: 100 cards
[2026-08-06T02:44:37.213Z]   Created build aggro: 100 cards
[2026-08-06T02:44:38.054Z]   Created build artifacts: 100 cards
[2026-08-06T02:44:38.879Z]   Created build lifegain: 100 cards
[2026-08-06T02:44:38.879Z] [74/770] Imotekh the Stormlord
[2026-08-06T02:44:38.879Z]   Processing Imotekh the Stormlord (7998 decks)
[2026-08-06T02:44:39.057Z]   Found 8 themes: artifacts, reanimator, graveyard, necrons, tokens, combo, aristocrats, self-mill
[2026-08-06T02:44:39.977Z]   Created build artifacts: 100 cards
[2026-08-06T02:44:40.924Z]   Created build reanimator: 100 cards
[2026-08-06T02:44:41.877Z]   Created build graveyard: 100 cards
[2026-08-06T02:44:41.877Z]   Skipping ignored tag: necrons
[2026-08-06T02:44:42.748Z]   Created build tokens: 100 cards
[2026-08-06T02:44:43.597Z]   Created build combo: 100 cards
[2026-08-06T02:44:44.444Z]   Created build aristocrats: 100 cards
[2026-08-06T02:44:45.322Z]   Created build self-mill: 100 cards
[2026-08-06T02:44:45.322Z] [75/770] Saskia the Unyielding
[2026-08-06T02:44:45.322Z]   Processing Saskia the Unyielding (7965 decks)
[2026-08-06T02:44:45.516Z]   Found 4 themes: legends, aggro, humans, extra-combats
[2026-08-06T02:44:46.380Z]   Created build legends: 100 cards
[2026-08-06T02:44:47.234Z]   Created build aggro: 100 cards
[2026-08-06T02:44:48.116Z]   Created build humans: 100 cards
[2026-08-06T02:44:48.991Z]   Created build extra-combats: 100 cards
[2026-08-06T02:44:48.992Z] [76/770] Ghave, Guru of Spores
[2026-08-06T02:44:48.992Z]   Processing Ghave, Guru of Spores (7956 decks)
[2026-08-06T02:44:49.163Z]   Found 6 themes: plus-1-plus-1-counters, tokens, aristocrats, combo, saprolings, fungi
[2026-08-06T02:44:50.011Z]   Created build plus-1-plus-1-counters: 100 cards
[2026-08-06T02:44:50.871Z]   Created build tokens: 100 cards
[2026-08-06T02:44:51.723Z]   Created build aristocrats: 100 cards
[2026-08-06T02:44:52.555Z]   Created build combo: 100 cards
[2026-08-06T02:44:53.446Z]   Created build saprolings: 100 cards
[2026-08-06T02:44:54.331Z]   Created build fungi: 100 cards
[2026-08-06T02:44:54.331Z] [77/770] Morska, Undersea Sleuth
[2026-08-06T02:44:54.331Z]   Processing Morska, Undersea Sleuth (7932 decks)
[2026-08-06T02:44:54.513Z]   Found 5 themes: clues, tokens, artifacts, plus-1-plus-1-counters, card-draw
[2026-08-06T02:44:55.354Z]   Created build clues: 100 cards
[2026-08-06T02:44:56.262Z]   Created build tokens: 100 cards
[2026-08-06T02:44:57.100Z]   Created build artifacts: 100 cards
[2026-08-06T02:44:58.018Z]   Created build plus-1-plus-1-counters: 100 cards
[2026-08-06T02:44:58.862Z]   Created build card-draw: 100 cards
[2026-08-06T02:44:58.862Z] [78/770] Ellivere of the Wild Court
[2026-08-06T02:44:58.862Z]   Processing Ellivere of the Wild Court (7901 decks)
[2026-08-06T02:44:59.043Z]   Found 6 themes: auras, enchantress, hatebears, stax, aggro, cedh
[2026-08-06T02:44:59.941Z]   Created build auras: 100 cards
[2026-08-06T02:45:00.868Z]   Created build enchantress: 100 cards
[2026-08-06T02:45:01.820Z]   Created build hatebears: 100 cards
[2026-08-06T02:45:02.832Z]   Created build stax: 100 cards
[2026-08-06T02:45:03.699Z]   Created build aggro: 100 cards
[2026-08-06T02:45:03.699Z]   Skipping ignored tag: cedh
[2026-08-06T02:45:03.699Z] [79/770] Xavier Sal, Infested Captain
[2026-08-06T02:45:03.699Z]   Processing Xavier Sal, Infested Captain (7897 decks)
[2026-08-06T02:45:03.888Z]   Found 9 themes: tokens, planeswalkers, plus-1-plus-1-counters, infect, proliferate, populate, sagas, saprolings, clones
[2026-08-06T02:45:04.764Z]   Created build tokens: 100 cards
[2026-08-06T02:45:05.628Z]   Created build planeswalkers: 100 cards
[2026-08-06T02:45:06.532Z]   Created build plus-1-plus-1-counters: 100 cards
[2026-08-06T02:45:07.344Z]   Created build infect: 100 cards
[2026-08-06T02:45:08.219Z]   Created build proliferate: 100 cards
[2026-08-06T02:45:09.055Z]   Created build populate: 100 cards
[2026-08-06T02:45:09.932Z]   Created build sagas: 100 cards
[2026-08-06T02:45:10.817Z]   Created build saprolings: 100 cards
[2026-08-06T02:45:11.683Z]   Created build clones: 100 cards
[2026-08-06T02:45:11.683Z] [80/770] Maelstrom Wanderer
[2026-08-06T02:45:11.683Z]   Processing Maelstrom Wanderer (7881 decks)
[2026-08-06T02:45:11.870Z]   Found 6 themes: cascade, ramp, chaos, big-mana, combo, aggro
[2026-08-06T02:45:12.774Z]   Created build cascade: 100 cards
[2026-08-06T02:45:13.627Z]   Created build ramp: 100 cards
[2026-08-06T02:45:14.518Z]   Created build chaos: 100 cards
[2026-08-06T02:45:15.448Z]   Created build big-mana: 100 cards
[2026-08-06T02:45:16.363Z]   Created build combo: 100 cards
[2026-08-06T02:45:17.246Z]   Created build aggro: 100 cards
[2026-08-06T02:45:17.246Z] [81/770] Grist, the Hunger Tide
[2026-08-06T02:45:17.246Z]   Processing Grist, the Hunger Tide (7864 decks)
[2026-08-06T02:45:17.421Z]   Found 6 themes: insects, self-mill, mill, reanimator, tokens, graveyard
[2026-08-06T02:45:17.421Z]   Skipping ignored tag: insects
[2026-08-06T02:45:18.283Z]   Created build self-mill: 100 cards
[2026-08-06T02:45:19.159Z]   Created build mill: 100 cards
[2026-08-06T02:45:20.018Z]   Created build reanimator: 100 cards
[2026-08-06T02:45:20.884Z]   Created build tokens: 100 cards
[2026-08-06T02:45:21.854Z]   Created build graveyard: 100 cards
[2026-08-06T02:45:21.854Z] [82/770] Cloud, Midgar Mercenary
[2026-08-06T02:45:21.854Z]   Processing Cloud, Midgar Mercenary (7853 decks)
[2026-08-06T02:45:22.043Z]   Found 3 themes: equipment, voltron, artifacts
[2026-08-06T02:45:22.922Z]   Created build equipment: 100 cards
[2026-08-06T02:45:23.810Z]   Created build voltron: 100 cards
[2026-08-06T02:45:24.808Z]   Created build artifacts: 100 cards
[2026-08-06T02:45:24.808Z] [83/770] Yuma, Proud Protector
[2026-08-06T02:45:24.808Z]   Processing Yuma, Proud Protector (7826 decks)
[2026-08-06T02:45:25.032Z]   Found 8 themes: lands-matter, tokens, deserts, landfall, ramp, graveyard, land-destruction, self-mill
[2026-08-06T02:45:26.064Z]   Created build lands-matter: 100 cards
[2026-08-06T02:45:26.933Z]   Created build tokens: 100 cards
[2026-08-06T02:45:26.933Z]   Skipping ignored tag: deserts
[2026-08-06T02:45:27.802Z]   Created build landfall: 100 cards
[2026-08-06T02:45:28.661Z]   Created build ramp: 100 cards
[2026-08-06T02:45:29.573Z]   Created build graveyard: 100 cards
[2026-08-06T02:45:30.465Z]   Created build land-destruction: 100 cards
[2026-08-06T02:45:31.326Z]   Created build self-mill: 100 cards
[2026-08-06T02:45:31.326Z] [84/770] Neriv, Heart of the Storm
[2026-08-06T02:45:31.326Z]   Processing Neriv, Heart of the Storm (7812 decks)
[2026-08-06T02:45:31.518Z]   Found 4 themes: aggro, tokens, burn, haste
[2026-08-06T02:45:32.388Z]   Created build aggro: 100 cards
[2026-08-06T02:45:33.282Z]   Created build tokens: 100 cards
[2026-08-06T02:45:34.132Z]   Created build burn: 100 cards
[2026-08-06T02:45:34.132Z]   Skipping ignored tag: haste
[2026-08-06T02:45:34.132Z] [85/770] Kellan, the Kid
[2026-08-06T02:45:34.132Z]   Processing Kellan, the Kid (7800 decks)
[2026-08-06T02:45:34.331Z]   Found 2 themes: foretell, exile
[2026-08-06T02:45:35.178Z]   Created build foretell: 100 cards
[2026-08-06T02:45:36.013Z]   Created build exile: 100 cards
[2026-08-06T02:45:36.013Z] [86/770] Sidisi, Brood Tyrant
[2026-08-06T02:45:36.013Z]   Processing Sidisi, Brood Tyrant (7795 decks)
[2026-08-06T02:45:36.199Z]   Found 8 themes: mill, reanimator, self-mill, dredge, graveyard, zombies, tokens, combo
[2026-08-06T02:45:37.077Z]   Created build mill: 100 cards
[2026-08-06T02:45:37.948Z]   Created build reanimator: 100 cards
[2026-08-06T02:45:38.837Z]   Created build self-mill: 100 cards
[2026-08-06T02:45:39.683Z]   Created build dredge: 100 cards
[2026-08-06T02:45:40.605Z]   Created build graveyard: 100 cards
[2026-08-06T02:45:41.437Z]   Created build zombies: 100 cards
[2026-08-06T02:45:42.300Z]   Created build tokens: 100 cards
[2026-08-06T02:45:43.156Z]   Created build combo: 100 cards
[2026-08-06T02:45:43.156Z] [87/770] Mishra, Eminent One
[2026-08-06T02:45:43.156Z]   Processing Mishra, Eminent One (7778 decks)
[2026-08-06T02:45:43.338Z]   Found 6 themes: artifacts, tokens, clones, combo, vehicles, artificers
[2026-08-06T02:45:44.241Z]   Created build artifacts: 100 cards
[2026-08-06T02:45:45.138Z]   Created build tokens: 100 cards
[2026-08-06T02:45:46.006Z]   Created build clones: 100 cards
[2026-08-06T02:45:46.871Z]   Created build combo: 100 cards
[2026-08-06T02:45:47.746Z]   Created build vehicles: 100 cards
[2026-08-06T02:45:48.599Z]   Created build artificers: 100 cards
[2026-08-06T02:45:48.599Z] [88/770] Elesh Norn, Mother of Machines
[2026-08-06T02:45:48.599Z]   Processing Elesh Norn, Mother of Machines (7778 decks)
[2026-08-06T02:45:48.779Z]   Found 4 themes: blink, tokens, etb, stax
[2026-08-06T02:45:49.679Z]   Created build blink: 100 cards
[2026-08-06T02:45:50.578Z]   Created build tokens: 100 cards
[2026-08-06T02:45:51.415Z]   Created build etb: 100 cards
[2026-08-06T02:45:52.267Z]   Created build stax: 100 cards
[2026-08-06T02:45:52.267Z] [89/770] Tuvasa the Sunlit
[2026-08-06T02:45:52.267Z]   Processing Tuvasa the Sunlit (7775 decks)
[2026-08-06T02:45:52.456Z]   Found 4 themes: enchantress, auras, voltron, pillow-fort
[2026-08-06T02:45:53.316Z]   Created build enchantress: 100 cards
[2026-08-06T02:45:54.221Z]   Created build auras: 100 cards
[2026-08-06T02:45:55.174Z]   Created build voltron: 100 cards
[2026-08-06T02:45:56.031Z]   Created build pillow-fort: 100 cards
[2026-08-06T02:45:56.031Z] [90/770] Szarel, Genesis Shepherd
[2026-08-06T02:45:56.031Z]   Processing Szarel, Genesis Shepherd (7775 decks)
[2026-08-06T02:45:56.208Z]   Found 6 themes: lands-matter, plus-1-plus-1-counters, landfall, ramp, land-destruction, sacrifice
[2026-08-06T02:45:57.078Z]   Created build lands-matter: 100 cards
[2026-08-06T02:45:57.957Z]   Created build plus-1-plus-1-counters: 100 cards
[2026-08-06T02:45:58.825Z]   Created build landfall: 100 cards
[2026-08-06T02:45:59.700Z]   Created build ramp: 100 cards
[2026-08-06T02:46:00.673Z]   Created build land-destruction: 100 cards
[2026-08-06T02:46:01.550Z]   Created build sacrifice: 100 cards
[2026-08-06T02:46:01.550Z] [91/770] The Gitrog, Ravenous Ride
[2026-08-06T02:46:01.550Z]   Processing The Gitrog, Ravenous Ride (7749 decks)
[2026-08-06T02:46:01.731Z]   Found 6 themes: stompy, lands-matter, ramp, landfall, aggro, sacrifice
[2026-08-06T02:46:02.637Z]   Created build stompy: 100 cards
[2026-08-06T02:46:03.562Z]   Created build lands-matter: 100 cards
[2026-08-06T02:46:04.462Z]   Created build ramp: 100 cards
[2026-08-06T02:46:05.332Z]   Created build landfall: 100 cards
[2026-08-06T02:46:06.184Z]   Created build aggro: 100 cards
[2026-08-06T02:46:07.077Z]   Created build sacrifice: 100 cards
[2026-08-06T02:46:07.077Z] [92/770] Myrkul, Lord of Bones
[2026-08-06T02:46:07.077Z]   Processing Myrkul, Lord of Bones (7746 decks)
[2026-08-06T02:46:07.277Z]   Found 5 themes: enchantress, tokens, aristocrats, birthing-pod, combo
[2026-08-06T02:46:08.198Z]   Created build enchantress: 100 cards
[2026-08-06T02:46:09.078Z]   Created build tokens: 100 cards
[2026-08-06T02:46:09.959Z]   Created build aristocrats: 100 cards
[2026-08-06T02:46:10.915Z]   Created build birthing-pod: 100 cards
[2026-08-06T02:46:11.830Z]   Created build combo: 100 cards
[2026-08-06T02:46:11.830Z] [93/770] Sen Triplets
[2026-08-06T02:46:11.830Z]   Processing Sen Triplets (7738 decks)
[2026-08-06T02:46:12.038Z]   Found 3 themes: theft, control, stax
[2026-08-06T02:46:12.924Z]   Created build theft: 100 cards
[2026-08-06T02:46:13.785Z]   Created build control: 100 cards
[2026-08-06T02:46:14.703Z]   Created build stax: 100 cards
[2026-08-06T02:46:14.703Z] [94/770] Bristly Bill, Spine Sower
[2026-08-06T02:46:14.703Z]   Processing Bristly Bill, Spine Sower (7696 decks)
[2026-08-06T02:46:14.876Z]   Found 4 themes: plus-1-plus-1-counters, lands-matter, landfall, ramp
[2026-08-06T02:46:15.736Z]   Created build plus-1-plus-1-counters: 100 cards
[2026-08-06T02:46:16.579Z]   Created build lands-matter: 100 cards
[2026-08-06T02:46:17.639Z]   Created build landfall: 100 cards
[2026-08-06T02:46:18.498Z]   Created build ramp: 100 cards
[2026-08-06T02:46:18.498Z] [95/770] Admiral Brass, Unsinkable
[2026-08-06T02:46:18.498Z]   Processing Admiral Brass, Unsinkable (7686 decks)
[2026-08-06T02:46:18.699Z]   Found 5 themes: pirates, treasure, reanimator, aggro, theft
[2026-08-06T02:46:19.683Z]   Created build pirates: 100 cards
[2026-08-06T02:46:20.603Z]   Created build treasure: 100 cards
[2026-08-06T02:46:21.478Z]   Created build reanimator: 100 cards
[2026-08-06T02:46:22.322Z]   Created build aggro: 100 cards
[2026-08-06T02:46:23.188Z]   Created build theft: 100 cards
[2026-08-06T02:46:23.188Z] [96/770] Kadena, Slinking Sorcerer
[2026-08-06T02:46:23.188Z]   Processing Kadena, Slinking Sorcerer (7645 decks)
[2026-08-06T02:46:23.378Z]   Found 2 themes: morph, control
[2026-08-06T02:46:24.218Z]   Created build morph: 100 cards
[2026-08-06T02:46:25.714Z]   Created build control: 100 cards
[2026-08-06T02:46:25.714Z] [97/770] Niv-Mizzet, Visionary
[2026-08-06T02:46:25.714Z]   Processing Niv-Mizzet, Visionary (7644 decks)
[2026-08-06T02:46:25.911Z]   Found 6 themes: burn, spellslinger, dragons-approach, combo, card-draw, storm
[2026-08-06T02:46:26.816Z]   Created build burn: 100 cards
[2026-08-06T02:46:27.736Z]   Created build spellslinger: 100 cards
[2026-08-06T02:46:28.636Z]   Created build dragons-approach: 100 cards
[2026-08-06T02:46:29.486Z]   Created build combo: 100 cards
[2026-08-06T02:46:30.359Z]   Created build card-draw: 100 cards
[2026-08-06T02:46:31.227Z]   Created build storm: 100 cards
[2026-08-06T02:46:31.227Z] [98/770] Koma, Cosmos Serpent
[2026-08-06T02:46:31.227Z]   Processing Koma, Cosmos Serpent (7633 decks)
[2026-08-06T02:46:31.419Z]   Found 5 themes: tokens, clones, control, ramp, sea-creatures
[2026-08-06T02:46:32.291Z]   Created build tokens: 100 cards
[2026-08-06T02:46:33.145Z]   Created build clones: 100 cards
[2026-08-06T02:46:34.030Z]   Created build control: 100 cards
[2026-08-06T02:46:34.938Z]   Created build ramp: 100 cards
[2026-08-06T02:46:35.789Z]   Created build sea-creatures: 100 cards
[2026-08-06T02:46:35.789Z] [99/770] Gluntch, the Bestower
[2026-08-06T02:46:35.789Z]   Processing Gluntch, the Bestower (7593 decks)
[2026-08-06T02:46:35.977Z]   Found 4 themes: group-hug, plus-1-plus-1-counters, pillow-fort, tokens
[2026-08-06T02:46:36.815Z]   Created build group-hug: 100 cards
[2026-08-06T02:46:37.690Z]   Created build plus-1-plus-1-counters: 100 cards
[2026-08-06T02:46:38.556Z]   Created build pillow-fort: 100 cards
[2026-08-06T02:46:39.472Z]   Created build tokens: 100 cards
[2026-08-06T02:46:39.472Z] [100/770] Gisa and Geralf
[2026-08-06T02:46:39.472Z]   Processing Gisa and Geralf (7553 decks)
[2026-08-06T02:46:39.667Z]   Found 6 themes: zombies, reanimator, graveyard, tokens, mill, self-mill
[2026-08-06T02:46:40.537Z]   Created build zombies: 100 cards
[2026-08-06T02:46:41.407Z]   Created build reanimator: 100 cards
[2026-08-06T02:46:42.286Z]   Created build graveyard: 100 cards
[2026-08-06T02:46:43.166Z]   Created build tokens: 100 cards
[2026-08-06T02:46:44.065Z]   Created build mill: 100 cards
[2026-08-06T02:46:44.964Z]   Created build self-mill: 100 cards
[2026-08-06T02:46:44.964Z] 
[2026-08-06T02:46:44.964Z] Progress: 100 processed, 471 builds, 47100 cards
[2026-08-06T02:46:44.964Z] 
[2026-08-06T02:46:44.964Z] [101/770] Sméagol, Helpful Guide
[2026-08-06T02:46:44.964Z]   Processing Sméagol, Helpful Guide (7543 decks)
[2026-08-06T02:46:45.168Z]   Found 8 themes: lands-matter, landfall, sacrifice, mill, aristocrats, ramp, the-ring, reanimator
[2026-08-06T02:46:46.055Z]   Created build lands-matter: 100 cards
[2026-08-06T02:46:47.010Z]   Created build landfall: 100 cards
[2026-08-06T02:46:47.837Z]   Created build sacrifice: 100 cards
[2026-08-06T02:46:48.732Z]   Created build mill: 100 cards
[2026-08-06T02:46:49.627Z]   Created build aristocrats: 100 cards
[2026-08-06T02:46:50.493Z]   Created build ramp: 100 cards
[2026-08-06T02:46:51.343Z]   Created build the-ring: 100 cards
[2026-08-06T02:46:52.181Z]   Created build reanimator: 100 cards
[2026-08-06T02:46:52.181Z] [102/770] Shirei, Shizo's Caretaker
[2026-08-06T02:46:52.181Z]   Processing Shirei, Shizo's Caretaker (7523 decks)
[2026-08-06T02:46:52.360Z]   Found 4 themes: aristocrats, reanimator, sacrifice, shadowborn-apostles
[2026-08-06T02:46:53.249Z]   Created build aristocrats: 100 cards
[2026-08-06T02:46:54.102Z]   Created build reanimator: 100 cards
[2026-08-06T02:46:55.003Z]   Created build sacrifice: 100 cards
[2026-08-06T02:46:55.829Z]   Created build shadowborn-apostles: 100 cards
[2026-08-06T02:46:55.829Z] [103/770] Breena, the Demagogue
[2026-08-06T02:46:55.829Z]   Processing Breena, the Demagogue (7508 decks)
[2026-08-06T02:46:56.002Z]   Found 5 themes: plus-1-plus-1-counters, pillow-fort, politics, group-hug, aggro
[2026-08-06T02:46:56.841Z]   Created build plus-1-plus-1-counters: 100 cards
[2026-08-06T02:46:57.730Z]   Created build pillow-fort: 100 cards
[2026-08-06T02:46:58.584Z]   Created build politics: 100 cards
[2026-08-06T02:46:59.444Z]   Created build group-hug: 100 cards
[2026-08-06T02:47:00.319Z]   Created build aggro: 100 cards
[2026-08-06T02:47:00.319Z] [104/770] Mabel, Heir to Cragflame
[2026-08-06T02:47:00.319Z]   Processing Mabel, Heir to Cragflame (7497 decks)
[2026-08-06T02:47:00.511Z]   Found 4 themes: equipment, mice, voltron, aggro
[2026-08-06T02:47:01.461Z]   Created build equipment: 100 cards
[2026-08-06T02:47:01.461Z]   Skipping ignored tag: mice
[2026-08-06T02:47:02.339Z]   Created build voltron: 100 cards
[2026-08-06T02:47:03.209Z]   Created build aggro: 100 cards
[2026-08-06T02:47:03.209Z] [105/770] Bruvac the Grandiloquent
[2026-08-06T02:47:03.209Z]   Processing Bruvac the Grandiloquent (7464 decks)
[2026-08-06T02:47:03.405Z]   Found 4 themes: mill, persistent-petitioners, combo, control
[2026-08-06T02:47:04.337Z]   Created build mill: 100 cards
[2026-08-06T02:47:05.213Z]   Created build persistent-petitioners: 100 cards
[2026-08-06T02:47:06.075Z]   Created build combo: 100 cards
[2026-08-06T02:47:06.945Z]   Created build control: 100 cards
[2026-08-06T02:47:06.945Z] [106/770] Nethroi, Apex of Death
[2026-08-06T02:47:06.945Z]   Processing Nethroi, Apex of Death (7463 decks)
[2026-08-06T02:47:07.138Z]   Found 9 themes: reanimator, mutate, mill, self-mill, graveyard, aristocrats, plus-1-plus-1-counters, combo, dredge
[2026-08-06T02:47:08.012Z]   Created build reanimator: 100 cards
[2026-08-06T02:47:08.899Z]   Created build mutate: 100 cards
[2026-08-06T02:47:09.753Z]   Created build mill: 100 cards
[2026-08-06T02:47:10.652Z]   Created build self-mill: 100 cards
[2026-08-06T02:47:11.514Z]   Created build graveyard: 100 cards
[2026-08-06T02:47:12.351Z]   Created build aristocrats: 100 cards
[2026-08-06T02:47:13.253Z]   Created build plus-1-plus-1-counters: 100 cards
[2026-08-06T02:47:14.127Z]   Created build combo: 100 cards
[2026-08-06T02:47:15.002Z]   Created build dredge: 100 cards
[2026-08-06T02:47:15.002Z] [107/770] Lathiel, the Bounteous Dawn
[2026-08-06T02:47:15.002Z]   Processing Lathiel, the Bounteous Dawn (7459 decks)
[2026-08-06T02:47:15.184Z]   Found 3 themes: lifegain, plus-1-plus-1-counters, unicorns
[2026-08-06T02:47:16.101Z]   Created build lifegain: 100 cards
[2026-08-06T02:47:16.929Z]   Created build plus-1-plus-1-counters: 100 cards
[2026-08-06T02:47:16.929Z]   Skipping ignored tag: unicorns
[2026-08-06T02:47:16.929Z] [108/770] Commodore Guff
[2026-08-06T02:47:16.929Z]   Processing Commodore Guff (7449 decks)
[2026-08-06T02:47:17.118Z]   Found 2 themes: planeswalkers, control
[2026-08-06T02:47:17.951Z]   Created build planeswalkers: 100 cards
[2026-08-06T02:47:18.821Z]   Created build control: 100 cards
[2026-08-06T02:47:18.822Z] [109/770] Kardur, Doomscourge
[2026-08-06T02:47:18.822Z]   Processing Kardur, Doomscourge (7377 decks)
[2026-08-06T02:47:18.991Z]   Found 3 themes: forced-combat, group-slug, aristocrats
[2026-08-06T02:47:19.885Z]   Created build forced-combat: 100 cards
[2026-08-06T02:47:20.832Z]   Created build group-slug: 100 cards
[2026-08-06T02:47:21.688Z]   Created build aristocrats: 100 cards
[2026-08-06T02:47:21.688Z] [110/770] Lynde, Cheerful Tormentor
[2026-08-06T02:47:21.688Z]   Processing Lynde, Cheerful Tormentor (7365 decks)
[2026-08-06T02:47:21.866Z]   Found 3 themes: curses, enchantress, auras
[2026-08-06T02:47:22.726Z]   Created build curses: 100 cards
[2026-08-06T02:47:23.631Z]   Created build enchantress: 100 cards
[2026-08-06T02:47:24.501Z]   Created build auras: 100 cards
[2026-08-06T02:47:24.501Z] [111/770] Ezuri, Claw of Progress
[2026-08-06T02:47:24.501Z]   Processing Ezuri, Claw of Progress (7357 decks)
[2026-08-06T02:47:24.700Z]   Found 2 themes: plus-1-plus-1-counters, infect
[2026-08-06T02:47:25.567Z]   Created build plus-1-plus-1-counters: 100 cards
[2026-08-06T02:47:26.452Z]   Created build infect: 100 cards
[2026-08-06T02:47:26.452Z] [112/770] Vnwxt, Verbose Host
[2026-08-06T02:47:26.452Z]   Processing Vnwxt, Verbose Host (7336 decks)
[2026-08-06T02:47:26.642Z]   Found 4 themes: card-draw, wheels, mill, control
[2026-08-06T02:47:27.637Z]   Created build card-draw: 100 cards
[2026-08-06T02:47:28.492Z]   Created build wheels: 100 cards
[2026-08-06T02:47:29.357Z]   Created build mill: 100 cards
[2026-08-06T02:47:30.250Z]   Created build control: 100 cards
[2026-08-06T02:47:30.250Z] [113/770] Squall, SeeD Mercenary
[2026-08-06T02:47:30.250Z]   Processing Squall, SeeD Mercenary (7315 decks)
[2026-08-06T02:47:30.432Z]   Found 4 themes: reanimator, voltron, equipment, aristocrats
[2026-08-06T02:47:31.310Z]   Created build reanimator: 100 cards
[2026-08-06T02:47:32.132Z]   Created build voltron: 100 cards
[2026-08-06T02:47:33.012Z]   Created build equipment: 100 cards
[2026-08-06T02:47:33.854Z]   Created build aristocrats: 100 cards
[2026-08-06T02:47:33.854Z] [114/770] Ozai, the Phoenix King
[2026-08-06T02:47:33.854Z]   Processing Ozai, the Phoenix King (7260 decks)
[2026-08-06T02:47:34.079Z]   Found 6 themes: aggro, extra-combats, firebending, x-spells, burn, big-mana
[2026-08-06T02:47:34.928Z]   Created build aggro: 100 cards
[2026-08-06T02:47:35.817Z]   Created build extra-combats: 100 cards
[2026-08-06T02:47:35.817Z]   Skipping ignored tag: firebending
[2026-08-06T02:47:36.663Z]   Created build x-spells: 100 cards
[2026-08-06T02:47:37.633Z]   Created build burn: 100 cards
[2026-08-06T02:47:38.472Z]   Created build big-mana: 100 cards
[2026-08-06T02:47:38.472Z] [115/770] Thantis, the Warweaver
[2026-08-06T02:47:38.473Z]   Processing Thantis, the Warweaver (7218 decks)
[2026-08-06T02:47:38.662Z]   Found 4 themes: forced-combat, aggro, spiders, group-slug
[2026-08-06T02:47:39.514Z]   Created build forced-combat: 100 cards
[2026-08-06T02:47:40.387Z]   Created build aggro: 100 cards
[2026-08-06T02:47:40.387Z]   Skipping ignored tag: spiders
[2026-08-06T02:47:41.228Z]   Created build group-slug: 100 cards
[2026-08-06T02:47:41.228Z] [116/770] Grolnok, the Omnivore
[2026-08-06T02:47:41.228Z]   Processing Grolnok, the Omnivore (7217 decks)
[2026-08-06T02:47:41.434Z]   Found 5 themes: frogs, mill, self-mill, plus-1-plus-1-counters, combo
[2026-08-06T02:47:41.434Z]   Skipping ignored tag: frogs
[2026-08-06T02:47:42.284Z]   Created build mill: 100 cards
[2026-08-06T02:47:43.140Z]   Created build self-mill: 100 cards
[2026-08-06T02:47:43.963Z]   Created build plus-1-plus-1-counters: 100 cards
[2026-08-06T02:47:44.836Z]   Created build combo: 100 cards
[2026-08-06T02:47:44.837Z] [117/770] Sigarda, Font of Blessings
[2026-08-06T02:47:44.837Z]   Processing Sigarda, Font of Blessings (7211 decks)
[2026-08-06T02:47:45.013Z]   Found 5 themes: angels, plus-1-plus-1-counters, humans, lifegain, flying
[2026-08-06T02:47:45.867Z]   Created build angels: 100 cards
[2026-08-06T02:47:46.812Z]   Created build plus-1-plus-1-counters: 100 cards
[2026-08-06T02:47:47.683Z]   Created build humans: 100 cards
[2026-08-06T02:47:48.582Z]   Created build lifegain: 100 cards
[2026-08-06T02:47:48.582Z]   Skipping ignored tag: flying
[2026-08-06T02:47:48.582Z] [118/770] Ultima, Origin of Oblivion
[2026-08-06T02:47:48.582Z]   Processing Ultima, Origin of Oblivion (7210 decks)
[2026-08-06T02:47:48.752Z]   Found 3 themes: artifacts, eldrazi, ramp
[2026-08-06T02:47:49.621Z]   Created build artifacts: 100 cards
[2026-08-06T02:47:50.613Z]   Created build eldrazi: 100 cards
[2026-08-06T02:47:51.446Z]   Created build ramp: 100 cards
[2026-08-06T02:47:51.446Z] [119/770] Azusa, Lost but Seeking
[2026-08-06T02:47:51.447Z]   Processing Azusa, Lost but Seeking (7182 decks)
[2026-08-06T02:47:51.645Z]   Found 3 themes: lands-matter, ramp, landfall
[2026-08-06T02:47:52.511Z]   Created build lands-matter: 100 cards
[2026-08-06T02:47:53.356Z]   Created build ramp: 100 cards
[2026-08-06T02:47:54.196Z]   Created build landfall: 100 cards
[2026-08-06T02:47:54.196Z] [120/770] The Lord of Pain
[2026-08-06T02:47:54.196Z]   Processing The Lord of Pain (7180 decks)
[2026-08-06T02:47:54.373Z]   Found 3 themes: group-slug, burn, group-hug
[2026-08-06T02:47:55.327Z]   Created build group-slug: 100 cards
[2026-08-06T02:47:56.154Z]   Created build burn: 100 cards
[2026-08-06T02:47:57.038Z]   Created build group-hug: 100 cards
[2026-08-06T02:47:57.038Z] [121/770] Millicent, Restless Revenant
[2026-08-06T02:47:57.038Z]   Processing Millicent, Restless Revenant (7161 decks)
[2026-08-06T02:47:57.210Z]   Found 4 themes: spirits, tokens, flying, aggro
[2026-08-06T02:47:58.047Z]   Created build spirits: 100 cards
[2026-08-06T02:47:58.870Z]   Created build tokens: 100 cards
[2026-08-06T02:47:58.870Z]   Skipping ignored tag: flying
[2026-08-06T02:47:59.749Z]   Created build aggro: 100 cards
[2026-08-06T02:47:59.749Z] [122/770] Pramikon, Sky Rampart
[2026-08-06T02:47:59.749Z]   Processing Pramikon, Sky Rampart (7160 decks)
[2026-08-06T02:47:59.960Z]   Found 6 themes: toughness-matters, pillow-fort, planeswalkers, defenders, control, forced-combat
[2026-08-06T02:48:00.837Z]   Created build toughness-matters: 100 cards
[2026-08-06T02:48:01.697Z]   Created build pillow-fort: 100 cards
[2026-08-06T02:48:02.528Z]   Created build planeswalkers: 100 cards
[2026-08-06T02:48:03.419Z]   Created build defenders: 100 cards
[2026-08-06T02:48:04.263Z]   Created build control: 100 cards
[2026-08-06T02:48:05.109Z]   Created build forced-combat: 100 cards
[2026-08-06T02:48:05.109Z] [123/770] Kiora, Sovereign of the Deep
[2026-08-06T02:48:05.109Z]   Processing Kiora, Sovereign of the Deep (7156 decks)
[2026-08-06T02:48:05.289Z]   Found 3 themes: sea-creatures, ramp, cascade
[2026-08-06T02:48:06.160Z]   Created build sea-creatures: 100 cards
[2026-08-06T02:48:07.046Z]   Created build ramp: 100 cards
[2026-08-06T02:48:07.899Z]   Created build cascade: 100 cards
[2026-08-06T02:48:07.899Z] [124/770] Bilbo, Birthday Celebrant
[2026-08-06T02:48:07.899Z]   Processing Bilbo, Birthday Celebrant (7132 decks)
[2026-08-06T02:48:08.093Z]   Found 2 themes: lifegain, tokens
[2026-08-06T02:48:08.963Z]   Created build lifegain: 100 cards
[2026-08-06T02:48:09.846Z]   Created build tokens: 100 cards
[2026-08-06T02:48:09.846Z] [125/770] Tifa, Martial Artist
[2026-08-06T02:48:09.846Z]   Processing Tifa, Martial Artist (7125 decks)
[2026-08-06T02:48:10.060Z]   Found 4 themes: extra-combats, aggro, equipment, plus-1-plus-1-counters
[2026-08-06T02:48:10.916Z]   Created build extra-combats: 100 cards
[2026-08-06T02:48:11.964Z]   Created build aggro: 100 cards
[2026-08-06T02:48:12.869Z]   Created build equipment: 100 cards
[2026-08-06T02:48:13.748Z]   Created build plus-1-plus-1-counters: 100 cards
[2026-08-06T02:48:13.748Z] [126/770] Astarion, the Decadent
[2026-08-06T02:48:13.748Z]   Processing Astarion, the Decadent (7114 decks)
[2026-08-06T02:48:13.932Z]   Found 4 themes: lifegain, vampires, lifedrain, combo
[2026-08-06T02:48:14.790Z]   Created build lifegain: 100 cards
[2026-08-06T02:48:15.722Z]   Created build vampires: 100 cards
[2026-08-06T02:48:16.581Z]   Created build lifedrain: 100 cards
[2026-08-06T02:48:17.448Z]   Created build combo: 100 cards
[2026-08-06T02:48:17.449Z] [127/770] Chishiro, the Shattered Blade
[2026-08-06T02:48:17.449Z]   Processing Chishiro, the Shattered Blade (7097 decks)
[2026-08-06T02:48:17.616Z]   Found 8 themes: plus-1-plus-1-counters, equipment, auras, tokens, aggro, enchantress, voltron, modified-creatures
[2026-08-06T02:48:18.483Z]   Created build plus-1-plus-1-counters: 100 cards
[2026-08-06T02:48:19.340Z]   Created build equipment: 100 cards
[2026-08-06T02:48:20.207Z]   Created build auras: 100 cards
[2026-08-06T02:48:21.084Z]   Created build tokens: 100 cards
[2026-08-06T02:48:22.016Z]   Created build aggro: 100 cards
[2026-08-06T02:48:22.876Z]   Created build enchantress: 100 cards
[2026-08-06T02:48:23.725Z]   Created build voltron: 100 cards
[2026-08-06T02:48:24.557Z]   Created build modified-creatures: 100 cards
[2026-08-06T02:48:24.557Z] [128/770] The Beamtown Bullies
[2026-08-06T02:48:24.557Z]   Processing The Beamtown Bullies (7072 decks)
[2026-08-06T02:48:24.734Z]   Found 5 themes: reanimator, forced-combat, donate, self-mill, graveyard
[2026-08-06T02:48:25.589Z]   Created build reanimator: 100 cards
[2026-08-06T02:48:26.507Z]   Created build forced-combat: 100 cards
[2026-08-06T02:48:27.384Z]   Created build donate: 100 cards
[2026-08-06T02:48:28.282Z]   Created build self-mill: 100 cards
[2026-08-06T02:48:29.134Z]   Created build graveyard: 100 cards
[2026-08-06T02:48:29.134Z] [129/770] Anowon, the Ruin Thief
[2026-08-06T02:48:29.134Z]   Processing Anowon, the Ruin Thief (7070 decks)
[2026-08-06T02:48:29.321Z]   Found 5 themes: rogues, mill, theft, aggro, unblockable
[2026-08-06T02:48:30.165Z]   Created build rogues: 100 cards
[2026-08-06T02:48:31.041Z]   Created build mill: 100 cards
[2026-08-06T02:48:31.905Z]   Created build theft: 100 cards
[2026-08-06T02:48:32.760Z]   Created build aggro: 100 cards
[2026-08-06T02:48:33.619Z]   Created build unblockable: 100 cards
[2026-08-06T02:48:33.619Z] [130/770] Maarika, Brutal Gladiator
[2026-08-06T02:48:33.619Z]   Processing Maarika, Brutal Gladiator (7068 decks)
[2026-08-06T02:48:33.795Z]   Found 4 themes: fight, aggro, voltron, equipment
[2026-08-06T02:48:33.795Z]   Skipping ignored tag: fight
[2026-08-06T02:48:34.671Z]   Created build aggro: 100 cards
[2026-08-06T02:48:35.517Z]   Created build voltron: 100 cards
[2026-08-06T02:48:36.382Z]   Created build equipment: 100 cards
[2026-08-06T02:48:36.382Z] [131/770] Slinza, the Spiked Stampede
[2026-08-06T02:48:36.382Z]   Processing Slinza, the Spiked Stampede (7047 decks)
[2026-08-06T02:48:36.555Z]   Found 4 themes: beasts, plus-1-plus-1-counters, aggro, fight
[2026-08-06T02:48:37.429Z]   Created build beasts: 100 cards
[2026-08-06T02:48:38.315Z]   Created build plus-1-plus-1-counters: 100 cards
[2026-08-06T02:48:39.165Z]   Created build aggro: 100 cards
[2026-08-06T02:48:39.165Z]   Skipping ignored tag: fight
[2026-08-06T02:48:39.165Z] [132/770] Laughing Jasper Flint
[2026-08-06T02:48:39.165Z]   Processing Laughing Jasper Flint (7029 decks)
[2026-08-06T02:48:39.350Z]   Found 4 themes: treasure, theft, outlaws, exile
[2026-08-06T02:48:40.231Z]   Created build treasure: 100 cards
[2026-08-06T02:48:41.072Z]   Created build theft: 100 cards
[2026-08-06T02:48:41.912Z]   Created build outlaws: 100 cards
[2026-08-06T02:48:42.762Z]   Created build exile: 100 cards
[2026-08-06T02:48:42.762Z] [133/770] Maha, Its Feathers Night
[2026-08-06T02:48:42.762Z]   Processing Maha, Its Feathers Night (7014 decks)
[2026-08-06T02:48:42.938Z]   Found 2 themes: minus-1-minus-1-counters, control
[2026-08-06T02:48:43.790Z]   Created build minus-1-minus-1-counters: 100 cards
[2026-08-06T02:48:44.647Z]   Created build control: 100 cards
[2026-08-06T02:48:44.647Z] [134/770] Ayara, First of Locthwain
[2026-08-06T02:48:44.647Z]   Processing Ayara, First of Locthwain (7012 decks)
[2026-08-06T02:48:44.829Z]   Found 8 themes: aristocrats, lifegain, tokens, devotion, combo, lifedrain, sacrifice, reanimator
[2026-08-06T02:48:45.750Z]   Created build aristocrats: 100 cards
[2026-08-06T02:48:46.592Z]   Created build lifegain: 100 cards
[2026-08-06T02:48:47.447Z]   Created build tokens: 100 cards
[2026-08-06T02:48:48.298Z]   Created build devotion: 100 cards
[2026-08-06T02:48:49.217Z]   Created build combo: 100 cards
[2026-08-06T02:48:50.054Z]   Created build lifedrain: 100 cards
[2026-08-06T02:48:50.962Z]   Created build sacrifice: 100 cards
[2026-08-06T02:48:51.804Z]   Created build reanimator: 100 cards
[2026-08-06T02:48:51.804Z] [135/770] Winter, Cynical Opportunist
[2026-08-06T02:48:51.804Z]   Processing Winter, Cynical Opportunist (7011 decks)
[2026-08-06T02:48:51.993Z]   Found 5 themes: mill, reanimator, self-mill, graveyard, delirium
[2026-08-06T02:48:52.883Z]   Created build mill: 100 cards
[2026-08-06T02:48:53.754Z]   Created build reanimator: 100 cards
[2026-08-06T02:48:54.752Z]   Created build self-mill: 100 cards
[2026-08-06T02:48:55.594Z]   Created build graveyard: 100 cards
[2026-08-06T02:48:56.441Z]   Created build delirium: 100 cards
[2026-08-06T02:48:56.441Z] [136/770] Yawgmoth, Thran Physician
[2026-08-06T02:48:56.441Z]   Processing Yawgmoth, Thran Physician (6981 decks)
[2026-08-06T02:48:56.617Z]   Found 7 themes: aristocrats, minus-1-minus-1-counters, combo, reanimator, infect, control, sacrifice
[2026-08-06T02:48:57.464Z]   Created build aristocrats: 100 cards
[2026-08-06T02:48:58.288Z]   Created build minus-1-minus-1-counters: 100 cards
[2026-08-06T02:48:59.195Z]   Created build combo: 100 cards
[2026-08-06T02:49:00.212Z]   Created build reanimator: 100 cards
[2026-08-06T02:49:01.085Z]   Created build infect: 100 cards
[2026-08-06T02:49:01.971Z]   Created build control: 100 cards
[2026-08-06T02:49:02.820Z]   Created build sacrifice: 100 cards
[2026-08-06T02:49:02.820Z] [137/770] Doctor Doom, King of Latveria
[2026-08-06T02:49:02.820Z]   Processing Doctor Doom, King of Latveria (6979 decks)
[2026-08-06T02:49:03.011Z]   Found 4 themes: discard, villains, connive, plus-1-plus-1-counters
[2026-08-06T02:49:03.910Z]   Created build discard: 100 cards
[2026-08-06T02:49:03.910Z]   Skipping ignored tag: villains
[2026-08-06T02:49:04.804Z]   Created build connive: 100 cards
[2026-08-06T02:49:05.618Z]   Created build plus-1-plus-1-counters: 100 cards
[2026-08-06T02:49:05.618Z] [138/770] Jhoira, Weatherlight Captain
[2026-08-06T02:49:05.618Z]   Processing Jhoira, Weatherlight Captain (6971 decks)
[2026-08-06T02:49:05.794Z]   Found 6 themes: artifacts, storm, cheerios, combo, historic, cedh
[2026-08-06T02:49:06.659Z]   Created build artifacts: 100 cards
[2026-08-06T02:49:07.498Z]   Created build storm: 100 cards
[2026-08-06T02:49:08.360Z]   Created build cheerios: 100 cards
[2026-08-06T02:49:09.216Z]   Created build combo: 100 cards
[2026-08-06T02:49:10.081Z]   Created build historic: 100 cards
[2026-08-06T02:49:10.081Z]   Skipping ignored tag: cedh
[2026-08-06T02:49:10.081Z] [139/770] The Mimeoplasm
[2026-08-06T02:49:10.081Z]   Processing The Mimeoplasm (6962 decks)
[2026-08-06T02:49:10.260Z]   Found 8 themes: mill, reanimator, plus-1-plus-1-counters, self-mill, graveyard, oozes, stompy, dredge
[2026-08-06T02:49:11.177Z]   Created build mill: 100 cards
[2026-08-06T02:49:12.012Z]   Created build reanimator: 100 cards
[2026-08-06T02:49:12.950Z]   Created build plus-1-plus-1-counters: 100 cards
[2026-08-06T02:49:13.815Z]   Created build self-mill: 100 cards
[2026-08-06T02:49:14.649Z]   Created build graveyard: 100 cards
[2026-08-06T02:49:14.649Z]   Skipping ignored tag: oozes
[2026-08-06T02:49:15.561Z]   Created build stompy: 100 cards
[2026-08-06T02:49:16.383Z]   Created build dredge: 100 cards
[2026-08-06T02:49:16.383Z] [140/770] Evereth, Viceroy of Plunder
[2026-08-06T02:49:16.383Z]   Processing Evereth, Viceroy of Plunder (6959 decks)
[2026-08-06T02:49:16.557Z]   Found 8 themes: treasure, aristocrats, plus-1-plus-1-counters, tokens, artifacts, sacrifice, voltron, burn
[2026-08-06T02:49:17.399Z]   Created build treasure: 100 cards
[2026-08-06T02:49:18.255Z]   Created build aristocrats: 100 cards
[2026-08-06T02:49:19.092Z]   Created build plus-1-plus-1-counters: 100 cards
[2026-08-06T02:49:19.944Z]   Created build tokens: 100 cards
[2026-08-06T02:49:20.894Z]   Created build artifacts: 100 cards
[2026-08-06T02:49:21.737Z]   Created build sacrifice: 100 cards
[2026-08-06T02:49:22.593Z]   Created build voltron: 100 cards
[2026-08-06T02:49:23.433Z]   Created build burn: 100 cards
[2026-08-06T02:49:23.433Z] [141/770] Prossh, Skyraider of Kher
[2026-08-06T02:49:23.433Z]   Processing Prossh, Skyraider of Kher (6904 decks)
[2026-08-06T02:49:23.616Z]   Found 4 themes: aristocrats, tokens, sacrifice, combo
[2026-08-06T02:49:24.467Z]   Created build aristocrats: 100 cards
[2026-08-06T02:49:25.325Z]   Created build tokens: 100 cards
[2026-08-06T02:49:26.205Z]   Created build sacrifice: 100 cards
[2026-08-06T02:49:27.065Z]   Created build combo: 100 cards
[2026-08-06T02:49:27.065Z] [142/770] Ayula, Queen Among Bears
[2026-08-06T02:49:27.065Z]   Processing Ayula, Queen Among Bears (6880 decks)
[2026-08-06T02:49:27.250Z]   Found 3 themes: bears, plus-1-plus-1-counters, aggro
[2026-08-06T02:49:28.156Z]   Created build bears: 100 cards
[2026-08-06T02:49:29.067Z]   Created build plus-1-plus-1-counters: 100 cards
[2026-08-06T02:49:29.913Z]   Created build aggro: 100 cards
[2026-08-06T02:49:29.913Z] [143/770] Zurgo, Thunder's Decree
[2026-08-06T02:49:29.913Z]   Processing Zurgo, Thunder's Decree (6875 decks)
[2026-08-06T02:49:30.124Z]   Found 3 themes: tokens, aggro, warriors
[2026-08-06T02:49:31.000Z]   Created build tokens: 100 cards
[2026-08-06T02:49:31.856Z]   Created build aggro: 100 cards
[2026-08-06T02:49:32.723Z]   Created build warriors: 100 cards
[2026-08-06T02:49:32.723Z] [144/770] Hinata, Dawn-Crowned
[2026-08-06T02:49:32.723Z]   Processing Hinata, Dawn-Crowned (6859 decks)
[2026-08-06T02:49:32.916Z]   Found 3 themes: spellslinger, x-spells, control
[2026-08-06T02:49:33.771Z]   Created build spellslinger: 100 cards
[2026-08-06T02:49:34.633Z]   Created build x-spells: 100 cards
[2026-08-06T02:49:35.478Z]   Created build control: 100 cards
[2026-08-06T02:49:35.478Z] [145/770] Kwain, Itinerant Meddler
[2026-08-06T02:49:35.478Z]   Processing Kwain, Itinerant Meddler (6839 decks)
[2026-08-06T02:49:35.651Z]   Found 6 themes: wheels, group-hug, card-draw, control, pillow-fort, combo
[2026-08-06T02:49:36.542Z]   Created build wheels: 100 cards
[2026-08-06T02:49:37.369Z]   Created build group-hug: 100 cards
[2026-08-06T02:49:38.264Z]   Created build card-draw: 100 cards
[2026-08-06T02:49:39.109Z]   Created build control: 100 cards
[2026-08-06T02:49:39.952Z]   Created build pillow-fort: 100 cards
[2026-08-06T02:49:40.842Z]   Created build combo: 100 cards
[2026-08-06T02:49:40.842Z] [146/770] Nahiri, Forged in Fury
[2026-08-06T02:49:40.842Z]   Processing Nahiri, Forged in Fury (6835 decks)
[2026-08-06T02:49:41.035Z]   Found 5 themes: equipment, aggro, artifacts, voltron, tokens
[2026-08-06T02:49:41.906Z]   Created build equipment: 100 cards
[2026-08-06T02:49:42.814Z]   Created build aggro: 100 cards
[2026-08-06T02:49:43.691Z]   Created build artifacts: 100 cards
[2026-08-06T02:49:44.609Z]   Created build voltron: 100 cards
[2026-08-06T02:49:45.505Z]   Created build tokens: 100 cards
[2026-08-06T02:49:45.505Z] [147/770] Ixhel, Scion of Atraxa
[2026-08-06T02:49:45.505Z]   Processing Ixhel, Scion of Atraxa (6818 decks)
[2026-08-06T02:49:45.688Z]   Found 3 themes: infect, phyrexians, proliferate
[2026-08-06T02:49:46.563Z]   Created build infect: 100 cards
[2026-08-06T02:49:47.450Z]   Created build phyrexians: 100 cards
[2026-08-06T02:49:48.367Z]   Created build proliferate: 100 cards
[2026-08-06T02:49:48.367Z] [148/770] Aminatou, the Fateshifter
[2026-08-06T02:49:48.367Z]   Processing Aminatou, the Fateshifter (6807 decks)
[2026-08-06T02:49:48.569Z]   Found 5 themes: blink, control, combo, planeswalkers, topdeck
[2026-08-06T02:49:49.524Z]   Created build blink: 100 cards
[2026-08-06T02:49:50.366Z]   Created build control: 100 cards
[2026-08-06T02:49:51.259Z]   Created build combo: 100 cards
[2026-08-06T02:49:52.217Z]   Created build planeswalkers: 100 cards
[2026-08-06T02:49:53.145Z]   Created build topdeck: 100 cards
[2026-08-06T02:49:53.145Z] [149/770] Talrand, Sky Summoner
[2026-08-06T02:49:53.145Z]   Processing Talrand, Sky Summoner (6794 decks)
[2026-08-06T02:49:53.319Z]   Found 6 themes: spellslinger, tokens, control, cantrips, counterspells, flying
[2026-08-06T02:49:54.245Z]   Created build spellslinger: 100 cards
[2026-08-06T02:49:55.084Z]   Created build tokens: 100 cards
[2026-08-06T02:49:55.981Z]   Created build control: 100 cards
[2026-08-06T02:49:56.872Z]   Created build cantrips: 100 cards
[2026-08-06T02:49:57.690Z]   Created build counterspells: 100 cards
[2026-08-06T02:49:57.690Z]   Skipping ignored tag: flying
[2026-08-06T02:49:57.690Z] [150/770] The Locust God
[2026-08-06T02:49:57.690Z]   Processing The Locust God (6787 decks)
[2026-08-06T02:49:57.864Z]   Found 6 themes: wheels, tokens, card-draw, combo, spellslinger, burn
[2026-08-06T02:49:58.697Z]   Created build wheels: 100 cards
[2026-08-06T02:49:59.560Z]   Created build tokens: 100 cards
[2026-08-06T02:50:00.426Z]   Created build card-draw: 100 cards
[2026-08-06T02:50:01.296Z]   Created build combo: 100 cards
[2026-08-06T02:50:02.172Z]   Created build spellslinger: 100 cards
[2026-08-06T02:50:03.028Z]   Created build burn: 100 cards
[2026-08-06T02:50:03.028Z] 
[2026-08-06T02:50:03.028Z] Progress: 150 processed, 687 builds, 68700 cards
[2026-08-06T02:50:03.028Z] 
[2026-08-06T02:50:03.028Z] [151/770] Elenda, the Dusk Rose
[2026-08-06T02:50:03.028Z]   Processing Elenda, the Dusk Rose (6786 decks)
[2026-08-06T02:50:03.218Z]   Found 6 themes: aristocrats, vampires, lifegain, tokens, plus-1-plus-1-counters, sacrifice
[2026-08-06T02:50:04.077Z]   Created build aristocrats: 100 cards
[2026-08-06T02:50:04.951Z]   Created build vampires: 100 cards
[2026-08-06T02:50:05.831Z]   Created build lifegain: 100 cards
[2026-08-06T02:50:06.695Z]   Created build tokens: 100 cards
[2026-08-06T02:50:07.579Z]   Created build plus-1-plus-1-counters: 100 cards
[2026-08-06T02:50:08.412Z]   Created build sacrifice: 100 cards
[2026-08-06T02:50:08.412Z] [152/770] Ognis, the Dragon's Lash
[2026-08-06T02:50:08.412Z]   Processing Ognis, the Dragon's Lash (6765 decks)
[2026-08-06T02:50:08.590Z]   Found 5 themes: treasure, aggro, haste, tokens, artifacts
[2026-08-06T02:50:09.455Z]   Created build treasure: 100 cards
[2026-08-06T02:50:10.304Z]   Created build aggro: 100 cards
[2026-08-06T02:50:10.304Z]   Skipping ignored tag: haste
[2026-08-06T02:50:11.143Z]   Created build tokens: 100 cards
[2026-08-06T02:50:12.004Z]   Created build artifacts: 100 cards
[2026-08-06T02:50:12.004Z] [153/770] Juri, Master of the Revue
[2026-08-06T02:50:12.004Z]   Processing Juri, Master of the Revue (6761 decks)
[2026-08-06T02:50:12.218Z]   Found 6 themes: treasure, sacrifice, aristocrats, plus-1-plus-1-counters, tokens, burn
[2026-08-06T02:50:13.056Z]   Created build treasure: 100 cards
[2026-08-06T02:50:13.906Z]   Created build sacrifice: 100 cards
[2026-08-06T02:50:14.830Z]   Created build aristocrats: 100 cards
[2026-08-06T02:50:15.663Z]   Created build plus-1-plus-1-counters: 100 cards
[2026-08-06T02:50:16.505Z]   Created build tokens: 100 cards
[2026-08-06T02:50:17.435Z]   Created build burn: 100 cards
[2026-08-06T02:50:17.435Z] [154/770] Zimone and Dina
[2026-08-06T02:50:17.435Z]   Processing Zimone and Dina (6755 decks)
[2026-08-06T02:50:17.624Z]   Found 9 themes: lands-matter, landfall, aristocrats, tokens, ramp, combo, card-draw, sacrifice, wheels
[2026-08-06T02:50:18.468Z]   Created build lands-matter: 100 cards
[2026-08-06T02:50:19.340Z]   Created build landfall: 100 cards
[2026-08-06T02:50:20.215Z]   Created build aristocrats: 100 cards
[2026-08-06T02:50:21.096Z]   Created build tokens: 100 cards
[2026-08-06T02:50:21.969Z]   Created build ramp: 100 cards
[2026-08-06T02:50:22.836Z]   Created build combo: 100 cards
[2026-08-06T02:50:24.046Z]   Created build card-draw: 100 cards
[2026-08-06T02:50:24.904Z]   Created build sacrifice: 100 cards
[2026-08-06T02:50:25.798Z]   Created build wheels: 100 cards
[2026-08-06T02:50:25.798Z] [155/770] Jasmine Boreal of the Seven
[2026-08-06T02:50:25.798Z]   Processing Jasmine Boreal of the Seven (6743 decks)
[2026-08-06T02:50:25.994Z]   Found 3 themes: power, vanilla, aggro
[2026-08-06T02:50:26.985Z]   Created build power: 100 cards
[2026-08-06T02:50:26.985Z]   Skipping ignored tag: vanilla
[2026-08-06T02:50:27.845Z]   Created build aggro: 100 cards
[2026-08-06T02:50:27.845Z] [156/770] Ardbert, Warrior of Darkness
[2026-08-06T02:50:27.845Z]   Processing Ardbert, Warrior of Darkness (6726 decks)
[2026-08-06T02:50:28.030Z]   Found 4 themes: plus-1-plus-1-counters, legends, aggro, historic
[2026-08-06T02:50:28.858Z]   Created build plus-1-plus-1-counters: 100 cards
[2026-08-06T02:50:29.699Z]   Created build legends: 100 cards
[2026-08-06T02:50:30.568Z]   Created build aggro: 100 cards
[2026-08-06T02:50:31.405Z]   Created build historic: 100 cards
[2026-08-06T02:50:31.405Z] [157/770] Karumonix, the Rat King
[2026-08-06T02:50:31.405Z]   Processing Karumonix, the Rat King (6718 decks)
[2026-08-06T02:50:31.587Z]   Found 4 themes: rats, infect, rat-colony, relentless-rats
[2026-08-06T02:50:32.413Z]   Created build rats: 100 cards
[2026-08-06T02:50:33.261Z]   Created build infect: 100 cards
[2026-08-06T02:50:34.094Z]   Created build rat-colony: 100 cards
[2026-08-06T02:50:35.044Z]   Created build relentless-rats: 100 cards
[2026-08-06T02:50:35.044Z] [158/770] Imodane, the Pyrohammer
[2026-08-06T02:50:35.044Z]   Processing Imodane, the Pyrohammer (6714 decks)
[2026-08-06T02:50:35.229Z]   Found 2 themes: burn, spellslinger
[2026-08-06T02:50:36.076Z]   Created build burn: 100 cards
[2026-08-06T02:50:36.923Z]   Created build spellslinger: 100 cards
[2026-08-06T02:50:36.923Z] [159/770] Duskana, the Rage Mother
[2026-08-06T02:50:36.923Z]   Processing Duskana, the Rage Mother (6709 decks)
[2026-08-06T02:50:37.094Z]   Found 2 themes: bears, aggro
[2026-08-06T02:50:37.952Z]   Created build bears: 100 cards
[2026-08-06T02:50:38.748Z]   Created build aggro: 100 cards
[2026-08-06T02:50:38.748Z] [160/770] Marisi, Breaker of the Coil
[2026-08-06T02:50:38.748Z]   Processing Marisi, Breaker of the Coil (6702 decks)
[2026-08-06T02:50:38.930Z]   Found 3 themes: forced-combat, aggro, cats
[2026-08-06T02:50:39.782Z]   Created build forced-combat: 100 cards
[2026-08-06T02:50:40.588Z]   Created build aggro: 100 cards
[2026-08-06T02:50:41.401Z]   Created build cats: 100 cards
[2026-08-06T02:50:41.401Z] [161/770] Ivy, Gleeful Spellthief
[2026-08-06T02:50:41.401Z]   Processing Ivy, Gleeful Spellthief (6696 decks)
[2026-08-06T02:50:41.585Z]   Found 7 themes: auras, mutate, clones, enchantress, voltron, cantrips, spell-copy
[2026-08-06T02:50:42.383Z]   Created build auras: 100 cards
[2026-08-06T02:50:43.270Z]   Created build mutate: 100 cards
[2026-08-06T02:50:44.095Z]   Created build clones: 100 cards
[2026-08-06T02:50:44.951Z]   Created build enchantress: 100 cards
[2026-08-06T02:50:45.799Z]   Created build voltron: 100 cards
[2026-08-06T02:50:46.618Z]   Created build cantrips: 100 cards
[2026-08-06T02:50:47.443Z]   Created build spell-copy: 100 cards
[2026-08-06T02:50:47.443Z] [162/770] Don Andres, the Renegade
[2026-08-06T02:50:47.443Z]   Processing Don Andres, the Renegade (6678 decks)
[2026-08-06T02:50:47.640Z]   Found 4 themes: theft, treasure, pirates, exile
[2026-08-06T02:50:48.475Z]   Created build theft: 100 cards
[2026-08-06T02:50:49.286Z]   Created build treasure: 100 cards
[2026-08-06T02:50:50.097Z]   Created build pirates: 100 cards
[2026-08-06T02:50:50.899Z]   Created build exile: 100 cards
[2026-08-06T02:50:50.899Z] [163/770] Zethi, Arcane Blademaster
[2026-08-06T02:50:50.899Z]   Processing Zethi, Arcane Blademaster (6676 decks)
[2026-08-06T02:50:51.067Z]   Found 5 themes: spellslinger, control, cantrips, voltron, tokens
[2026-08-06T02:50:51.952Z]   Created build spellslinger: 100 cards
[2026-08-06T02:50:52.803Z]   Created build control: 100 cards
[2026-08-06T02:50:53.702Z]   Created build cantrips: 100 cards
[2026-08-06T02:50:54.551Z]   Created build voltron: 100 cards
[2026-08-06T02:50:55.424Z]   Created build tokens: 100 cards
[2026-08-06T02:50:55.424Z] [164/770] Ruric Thar, the Unbowed
[2026-08-06T02:50:55.424Z]   Processing Ruric Thar, the Unbowed (6651 decks)
[2026-08-06T02:50:55.595Z]   Found 4 themes: aggro, primal-surge, burn, stax
[2026-08-06T02:50:56.504Z]   Created build aggro: 100 cards
[2026-08-06T02:50:57.428Z]   Created build primal-surge: 100 cards
[2026-08-06T02:50:58.289Z]   Created build burn: 100 cards
[2026-08-06T02:50:59.205Z]   Created build stax: 100 cards
[2026-08-06T02:50:59.205Z] [165/770] Dr. Madison Li
[2026-08-06T02:50:59.205Z]   Processing Dr. Madison Li (6639 decks)
[2026-08-06T02:50:59.393Z]   Found 2 themes: energy, artifacts
[2026-08-06T02:51:00.172Z]   Created build energy: 100 cards
[2026-08-06T02:51:00.984Z]   Created build artifacts: 100 cards
[2026-08-06T02:51:00.984Z] [166/770] Brudiclad, Telchor Engineer
[2026-08-06T02:51:00.984Z]   Processing Brudiclad, Telchor Engineer (6634 decks)
[2026-08-06T02:51:01.164Z]   Found 4 themes: tokens, artifacts, clones, treasure
[2026-08-06T02:51:02.027Z]   Created build tokens: 100 cards
[2026-08-06T02:51:02.837Z]   Created build artifacts: 100 cards
[2026-08-06T02:51:03.682Z]   Created build clones: 100 cards
[2026-08-06T02:51:04.550Z]   Created build treasure: 100 cards
[2026-08-06T02:51:04.550Z] [167/770] Jenova, Ancient Calamity
[2026-08-06T02:51:04.550Z]   Processing Jenova, Ancient Calamity (6607 decks)
[2026-08-06T02:51:04.744Z]   Found 4 themes: plus-1-plus-1-counters, aristocrats, mutants, sacrifice
[2026-08-06T02:51:05.622Z]   Created build plus-1-plus-1-counters: 100 cards
[2026-08-06T02:51:06.503Z]   Created build aristocrats: 100 cards
[2026-08-06T02:51:06.503Z]   Skipping ignored tag: mutants
[2026-08-06T02:51:07.370Z]   Created build sacrifice: 100 cards
[2026-08-06T02:51:07.370Z] [168/770] Narci, Fable Singer
[2026-08-06T02:51:07.370Z]   Processing Narci, Fable Singer (6590 decks)
[2026-08-06T02:51:07.550Z]   Found 2 themes: sagas, enchantress
[2026-08-06T02:51:08.390Z]   Created build sagas: 100 cards
[2026-08-06T02:51:09.201Z]   Created build enchantress: 100 cards
[2026-08-06T02:51:09.202Z] [169/770] Karador, Ghost Chieftain
[2026-08-06T02:51:09.202Z]   Processing Karador, Ghost Chieftain (6564 decks)
[2026-08-06T02:51:09.390Z]   Found 10 themes: reanimator, graveyard, birthing-pod, dredge, aristocrats, combo, mill, self-mill, toolbox, midrange
[2026-08-06T02:51:10.251Z]   Created build reanimator: 100 cards
[2026-08-06T02:51:11.093Z]   Created build graveyard: 100 cards
[2026-08-06T02:51:11.970Z]   Created build birthing-pod: 100 cards
[2026-08-06T02:51:12.807Z]   Created build dredge: 100 cards
[2026-08-06T02:51:13.669Z]   Created build aristocrats: 100 cards
[2026-08-06T02:51:14.529Z]   Created build combo: 100 cards
[2026-08-06T02:51:15.354Z]   Created build mill: 100 cards
[2026-08-06T02:51:16.176Z]   Created build self-mill: 100 cards
[2026-08-06T02:51:17.000Z]   Created build toolbox: 100 cards
[2026-08-06T02:51:17.000Z]   Skipping ignored tag: midrange
[2026-08-06T02:51:17.000Z] [170/770] Magar of the Magic Strings
[2026-08-06T02:51:17.000Z]   Processing Magar of the Magic Strings (6561 decks)
[2026-08-06T02:51:17.160Z]   Found 4 themes: spellslinger, treasure, reanimator, discard
[2026-08-06T02:51:17.962Z]   Created build spellslinger: 100 cards
[2026-08-06T02:51:18.780Z]   Created build treasure: 100 cards
[2026-08-06T02:51:19.608Z]   Created build reanimator: 100 cards
[2026-08-06T02:51:20.439Z]   Created build discard: 100 cards
[2026-08-06T02:51:20.439Z] [171/770] Abaddon the Despoiler
[2026-08-06T02:51:20.439Z]   Processing Abaddon the Despoiler (6541 decks)
[2026-08-06T02:51:20.622Z]   Found 4 themes: cascade, chaos, burn, spellslinger
[2026-08-06T02:51:21.440Z]   Created build cascade: 100 cards
[2026-08-06T02:51:22.272Z]   Created build chaos: 100 cards
[2026-08-06T02:51:23.117Z]   Created build burn: 100 cards
[2026-08-06T02:51:23.973Z]   Created build spellslinger: 100 cards
[2026-08-06T02:51:23.973Z] [172/770] Marchesa, Dealer of Death
[2026-08-06T02:51:23.973Z]   Processing Marchesa, Dealer of Death (6537 decks)
[2026-08-06T02:51:24.146Z]   Found 4 themes: control, reanimator, spellslinger, crime
[2026-08-06T02:51:24.999Z]   Created build control: 100 cards
[2026-08-06T02:51:25.805Z]   Created build reanimator: 100 cards
[2026-08-06T02:51:26.634Z]   Created build spellslinger: 100 cards
[2026-08-06T02:51:27.471Z]   Created build crime: 100 cards
[2026-08-06T02:51:27.471Z] [173/770] Wayta, Trainer Prodigy
[2026-08-06T02:51:27.471Z]   Processing Wayta, Trainer Prodigy (6534 decks)
[2026-08-06T02:51:27.666Z]   Found 5 themes: dinosaurs, enrage, fight, burn, combo
[2026-08-06T02:51:28.518Z]   Created build dinosaurs: 100 cards
[2026-08-06T02:51:29.366Z]   Created build enrage: 100 cards
[2026-08-06T02:51:29.366Z]   Skipping ignored tag: fight
[2026-08-06T02:51:30.245Z]   Created build burn: 100 cards
[2026-08-06T02:51:31.112Z]   Created build combo: 100 cards
[2026-08-06T02:51:31.112Z] [174/770] Mr. Foxglove
[2026-08-06T02:51:31.112Z]   Processing Mr. Foxglove (6533 decks)
[2026-08-06T02:51:31.317Z]   Found 2 themes: wheels, card-draw
[2026-08-06T02:51:32.161Z]   Created build wheels: 100 cards
[2026-08-06T02:51:33.051Z]   Created build card-draw: 100 cards
[2026-08-06T02:51:33.051Z] [175/770] Greasefang, Okiba Boss
[2026-08-06T02:51:33.051Z]   Processing Greasefang, Okiba Boss (6502 decks)
[2026-08-06T02:51:33.241Z]   Found 6 themes: vehicles, reanimator, artifacts, discard, aggro, graveyard
[2026-08-06T02:51:34.091Z]   Created build vehicles: 100 cards
[2026-08-06T02:51:34.935Z]   Created build reanimator: 100 cards
[2026-08-06T02:51:35.763Z]   Created build artifacts: 100 cards
[2026-08-06T02:51:36.570Z]   Created build discard: 100 cards
[2026-08-06T02:51:37.386Z]   Created build aggro: 100 cards
[2026-08-06T02:51:38.229Z]   Created build graveyard: 100 cards
[2026-08-06T02:51:38.229Z] [176/770] Zur, Eternal Schemer
[2026-08-06T02:51:38.229Z]   Processing Zur, Eternal Schemer (6502 decks)
[2026-08-06T02:51:38.414Z]   Found 2 themes: enchantress, lifegain
[2026-08-06T02:51:39.268Z]   Created build enchantress: 100 cards
[2026-08-06T02:51:40.415Z]   Created build lifegain: 100 cards
[2026-08-06T02:51:40.415Z] [177/770] Emry, Lurker of the Loch
[2026-08-06T02:51:40.415Z]   Processing Emry, Lurker of the Loch (6501 decks)
[2026-08-06T02:51:40.588Z]   Found 5 themes: artifacts, combo, mill, storm, affinity
[2026-08-06T02:51:41.448Z]   Created build artifacts: 100 cards
[2026-08-06T02:51:42.275Z]   Created build combo: 100 cards
[2026-08-06T02:51:43.097Z]   Created build mill: 100 cards
[2026-08-06T02:51:43.939Z]   Created build storm: 100 cards
[2026-08-06T02:51:44.799Z]   Created build affinity: 100 cards
[2026-08-06T02:51:44.799Z] [178/770] Kambal, Profiteering Mayor
[2026-08-06T02:51:44.799Z]   Processing Kambal, Profiteering Mayor (6482 decks)
[2026-08-06T02:51:44.983Z]   Found 4 themes: tokens, aristocrats, lifegain, lifedrain
[2026-08-06T02:51:45.892Z]   Created build tokens: 100 cards
[2026-08-06T02:51:46.753Z]   Created build aristocrats: 100 cards
[2026-08-06T02:51:47.632Z]   Created build lifegain: 100 cards
[2026-08-06T02:51:48.478Z]   Created build lifedrain: 100 cards
[2026-08-06T02:51:48.478Z] [179/770] Hei Bai, Forest Guardian
[2026-08-06T02:51:48.478Z]   Processing Hei Bai, Forest Guardian (6479 decks)
[2026-08-06T02:51:48.657Z]   Found 3 themes: enchantress, shrines, blink
[2026-08-06T02:51:49.513Z]   Created build enchantress: 100 cards
[2026-08-06T02:51:50.321Z]   Created build shrines: 100 cards
[2026-08-06T02:51:51.116Z]   Created build blink: 100 cards
[2026-08-06T02:51:51.116Z] [180/770] Delney, Streetwise Lookout
[2026-08-06T02:51:51.116Z]   Processing Delney, Streetwise Lookout (6473 decks)
[2026-08-06T02:51:51.290Z]   Found 4 themes: tokens, blink, cantrips, lifegain
[2026-08-06T02:51:52.148Z]   Created build tokens: 100 cards
[2026-08-06T02:51:52.943Z]   Created build blink: 100 cards
[2026-08-06T02:51:53.764Z]   Created build cantrips: 100 cards
[2026-08-06T02:51:54.559Z]   Created build lifegain: 100 cards
[2026-08-06T02:51:54.559Z] [181/770] Karametra, God of Harvests
[2026-08-06T02:51:54.559Z]   Processing Karametra, God of Harvests (6459 decks)
[2026-08-06T02:51:54.734Z]   Found 5 themes: landfall, lands-matter, ramp, tokens, enchantress
[2026-08-06T02:51:55.567Z]   Created build landfall: 100 cards
[2026-08-06T02:51:56.437Z]   Created build lands-matter: 100 cards
[2026-08-06T02:51:57.288Z]   Created build ramp: 100 cards
[2026-08-06T02:51:58.103Z]   Created build tokens: 100 cards
[2026-08-06T02:51:58.930Z]   Created build enchantress: 100 cards
[2026-08-06T02:51:58.930Z] [182/770] Tasigur, the Golden Fang
[2026-08-06T02:51:58.930Z]   Processing Tasigur, the Golden Fang (6452 decks)
[2026-08-06T02:51:59.117Z]   Found 8 themes: birthing-pod, combo, control, mill, cedh, reanimator, midrange, self-mill
[2026-08-06T02:52:00.002Z]   Created build birthing-pod: 100 cards
[2026-08-06T02:52:00.861Z]   Created build combo: 100 cards
[2026-08-06T02:52:01.749Z]   Created build control: 100 cards
[2026-08-06T02:52:02.639Z]   Created build mill: 100 cards
[2026-08-06T02:52:02.639Z]   Skipping ignored tag: cedh
[2026-08-06T02:52:03.476Z]   Created build reanimator: 100 cards
[2026-08-06T02:52:03.476Z]   Skipping ignored tag: midrange
[2026-08-06T02:52:04.340Z]   Created build self-mill: 100 cards
[2026-08-06T02:52:04.340Z] [183/770] Nelly Borca, Impulsive Accuser
[2026-08-06T02:52:04.340Z]   Processing Nelly Borca, Impulsive Accuser (6395 decks)
[2026-08-06T02:52:04.510Z]   Found 4 themes: forced-combat, pillow-fort, aikido, control
[2026-08-06T02:52:05.381Z]   Created build forced-combat: 100 cards
[2026-08-06T02:52:06.197Z]   Created build pillow-fort: 100 cards
[2026-08-06T02:52:07.125Z]   Created build aikido: 100 cards
[2026-08-06T02:52:07.948Z]   Created build control: 100 cards
[2026-08-06T02:52:07.949Z] [184/770] Riku of Many Paths
[2026-08-06T02:52:07.949Z]   Processing Riku of Many Paths (6376 decks)
[2026-08-06T02:52:08.132Z]   Found 2 themes: spellslinger, tokens
[2026-08-06T02:52:08.944Z]   Created build spellslinger: 100 cards
[2026-08-06T02:52:09.758Z]   Created build tokens: 100 cards
[2026-08-06T02:52:09.758Z] [185/770] Eshki Dragonclaw
[2026-08-06T02:52:09.758Z]   Processing Eshki Dragonclaw (6314 decks)
[2026-08-06T02:52:09.920Z]   Found 6 themes: plus-1-plus-1-counters, voltron, spellslinger, aggro, adventures, extra-combats
[2026-08-06T02:52:10.736Z]   Created build plus-1-plus-1-counters: 100 cards
[2026-08-06T02:52:11.566Z]   Created build voltron: 100 cards
[2026-08-06T02:52:12.413Z]   Created build spellslinger: 100 cards
[2026-08-06T02:52:13.248Z]   Created build aggro: 100 cards
[2026-08-06T02:52:13.248Z]   Skipping ignored tag: adventures
[2026-08-06T02:52:14.083Z]   Created build extra-combats: 100 cards
[2026-08-06T02:52:14.083Z] [186/770] Slimefoot, the Stowaway
[2026-08-06T02:52:14.083Z]   Processing Slimefoot, the Stowaway (6294 decks)
[2026-08-06T02:52:14.254Z]   Found 6 themes: saprolings, tokens, aristocrats, fungi, sacrifice, combo
[2026-08-06T02:52:15.061Z]   Created build saprolings: 100 cards
[2026-08-06T02:52:15.902Z]   Created build tokens: 100 cards
[2026-08-06T02:52:16.792Z]   Created build aristocrats: 100 cards
[2026-08-06T02:52:17.661Z]   Created build fungi: 100 cards
[2026-08-06T02:52:18.481Z]   Created build sacrifice: 100 cards
[2026-08-06T02:52:19.362Z]   Created build combo: 100 cards
[2026-08-06T02:52:19.362Z] [187/770] Minn, Wily Illusionist
[2026-08-06T02:52:19.362Z]   Processing Minn, Wily Illusionist (6285 decks)
[2026-08-06T02:52:19.550Z]   Found 5 themes: wheels, illusions, card-draw, tokens, cantrips
[2026-08-06T02:52:20.380Z]   Created build wheels: 100 cards
[2026-08-06T02:52:20.380Z]   Skipping ignored tag: illusions
[2026-08-06T02:52:21.194Z]   Created build card-draw: 100 cards
[2026-08-06T02:52:22.043Z]   Created build tokens: 100 cards
[2026-08-06T02:52:22.880Z]   Created build cantrips: 100 cards
[2026-08-06T02:52:22.880Z] [188/770] Anhelo, the Painter
[2026-08-06T02:52:22.880Z]   Processing Anhelo, the Painter (6285 decks)
[2026-08-06T02:52:23.054Z]   Found 5 themes: spellslinger, spell-copy, tokens, aristocrats, treasure
[2026-08-06T02:52:23.910Z]   Created build spellslinger: 100 cards
[2026-08-06T02:52:24.765Z]   Created build spell-copy: 100 cards
[2026-08-06T02:52:25.612Z]   Created build tokens: 100 cards
[2026-08-06T02:52:26.457Z]   Created build aristocrats: 100 cards
[2026-08-06T02:52:27.346Z]   Created build treasure: 100 cards
[2026-08-06T02:52:27.346Z] [189/770] Aragorn, King of Gondor
[2026-08-06T02:52:27.346Z]   Processing Aragorn, King of Gondor (6274 decks)
[2026-08-06T02:52:27.569Z]   Found 4 themes: monarch, humans, aggro, tokens
[2026-08-06T02:52:28.447Z]   Created build monarch: 100 cards
[2026-08-06T02:52:29.319Z]   Created build humans: 100 cards
[2026-08-06T02:52:30.190Z]   Created build aggro: 100 cards
[2026-08-06T02:52:31.045Z]   Created build tokens: 100 cards
[2026-08-06T02:52:31.045Z] [190/770] Karn, Legacy Reforged
[2026-08-06T02:52:31.045Z]   Processing Karn, Legacy Reforged (6269 decks)
[2026-08-06T02:52:31.235Z]   Found 2 themes: artifacts, combo
[2026-08-06T02:52:32.060Z]   Created build artifacts: 100 cards
[2026-08-06T02:52:32.875Z]   Created build combo: 100 cards
[2026-08-06T02:52:32.875Z] [191/770] Aeve, Progenitor Ooze
[2026-08-06T02:52:32.875Z]   Processing Aeve, Progenitor Ooze (6260 decks)
[2026-08-06T02:52:33.045Z]   Found 5 themes: oozes, plus-1-plus-1-counters, storm, tokens, slime-against-humanity
[2026-08-06T02:52:33.045Z]   Skipping ignored tag: oozes
[2026-08-06T02:52:33.825Z]   Created build plus-1-plus-1-counters: 100 cards
[2026-08-06T02:52:34.658Z]   Created build storm: 100 cards
[2026-08-06T02:52:35.452Z]   Created build tokens: 100 cards
[2026-08-06T02:52:36.233Z]   Created build slime-against-humanity: 100 cards
[2026-08-06T02:52:36.233Z] [192/770] Selvala, Heart of the Wilds
[2026-08-06T02:52:36.233Z]   Processing Selvala, Heart of the Wilds (6235 decks)
[2026-08-06T02:52:36.418Z]   Found 4 themes: ramp, combo, stompy, cedh
[2026-08-06T02:52:37.258Z]   Created build ramp: 100 cards
[2026-08-06T02:52:38.096Z]   Created build combo: 100 cards
[2026-08-06T02:52:38.911Z]   Created build stompy: 100 cards
[2026-08-06T02:52:38.911Z]   Skipping ignored tag: cedh
[2026-08-06T02:52:38.911Z] [193/770] Narset, Enlightened Master
[2026-08-06T02:52:38.911Z]   Processing Narset, Enlightened Master (6231 decks)
[2026-08-06T02:52:39.103Z]   Found 6 themes: extra-turns, planeswalkers, extra-combats, voltron, spellslinger, combo
[2026-08-06T02:52:39.983Z]   Created build extra-turns: 100 cards
[2026-08-06T02:52:40.861Z]   Created build planeswalkers: 100 cards
[2026-08-06T02:52:41.699Z]   Created build extra-combats: 100 cards
[2026-08-06T02:52:42.537Z]   Created build voltron: 100 cards
[2026-08-06T02:52:43.416Z]   Created build spellslinger: 100 cards
[2026-08-06T02:52:44.268Z]   Created build combo: 100 cards
[2026-08-06T02:52:44.268Z] [194/770] Nine-Fingers Keene
[2026-08-06T02:52:44.268Z]   Processing Nine-Fingers Keene (6220 decks)
[2026-08-06T02:52:44.458Z]   Found 4 themes: lands-matter, guildgates, ramp, landfall
[2026-08-06T02:52:45.323Z]   Created build lands-matter: 100 cards
[2026-08-06T02:52:45.323Z]   Skipping ignored tag: guildgates
[2026-08-06T02:52:46.209Z]   Created build ramp: 100 cards
[2026-08-06T02:52:47.153Z]   Created build landfall: 100 cards
[2026-08-06T02:52:47.153Z] [195/770] Camellia, the Seedmiser
[2026-08-06T02:52:47.153Z]   Processing Camellia, the Seedmiser (6201 decks)
[2026-08-06T02:52:47.331Z]   Found 6 themes: sacrifice, tokens, squirrels, food, plus-1-plus-1-counters, aristocrats
[2026-08-06T02:52:48.197Z]   Created build sacrifice: 100 cards
[2026-08-06T02:52:49.018Z]   Created build tokens: 100 cards
[2026-08-06T02:52:49.816Z]   Created build squirrels: 100 cards
[2026-08-06T02:52:50.664Z]   Created build food: 100 cards
[2026-08-06T02:52:51.485Z]   Created build plus-1-plus-1-counters: 100 cards
[2026-08-06T02:52:52.298Z]   Created build aristocrats: 100 cards
[2026-08-06T02:52:52.298Z] [196/770] Raph & Mikey, Troublemakers
[2026-08-06T02:52:52.298Z]   Processing Raph & Mikey, Troublemakers (6183 decks)
[2026-08-06T02:52:52.473Z]   Found 3 themes: aggro, extra-combats, ramp
[2026-08-06T02:52:53.365Z]   Created build aggro: 100 cards
[2026-08-06T02:52:54.254Z]   Created build extra-combats: 100 cards
[2026-08-06T02:52:55.115Z]   Created build ramp: 100 cards
[2026-08-06T02:52:55.115Z] [197/770] Felothar, Dawn of the Abzan
[2026-08-06T02:52:55.115Z]   Processing Felothar, Dawn of the Abzan (6161 decks)
[2026-08-06T02:52:55.297Z]   Found 5 themes: plus-1-plus-1-counters, tokens, aristocrats, aggro, sacrifice
[2026-08-06T02:52:56.120Z]   Created build plus-1-plus-1-counters: 100 cards
[2026-08-06T02:52:57.000Z]   Created build tokens: 100 cards
[2026-08-06T02:52:57.932Z]   Created build aristocrats: 100 cards
[2026-08-06T02:52:58.883Z]   Created build aggro: 100 cards
[2026-08-06T02:52:59.746Z]   Created build sacrifice: 100 cards
[2026-08-06T02:52:59.746Z] [198/770] Ratadrabik of Urborg
[2026-08-06T02:52:59.746Z]   Processing Ratadrabik of Urborg (6156 decks)
[2026-08-06T02:52:59.950Z]   Found 6 themes: legends, aristocrats, tokens, reanimator, combo, sacrifice
[2026-08-06T02:53:00.782Z]   Created build legends: 100 cards
[2026-08-06T02:53:01.587Z]   Created build aristocrats: 100 cards
[2026-08-06T02:53:02.403Z]   Created build tokens: 100 cards
[2026-08-06T02:53:03.268Z]   Created build reanimator: 100 cards
[2026-08-06T02:53:04.107Z]   Created build combo: 100 cards
[2026-08-06T02:53:04.953Z]   Created build sacrifice: 100 cards
[2026-08-06T02:53:04.953Z] [199/770] Jaws, Relentless Predator
[2026-08-06T02:53:04.953Z]   Processing Jaws, Relentless Predator (6094 decks)
[2026-08-06T02:53:05.127Z]   Found 5 themes: artifacts, burn, tokens, aggro, treasure
[2026-08-06T02:53:05.974Z]   Created build artifacts: 100 cards
[2026-08-06T02:53:06.880Z]   Created build burn: 100 cards
[2026-08-06T02:53:07.692Z]   Created build tokens: 100 cards
[2026-08-06T02:53:08.556Z]   Created build aggro: 100 cards
[2026-08-06T02:53:09.406Z]   Created build treasure: 100 cards
[2026-08-06T02:53:09.407Z] [200/770] Teval, Arbiter of Virtue
[2026-08-06T02:53:09.407Z]   Processing Teval, Arbiter of Virtue (6085 decks)
[2026-08-06T02:53:09.577Z]   Found 8 themes: delver, mill, self-mill, reanimator, dredge, graveyard, self-damage, combo
[2026-08-06T02:53:10.481Z]   Created build delver: 100 cards
[2026-08-06T02:53:11.319Z]   Created build mill: 100 cards
[2026-08-06T02:53:12.190Z]   Created build self-mill: 100 cards
[2026-08-06T02:53:13.031Z]   Created build reanimator: 100 cards
[2026-08-06T02:53:13.864Z]   Created build dredge: 100 cards
[2026-08-06T02:53:14.705Z]   Created build graveyard: 100 cards
[2026-08-06T02:53:15.547Z]   Created build self-damage: 100 cards
[2026-08-06T02:53:16.377Z]   Created build combo: 100 cards
[2026-08-06T02:53:16.377Z] 
[2026-08-06T02:53:16.377Z] Progress: 200 processed, 903 builds, 90300 cards
[2026-08-06T02:53:16.377Z] 
[2026-08-06T02:53:16.377Z] [201/770] The Unbeatable Squirrel Girl
[2026-08-06T02:53:16.377Z]   Processing The Unbeatable Squirrel Girl (6077 decks)
[2026-08-06T02:53:16.560Z]   Found 3 themes: tokens, squirrels, combo
[2026-08-06T02:53:17.495Z]   Created build tokens: 100 cards
[2026-08-06T02:53:18.349Z]   Created build squirrels: 100 cards
[2026-08-06T02:53:19.268Z]   Created build combo: 100 cards
[2026-08-06T02:53:19.268Z] [202/770] Kelsien, the Plague
[2026-08-06T02:53:19.268Z]   Processing Kelsien, the Plague (6072 decks)
[2026-08-06T02:53:19.457Z]   Found 6 themes: equipment, deathtouch, voltron, experience-counters, control, pingers
[2026-08-06T02:53:20.365Z]   Created build equipment: 100 cards
[2026-08-06T02:53:20.365Z]   Skipping ignored tag: deathtouch
[2026-08-06T02:53:21.197Z]   Created build voltron: 100 cards
[2026-08-06T02:53:22.086Z]   Created build experience-counters: 100 cards
[2026-08-06T02:53:22.970Z]   Created build control: 100 cards
[2026-08-06T02:53:23.845Z]   Created build pingers: 100 cards
[2026-08-06T02:53:23.845Z] [203/770] Felix Five-Boots
[2026-08-06T02:53:23.845Z]   Processing Felix Five-Boots (6071 decks)
[2026-08-06T02:53:24.034Z]   Found 4 themes: ninjutsu, wheels, aggro, equipment
[2026-08-06T02:53:24.898Z]   Created build ninjutsu: 100 cards
[2026-08-06T02:53:25.830Z]   Created build wheels: 100 cards
[2026-08-06T02:53:26.732Z]   Created build aggro: 100 cards
[2026-08-06T02:53:27.689Z]   Created build equipment: 100 cards
[2026-08-06T02:53:27.689Z] [204/770] Arthur, Marigold Knight
[2026-08-06T02:53:27.689Z]   Processing Arthur, Marigold Knight (6055 decks)
[2026-08-06T02:53:27.865Z]   Found 3 themes: blink, aggro, etb
[2026-08-06T02:53:28.741Z]   Created build blink: 100 cards
[2026-08-06T02:53:29.578Z]   Created build aggro: 100 cards
[2026-08-06T02:53:30.418Z]   Created build etb: 100 cards
[2026-08-06T02:53:30.418Z] [205/770] Massacre Girl, Known Killer
[2026-08-06T02:53:30.418Z]   Processing Massacre Girl, Known Killer (6042 decks)
[2026-08-06T02:53:30.603Z]   Found 2 themes: minus-1-minus-1-counters, control
[2026-08-06T02:53:31.422Z]   Created build minus-1-minus-1-counters: 100 cards
[2026-08-06T02:53:32.288Z]   Created build control: 100 cards
[2026-08-06T02:53:32.288Z] [206/770] Sin, Spira's Punishment
[2026-08-06T02:53:32.288Z]   Processing Sin, Spira's Punishment (6002 decks)
[2026-08-06T02:53:32.496Z]   Found 7 themes: reanimator, lands-matter, mill, self-mill, tokens, graveyard, ramp
[2026-08-06T02:53:33.369Z]   Created build reanimator: 100 cards
[2026-08-06T02:53:34.291Z]   Created build lands-matter: 100 cards
[2026-08-06T02:53:35.182Z]   Created build mill: 100 cards
[2026-08-06T02:53:36.107Z]   Created build self-mill: 100 cards
[2026-08-06T02:53:36.994Z]   Created build tokens: 100 cards
[2026-08-06T02:53:37.845Z]   Created build graveyard: 100 cards
[2026-08-06T02:53:38.688Z]   Created build ramp: 100 cards
[2026-08-06T02:53:38.688Z] [207/770] Anzrag, the Quake-Mole
[2026-08-06T02:53:38.688Z]   Processing Anzrag, the Quake-Mole (6000 decks)
[2026-08-06T02:53:38.902Z]   Found 3 themes: extra-combats, aggro, voltron
[2026-08-06T02:53:39.782Z]   Created build extra-combats: 100 cards
[2026-08-06T02:53:40.651Z]   Created build aggro: 100 cards
[2026-08-06T02:53:41.500Z]   Created build voltron: 100 cards
[2026-08-06T02:53:41.500Z] [208/770] Yusri, Fortune's Flame
[2026-08-06T02:53:41.500Z]   Processing Yusri, Fortune's Flame (5999 decks)
[2026-08-06T02:53:41.703Z]   Found 3 themes: chaos, coin-flip, spellslinger
[2026-08-06T02:53:42.512Z]   Created build chaos: 100 cards
[2026-08-06T02:53:43.377Z]   Created build coin-flip: 100 cards
[2026-08-06T02:53:44.188Z]   Created build spellslinger: 100 cards
[2026-08-06T02:53:44.188Z] [209/770] Syr Konrad, the Grim
[2026-08-06T02:53:44.188Z]   Processing Syr Konrad, the Grim (5959 decks)
[2026-08-06T02:53:44.370Z]   Found 6 themes: mill, aristocrats, reanimator, graveyard, self-mill, combo
[2026-08-06T02:53:45.198Z]   Created build mill: 100 cards
[2026-08-06T02:53:46.032Z]   Created build aristocrats: 100 cards
[2026-08-06T02:53:46.864Z]   Created build reanimator: 100 cards
[2026-08-06T02:53:47.708Z]   Created build graveyard: 100 cards
[2026-08-06T02:53:48.595Z]   Created build self-mill: 100 cards
[2026-08-06T02:53:49.461Z]   Created build combo: 100 cards
[2026-08-06T02:53:49.461Z] [210/770] Hapatra, Vizier of Poisons
[2026-08-06T02:53:49.461Z]   Processing Hapatra, Vizier of Poisons (5931 decks)
[2026-08-06T02:53:49.640Z]   Found 6 themes: minus-1-minus-1-counters, tokens, infect, combo, aristocrats, snakes
[2026-08-06T02:53:50.543Z]   Created build minus-1-minus-1-counters: 100 cards
[2026-08-06T02:53:51.356Z]   Created build tokens: 100 cards
[2026-08-06T02:53:52.185Z]   Created build infect: 100 cards
[2026-08-06T02:53:52.980Z]   Created build combo: 100 cards
[2026-08-06T02:53:53.787Z]   Created build aristocrats: 100 cards
[2026-08-06T02:53:54.606Z]   Created build snakes: 100 cards
[2026-08-06T02:53:54.606Z] [211/770] Trostani, Selesnya's Voice
[2026-08-06T02:53:54.606Z]   Processing Trostani, Selesnya's Voice (5927 decks)
[2026-08-06T02:53:54.789Z]   Found 3 themes: tokens, lifegain, populate
[2026-08-06T02:53:55.611Z]   Created build tokens: 100 cards
[2026-08-06T02:53:56.415Z]   Created build lifegain: 100 cards
[2026-08-06T02:53:57.234Z]   Created build populate: 100 cards
[2026-08-06T02:53:57.234Z] [212/770] Loot, the Pathfinder
[2026-08-06T02:53:57.234Z]   Processing Loot, the Pathfinder (5923 decks)
[2026-08-06T02:53:57.414Z]   Found 4 themes: blink, combo, cedh, midrange
[2026-08-06T02:53:58.273Z]   Created build blink: 100 cards
[2026-08-06T02:53:59.115Z]   Created build combo: 100 cards
[2026-08-06T02:53:59.115Z]   Skipping ignored tag: cedh
[2026-08-06T02:53:59.115Z]   Skipping ignored tag: midrange
[2026-08-06T02:53:59.115Z] [213/770] Magnus the Red
[2026-08-06T02:53:59.115Z]   Processing Magnus the Red (5910 decks)
[2026-08-06T02:53:59.298Z]   Found 4 themes: spellslinger, tokens, x-spells, storm
[2026-08-06T02:54:00.140Z]   Created build spellslinger: 100 cards
[2026-08-06T02:54:00.988Z]   Created build tokens: 100 cards
[2026-08-06T02:54:01.818Z]   Created build x-spells: 100 cards
[2026-08-06T02:54:02.634Z]   Created build storm: 100 cards
[2026-08-06T02:54:02.635Z] [214/770] Anim Pakal, Thousandth Moon
[2026-08-06T02:54:02.635Z]   Processing Anim Pakal, Thousandth Moon (5879 decks)
[2026-08-06T02:54:02.814Z]   Found 5 themes: tokens, plus-1-plus-1-counters, aggro, artifacts, burn
[2026-08-06T02:54:03.659Z]   Created build tokens: 100 cards
[2026-08-06T02:54:04.522Z]   Created build plus-1-plus-1-counters: 100 cards
[2026-08-06T02:54:05.368Z]   Created build aggro: 100 cards
[2026-08-06T02:54:06.232Z]   Created build artifacts: 100 cards
[2026-08-06T02:54:07.041Z]   Created build burn: 100 cards
[2026-08-06T02:54:07.041Z] [215/770] Davros, Dalek Creator
[2026-08-06T02:54:07.041Z]   Processing Davros, Dalek Creator (5875 decks)
[2026-08-06T02:54:07.269Z]   Found 6 themes: artifacts, tokens, daleks, dragons-approach, burn, discard
[2026-08-06T02:54:08.121Z]   Created build artifacts: 100 cards
[2026-08-06T02:54:08.982Z]   Created build tokens: 100 cards
[2026-08-06T02:54:08.982Z]   Skipping ignored tag: daleks
[2026-08-06T02:54:09.837Z]   Created build dragons-approach: 100 cards
[2026-08-06T02:54:10.653Z]   Created build burn: 100 cards
[2026-08-06T02:54:11.527Z]   Created build discard: 100 cards
[2026-08-06T02:54:11.527Z] [216/770] Imoti, Celebrant of Bounty
[2026-08-06T02:54:11.527Z]   Processing Imoti, Celebrant of Bounty (5844 decks)
[2026-08-06T02:54:11.713Z]   Found 3 themes: big-mana, cascade, ramp
[2026-08-06T02:54:12.571Z]   Created build big-mana: 100 cards
[2026-08-06T02:54:13.437Z]   Created build cascade: 100 cards
[2026-08-06T02:54:14.305Z]   Created build ramp: 100 cards
[2026-08-06T02:54:14.306Z] [217/770] Alesha, Who Smiles at Death
[2026-08-06T02:54:14.306Z]   Processing Alesha, Who Smiles at Death (5822 decks)
[2026-08-06T02:54:14.516Z]   Found 4 themes: reanimator, aristocrats, aggro, combo
[2026-08-06T02:54:15.377Z]   Created build reanimator: 100 cards
[2026-08-06T02:54:16.294Z]   Created build aristocrats: 100 cards
[2026-08-06T02:54:17.169Z]   Created build aggro: 100 cards
[2026-08-06T02:54:18.036Z]   Created build combo: 100 cards
[2026-08-06T02:54:18.036Z] [218/770] Mizzix of the Izmagnus
[2026-08-06T02:54:18.036Z]   Processing Mizzix of the Izmagnus (5813 decks)
[2026-08-06T02:54:18.210Z]   Found 6 themes: spellslinger, x-spells, storm, combo, spell-copy, burn
[2026-08-06T02:54:19.059Z]   Created build spellslinger: 100 cards
[2026-08-06T02:54:19.979Z]   Created build x-spells: 100 cards
[2026-08-06T02:54:20.866Z]   Created build storm: 100 cards
[2026-08-06T02:54:21.707Z]   Created build combo: 100 cards
[2026-08-06T02:54:22.619Z]   Created build spell-copy: 100 cards
[2026-08-06T02:54:23.528Z]   Created build burn: 100 cards
[2026-08-06T02:54:23.528Z] [219/770] Uril, the Miststalker
[2026-08-06T02:54:23.528Z]   Processing Uril, the Miststalker (5812 decks)
[2026-08-06T02:54:23.763Z]   Found 3 themes: auras, voltron, enchantress
[2026-08-06T02:54:24.652Z]   Created build auras: 100 cards
[2026-08-06T02:54:25.527Z]   Created build voltron: 100 cards
[2026-08-06T02:54:26.340Z]   Created build enchantress: 100 cards
[2026-08-06T02:54:26.340Z] [220/770] Blim, Comedic Genius
[2026-08-06T02:54:26.340Z]   Processing Blim, Comedic Genius (5810 decks)
[2026-08-06T02:54:26.522Z]   Found 4 themes: donate, chaos, discard, group-slug
[2026-08-06T02:54:27.385Z]   Created build donate: 100 cards
[2026-08-06T02:54:28.254Z]   Created build chaos: 100 cards
[2026-08-06T02:54:29.225Z]   Created build discard: 100 cards
[2026-08-06T02:54:30.112Z]   Created build group-slug: 100 cards
[2026-08-06T02:54:30.112Z] [221/770] Elminster
[2026-08-06T02:54:30.112Z]   Processing Elminster (5805 decks)
[2026-08-06T02:54:30.296Z]   Found 7 themes: topdeck, tokens, scry, control, spellslinger, flying, extra-turns
[2026-08-06T02:54:31.116Z]   Created build topdeck: 100 cards
[2026-08-06T02:54:31.941Z]   Created build tokens: 100 cards
[2026-08-06T02:54:31.941Z]   Skipping ignored tag: scry
[2026-08-06T02:54:32.776Z]   Created build control: 100 cards
[2026-08-06T02:54:33.614Z]   Created build spellslinger: 100 cards
[2026-08-06T02:54:33.614Z]   Skipping ignored tag: flying
[2026-08-06T02:54:34.469Z]   Created build extra-turns: 100 cards
[2026-08-06T02:54:34.469Z] [222/770] Tasha, the Witch Queen
[2026-08-06T02:54:34.469Z]   Processing Tasha, the Witch Queen (5794 decks)
[2026-08-06T02:54:34.646Z]   Found 4 themes: exile, theft, mill, control
[2026-08-06T02:54:35.531Z]   Created build exile: 100 cards
[2026-08-06T02:54:36.378Z]   Created build theft: 100 cards
[2026-08-06T02:54:37.207Z]   Created build mill: 100 cards
[2026-08-06T02:54:38.105Z]   Created build control: 100 cards
[2026-08-06T02:54:38.105Z] [223/770] Gisa, the Hellraiser
[2026-08-06T02:54:38.105Z]   Processing Gisa, the Hellraiser (5787 decks)
[2026-08-06T02:54:38.285Z]   Found 4 themes: zombies, tokens, crime, aristocrats
[2026-08-06T02:54:39.150Z]   Created build zombies: 100 cards
[2026-08-06T02:54:40.020Z]   Created build tokens: 100 cards
[2026-08-06T02:54:40.919Z]   Created build crime: 100 cards
[2026-08-06T02:54:41.829Z]   Created build aristocrats: 100 cards
[2026-08-06T02:54:41.829Z] [224/770] Tatsunari, Toad Rider
[2026-08-06T02:54:41.829Z]   Processing Tatsunari, Toad Rider (5772 decks)
[2026-08-06T02:54:42.007Z]   Found 4 themes: enchantress, auras, mutate, frogs
[2026-08-06T02:54:42.841Z]   Created build enchantress: 100 cards
[2026-08-06T02:54:43.682Z]   Created build auras: 100 cards
[2026-08-06T02:54:44.534Z]   Created build mutate: 100 cards
[2026-08-06T02:54:44.534Z]   Skipping ignored tag: frogs
[2026-08-06T02:54:44.534Z] [225/770] Karlov of the Ghost Council
[2026-08-06T02:54:44.534Z]   Processing Karlov of the Ghost Council (5769 decks)
[2026-08-06T02:54:44.725Z]   Found 3 themes: lifegain, plus-1-plus-1-counters, voltron
[2026-08-06T02:54:45.634Z]   Created build lifegain: 100 cards
[2026-08-06T02:54:46.495Z]   Created build plus-1-plus-1-counters: 100 cards
[2026-08-06T02:54:47.400Z]   Created build voltron: 100 cards
[2026-08-06T02:54:47.400Z] [226/770] Progenitus
[2026-08-06T02:54:47.400Z]   Processing Progenitus (5762 decks)
[2026-08-06T02:54:48.110Z]   Found 3 themes: hydras, plus-1-plus-1-counters, ramp
[2026-08-06T02:54:48.953Z]   Created build hydras: 100 cards
[2026-08-06T02:54:49.788Z]   Created build plus-1-plus-1-counters: 100 cards
[2026-08-06T02:54:50.598Z]   Created build ramp: 100 cards
[2026-08-06T02:54:50.598Z] [227/770] Averna, the Chaos Bloom
[2026-08-06T02:54:50.598Z]   Processing Averna, the Chaos Bloom (5760 decks)
[2026-08-06T02:54:50.791Z]   Found 5 themes: cascade, lands-matter, chaos, landfall, ramp
[2026-08-06T02:54:51.695Z]   Created build cascade: 100 cards
[2026-08-06T02:54:52.552Z]   Created build lands-matter: 100 cards
[2026-08-06T02:54:53.406Z]   Created build chaos: 100 cards
[2026-08-06T02:54:54.254Z]   Created build landfall: 100 cards
[2026-08-06T02:54:55.149Z]   Created build ramp: 100 cards
[2026-08-06T02:54:55.149Z] [228/770] Hamza, Guardian of Arashin
[2026-08-06T02:54:55.149Z]   Processing Hamza, Guardian of Arashin (5754 decks)
[2026-08-06T02:54:55.351Z]   Found 1 themes: plus-1-plus-1-counters
[2026-08-06T02:54:56.231Z]   Created build plus-1-plus-1-counters: 100 cards
[2026-08-06T02:54:56.231Z] [229/770] Olivia, Opulent Outlaw
[2026-08-06T02:54:56.231Z]   Processing Olivia, Opulent Outlaw (5753 decks)
[2026-08-06T02:54:56.423Z]   Found 5 themes: treasure, plus-1-plus-1-counters, outlaws, tokens, aggro
[2026-08-06T02:54:57.289Z]   Created build treasure: 100 cards
[2026-08-06T02:54:58.170Z]   Created build plus-1-plus-1-counters: 100 cards
[2026-08-06T02:54:58.980Z]   Created build outlaws: 100 cards
[2026-08-06T02:54:59.840Z]   Created build tokens: 100 cards
[2026-08-06T02:55:00.675Z]   Created build aggro: 100 cards
[2026-08-06T02:55:00.675Z] [230/770] Arixmethes, Slumbering Isle
[2026-08-06T02:55:00.675Z]   Processing Arixmethes, Slumbering Isle (5750 decks)
[2026-08-06T02:55:00.879Z]   Found 2 themes: sea-creatures, ramp
[2026-08-06T02:55:01.770Z]   Created build sea-creatures: 100 cards
[2026-08-06T02:55:02.648Z]   Created build ramp: 100 cards
[2026-08-06T02:55:02.648Z] [231/770] Jinnie Fay, Jetmir's Second
[2026-08-06T02:55:02.648Z]   Processing Jinnie Fay, Jetmir's Second (5749 decks)
[2026-08-06T02:55:02.838Z]   Found 4 themes: tokens, cats, treasure, aggro
[2026-08-06T02:55:03.717Z]   Created build tokens: 100 cards
[2026-08-06T02:55:04.561Z]   Created build cats: 100 cards
[2026-08-06T02:55:05.399Z]   Created build treasure: 100 cards
[2026-08-06T02:55:06.321Z]   Created build aggro: 100 cards
[2026-08-06T02:55:06.321Z] [232/770] Altaïr Ibn-La'Ahad
[2026-08-06T02:55:06.322Z]   Processing Altaïr Ibn-La'Ahad (5749 decks)
[2026-08-06T02:55:06.496Z]   Found 3 themes: assassins, tokens, aggro
[2026-08-06T02:55:07.348Z]   Created build assassins: 100 cards
[2026-08-06T02:55:08.205Z]   Created build tokens: 100 cards
[2026-08-06T02:55:09.122Z]   Created build aggro: 100 cards
[2026-08-06T02:55:09.122Z] [233/770] Zurgo Helmsmasher
[2026-08-06T02:55:09.122Z]   Processing Zurgo Helmsmasher (5747 decks)
[2026-08-06T02:55:09.316Z]   Found 4 themes: equipment, voltron, aggro, orcs
[2026-08-06T02:55:10.160Z]   Created build equipment: 100 cards
[2026-08-06T02:55:10.997Z]   Created build voltron: 100 cards
[2026-08-06T02:55:11.819Z]   Created build aggro: 100 cards
[2026-08-06T02:55:11.819Z]   Skipping ignored tag: orcs
[2026-08-06T02:55:11.819Z] [234/770] Black Panther, Wakandan King
[2026-08-06T02:55:11.819Z]   Processing Black Panther, Wakandan King (5746 decks)
[2026-08-06T02:55:12.016Z]   Found 3 themes: plus-1-plus-1-counters, tokens, lands-matter
[2026-08-06T02:55:12.847Z]   Created build plus-1-plus-1-counters: 100 cards
[2026-08-06T02:55:13.688Z]   Created build tokens: 100 cards
[2026-08-06T02:55:14.489Z]   Created build lands-matter: 100 cards
[2026-08-06T02:55:14.489Z] [235/770] Amalia Benavides Aguirre
[2026-08-06T02:55:14.489Z]   Processing Amalia Benavides Aguirre (5710 decks)
[2026-08-06T02:55:14.684Z]   Found 5 themes: lifegain, reanimator, aristocrats, plus-1-plus-1-counters, vampires
[2026-08-06T02:55:15.569Z]   Created build lifegain: 100 cards
[2026-08-06T02:55:16.450Z]   Created build reanimator: 100 cards
[2026-08-06T02:55:17.329Z]   Created build aristocrats: 100 cards
[2026-08-06T02:55:18.154Z]   Created build plus-1-plus-1-counters: 100 cards
[2026-08-06T02:55:19.045Z]   Created build vampires: 100 cards
[2026-08-06T02:55:19.045Z] [236/770] Rootha, Mastering the Moment
[2026-08-06T02:55:19.045Z]   Processing Rootha, Mastering the Moment (5688 decks)
[2026-08-06T02:55:19.237Z]   Found 3 themes: spellslinger, tokens, extra-combats
[2026-08-06T02:55:20.118Z]   Created build spellslinger: 100 cards
[2026-08-06T02:55:24.282Z]   Created build tokens: 100 cards
[2026-08-06T02:55:25.421Z]   Created build extra-combats: 100 cards
[2026-08-06T02:55:25.421Z] [237/770] Krark, the Thumbless & Sakashima of a Thousand Faces
[2026-08-06T02:55:25.421Z]   Processing Krark, the Thumbless & Sakashima of a Thousand Faces (5651 decks)
[2026-08-06T02:55:25.620Z]   Found 8 themes: spellslinger, storm, cedh, clones, combo, coin-flip, chaos, spell-copy
[2026-08-06T02:55:26.563Z]   Created build spellslinger: 100 cards
[2026-08-06T02:55:27.612Z]   Created build storm: 100 cards
[2026-08-06T02:55:27.613Z]   Skipping ignored tag: cedh
[2026-08-06T02:55:28.520Z]   Created build clones: 100 cards
[2026-08-06T02:55:29.384Z]   Created build combo: 100 cards
[2026-08-06T02:55:30.324Z]   Created build coin-flip: 100 cards
[2026-08-06T02:55:31.172Z]   Created build chaos: 100 cards
[2026-08-06T02:55:31.994Z]   Created build spell-copy: 100 cards
[2026-08-06T02:55:31.994Z] [238/770] Muerra, Trash Tactician
[2026-08-06T02:55:31.994Z]   Processing Muerra, Trash Tactician (5646 decks)
[2026-08-06T02:55:32.210Z]   Found 2 themes: raccoons, ramp
[2026-08-06T02:55:32.211Z]   Skipping ignored tag: raccoons
[2026-08-06T02:55:33.098Z]   Created build ramp: 100 cards
[2026-08-06T02:55:33.098Z] [239/770] Anje Falkenrath
[2026-08-06T02:55:33.098Z]   Processing Anje Falkenrath (5631 decks)
[2026-08-06T02:55:33.280Z]   Found 5 themes: madness, discard, combo, reanimator, self-discard
[2026-08-06T02:55:34.139Z]   Created build madness: 100 cards
[2026-08-06T02:55:34.996Z]   Created build discard: 100 cards
[2026-08-06T02:55:35.837Z]   Created build combo: 100 cards
[2026-08-06T02:55:36.680Z]   Created build reanimator: 100 cards
[2026-08-06T02:55:37.536Z]   Created build self-discard: 100 cards
[2026-08-06T02:55:37.536Z] [240/770] General Ferrous Rokiric
[2026-08-06T02:55:37.536Z]   Processing General Ferrous Rokiric (5626 decks)
[2026-08-06T02:55:37.736Z]   Found 4 themes: tokens, aggro, multicolor-matters, artifacts
[2026-08-06T02:55:38.602Z]   Created build tokens: 100 cards
[2026-08-06T02:55:39.502Z]   Created build aggro: 100 cards
[2026-08-06T02:55:40.359Z]   Created build multicolor-matters: 100 cards
[2026-08-06T02:55:41.242Z]   Created build artifacts: 100 cards
[2026-08-06T02:55:41.242Z] [241/770] Kenessos, Priest of Thassa
[2026-08-06T02:55:41.242Z]   Processing Kenessos, Priest of Thassa (5622 decks)
[2026-08-06T02:55:41.437Z]   Found 3 themes: topdeck, sea-creatures, scry
[2026-08-06T02:55:42.264Z]   Created build topdeck: 100 cards
[2026-08-06T02:55:43.145Z]   Created build sea-creatures: 100 cards
[2026-08-06T02:55:43.146Z]   Skipping ignored tag: scry
[2026-08-06T02:55:43.146Z] [242/770] Rhys the Redeemed
[2026-08-06T02:55:43.146Z]   Processing Rhys the Redeemed (5612 decks)
[2026-08-06T02:55:43.338Z]   Found 2 themes: tokens, elves
[2026-08-06T02:55:44.219Z]   Created build tokens: 100 cards
[2026-08-06T02:55:45.096Z]   Created build elves: 100 cards
[2026-08-06T02:55:45.096Z] [243/770] Emmara, Soul of the Accord
[2026-08-06T02:55:45.096Z]   Processing Emmara, Soul of the Accord (5594 decks)
[2026-08-06T02:55:45.305Z]   Found 3 themes: tokens, plus-1-plus-1-counters, tap-untap
[2026-08-06T02:55:46.142Z]   Created build tokens: 100 cards
[2026-08-06T02:55:46.972Z]   Created build plus-1-plus-1-counters: 100 cards
[2026-08-06T02:55:47.864Z]   Created build tap-untap: 100 cards
[2026-08-06T02:55:47.864Z] [244/770] Atarka, World Render
[2026-08-06T02:55:47.864Z]   Processing Atarka, World Render (5591 decks)
[2026-08-06T02:55:48.090Z]   Found 4 themes: dragons, flying, aggro, ramp
[2026-08-06T02:55:48.975Z]   Created build dragons: 100 cards
[2026-08-06T02:55:48.975Z]   Skipping ignored tag: flying
[2026-08-06T02:55:49.905Z]   Created build aggro: 100 cards
[2026-08-06T02:55:50.820Z]   Created build ramp: 100 cards
[2026-08-06T02:55:50.820Z] [245/770] Jarad, Golgari Lich Lord
[2026-08-06T02:55:50.820Z]   Processing Jarad, Golgari Lich Lord (5585 decks)
[2026-08-06T02:55:51.026Z]   Found 5 themes: graveyard, reanimator, mill, dredge, self-mill
[2026-08-06T02:55:51.969Z]   Created build graveyard: 100 cards
[2026-08-06T02:55:52.842Z]   Created build reanimator: 100 cards
[2026-08-06T02:55:53.815Z]   Created build mill: 100 cards
[2026-08-06T02:55:54.640Z]   Created build dredge: 100 cards
[2026-08-06T02:55:55.505Z]   Created build self-mill: 100 cards
[2026-08-06T02:55:55.505Z] [246/770] Baral, Chief of Compliance
[2026-08-06T02:55:55.505Z]   Processing Baral, Chief of Compliance (5575 decks)
[2026-08-06T02:55:55.720Z]   Found 3 themes: counterspells, control, spellslinger
[2026-08-06T02:55:56.584Z]   Created build counterspells: 100 cards
[2026-08-06T02:55:57.453Z]   Created build control: 100 cards
[2026-08-06T02:55:58.318Z]   Created build spellslinger: 100 cards
[2026-08-06T02:55:58.318Z] [247/770] Faldorn, Dread Wolf Herald
[2026-08-06T02:55:58.318Z]   Processing Faldorn, Dread Wolf Herald (5575 decks)
[2026-08-06T02:55:58.523Z]   Found 7 themes: exile, tokens, cascade, wolves, impulse-draw, aggro, chaos
[2026-08-06T02:55:59.356Z]   Created build exile: 100 cards
[2026-08-06T02:56:00.198Z]   Created build tokens: 100 cards
[2026-08-06T02:56:01.066Z]   Created build cascade: 100 cards
[2026-08-06T02:56:01.908Z]   Created build wolves: 100 cards
[2026-08-06T02:56:02.758Z]   Created build impulse-draw: 100 cards
[2026-08-06T02:56:03.631Z]   Created build aggro: 100 cards
[2026-08-06T02:56:04.465Z]   Created build chaos: 100 cards
[2026-08-06T02:56:04.465Z] [248/770] The Tenth Doctor & Rose Tyler
[2026-08-06T02:56:04.465Z]   Processing The Tenth Doctor & Rose Tyler (5564 decks)
[2026-08-06T02:56:04.650Z]   Found 3 themes: exile, time-counters, suspend
[2026-08-06T02:56:05.507Z]   Created build exile: 100 cards
[2026-08-06T02:56:06.334Z]   Created build time-counters: 100 cards
[2026-08-06T02:56:07.165Z]   Created build suspend: 100 cards
[2026-08-06T02:56:07.165Z] [249/770] Yennett, Cryptic Sovereign
[2026-08-06T02:56:07.165Z]   Processing Yennett, Cryptic Sovereign (5557 decks)
[2026-08-06T02:56:07.342Z]   Found 4 themes: topdeck, sphinxes, flying, control
[2026-08-06T02:56:08.183Z]   Created build topdeck: 100 cards
[2026-08-06T02:56:09.041Z]   Created build sphinxes: 100 cards
[2026-08-06T02:56:09.042Z]   Skipping ignored tag: flying
[2026-08-06T02:56:09.877Z]   Created build control: 100 cards
[2026-08-06T02:56:09.877Z] [250/770] Kyler, Sigardian Emissary
[2026-08-06T02:56:09.877Z]   Processing Kyler, Sigardian Emissary (5546 decks)
[2026-08-06T02:56:10.060Z]   Found 3 themes: humans, plus-1-plus-1-counters, tokens
[2026-08-06T02:56:10.951Z]   Created build humans: 100 cards
[2026-08-06T02:56:11.791Z]   Created build plus-1-plus-1-counters: 100 cards
[2026-08-06T02:56:12.722Z]   Created build tokens: 100 cards
[2026-08-06T02:56:12.722Z] 
[2026-08-06T02:56:12.722Z] Progress: 250 processed, 1091 builds, 109100 cards
[2026-08-06T02:56:12.722Z] 
[2026-08-06T02:56:12.722Z] [251/770] Baba Lysaga, Night Witch
[2026-08-06T02:56:12.722Z]   Processing Baba Lysaga, Night Witch (5545 decks)
[2026-08-06T02:56:12.917Z]   Found 5 themes: aristocrats, lands-matter, sacrifice, graveyard, reanimator
[2026-08-06T02:56:13.797Z]   Created build aristocrats: 100 cards
[2026-08-06T02:56:14.670Z]   Created build lands-matter: 100 cards
[2026-08-06T02:56:15.553Z]   Created build sacrifice: 100 cards
[2026-08-06T02:56:16.420Z]   Created build graveyard: 100 cards
[2026-08-06T02:56:17.272Z]   Created build reanimator: 100 cards
[2026-08-06T02:56:17.272Z] [252/770] Mister Negative
[2026-08-06T02:56:17.272Z]   Processing Mister Negative (5536 decks)
[2026-08-06T02:56:17.467Z]   Found 5 themes: lifegain, self-damage, blink, life-exchange, lifedrain
[2026-08-06T02:56:18.353Z]   Created build lifegain: 100 cards
[2026-08-06T02:56:19.206Z]   Created build self-damage: 100 cards
[2026-08-06T02:56:20.036Z]   Created build blink: 100 cards
[2026-08-06T02:56:20.894Z]   Created build life-exchange: 100 cards
[2026-08-06T02:56:21.735Z]   Created build lifedrain: 100 cards
[2026-08-06T02:56:21.735Z] [253/770] Rivaz of the Claw
[2026-08-06T02:56:21.735Z]   Processing Rivaz of the Claw (5511 decks)
[2026-08-06T02:56:21.923Z]   Found 4 themes: dragons, reanimator, treasure, flying
[2026-08-06T02:56:22.793Z]   Created build dragons: 100 cards
[2026-08-06T02:56:23.642Z]   Created build reanimator: 100 cards
[2026-08-06T02:56:24.520Z]   Created build treasure: 100 cards
[2026-08-06T02:56:24.520Z]   Skipping ignored tag: flying
[2026-08-06T02:56:24.520Z] [254/770] Galea, Kindler of Hope
[2026-08-06T02:56:24.520Z]   Processing Galea, Kindler of Hope (5481 decks)
[2026-08-06T02:56:24.699Z]   Found 5 themes: equipment, auras, voltron, enchantress, artifacts
[2026-08-06T02:56:25.484Z]   Created build equipment: 100 cards
[2026-08-06T02:56:26.316Z]   Created build auras: 100 cards
[2026-08-06T02:56:27.120Z]   Created build voltron: 100 cards
[2026-08-06T02:56:27.934Z]   Created build enchantress: 100 cards
[2026-08-06T02:56:28.758Z]   Created build artifacts: 100 cards
[2026-08-06T02:56:28.758Z] [255/770] The Reaper, King No More
[2026-08-06T02:56:28.758Z]   Processing The Reaper, King No More (5470 decks)
[2026-08-06T02:56:28.924Z]   Found 2 themes: minus-1-minus-1-counters, theft
[2026-08-06T02:56:29.796Z]   Created build minus-1-minus-1-counters: 100 cards
[2026-08-06T02:56:30.661Z]   Created build theft: 100 cards
[2026-08-06T02:56:30.662Z] [256/770] Aurelia, the Warleader
[2026-08-06T02:56:30.662Z]   Processing Aurelia, the Warleader (5464 decks)
[2026-08-06T02:56:30.857Z]   Found 5 themes: extra-combats, angels, equipment, aggro, flying
[2026-08-06T02:56:31.694Z]   Created build extra-combats: 100 cards
[2026-08-06T02:56:32.550Z]   Created build angels: 100 cards
[2026-08-06T02:56:33.404Z]   Created build equipment: 100 cards
[2026-08-06T02:56:34.267Z]   Created build aggro: 100 cards
[2026-08-06T02:56:34.268Z]   Skipping ignored tag: flying
[2026-08-06T02:56:34.268Z] [257/770] Blue, Loyal Raptor & Owen Grady, Raptor Trainer
[2026-08-06T02:56:34.268Z]   Processing Blue, Loyal Raptor & Owen Grady, Raptor Trainer (5464 decks)
[2026-08-06T02:56:34.526Z]   Found 1 themes: dinosaurs
[2026-08-06T02:56:34.770Z]   Redirect loop detected for dinosaurs, skipping
[2026-08-06T02:56:34.770Z]   Could not fetch theme: dinosaurs
[2026-08-06T02:56:34.770Z] [258/770] Raphael, Fiendish Savior
[2026-08-06T02:56:34.770Z]   Processing Raphael, Fiendish Savior (5444 decks)
[2026-08-06T02:56:34.948Z]   Found 5 themes: demons, aristocrats, devils, lifegain, burn
[2026-08-06T02:56:35.847Z]   Created build demons: 100 cards
[2026-08-06T02:56:36.791Z]   Created build aristocrats: 100 cards
[2026-08-06T02:56:36.791Z]   Skipping ignored tag: devils
[2026-08-06T02:56:37.616Z]   Created build lifegain: 100 cards
[2026-08-06T02:56:38.505Z]   Created build burn: 100 cards
[2026-08-06T02:56:38.505Z] [259/770] Loot, Exuberant Explorer
[2026-08-06T02:56:38.505Z]   Processing Loot, Exuberant Explorer (5423 decks)
[2026-08-06T02:56:38.704Z]   Found 3 themes: landfall, lands-matter, ramp
[2026-08-06T02:56:39.563Z]   Created build landfall: 100 cards
[2026-08-06T02:56:40.428Z]   Created build lands-matter: 100 cards
[2026-08-06T02:56:41.313Z]   Created build ramp: 100 cards
[2026-08-06T02:56:41.313Z] [260/770] Zask, Skittering Swarmlord
[2026-08-06T02:56:41.313Z]   Processing Zask, Skittering Swarmlord (5398 decks)
[2026-08-06T02:56:41.507Z]   Found 7 themes: insects, reanimator, tokens, mill, graveyard, self-mill, lands-matter
[2026-08-06T02:56:41.507Z]   Skipping ignored tag: insects
[2026-08-06T02:56:42.388Z]   Created build reanimator: 100 cards
[2026-08-06T02:56:43.249Z]   Created build tokens: 100 cards
[2026-08-06T02:56:44.101Z]   Created build mill: 100 cards
[2026-08-06T02:56:44.995Z]   Created build graveyard: 100 cards
[2026-08-06T02:56:45.849Z]   Created build self-mill: 100 cards
[2026-08-06T02:56:46.725Z]   Created build lands-matter: 100 cards
[2026-08-06T02:56:46.726Z] [261/770] Bre of Clan Stoutarm
[2026-08-06T02:56:46.726Z]   Processing Bre of Clan Stoutarm (5397 decks)
[2026-08-06T02:56:46.922Z]   Found 1 themes: lifegain
[2026-08-06T02:56:47.802Z]   Created build lifegain: 100 cards
[2026-08-06T02:56:47.802Z] [262/770] Garth One-Eye
[2026-08-06T02:56:47.802Z]   Processing Garth One-Eye (5397 decks)
[2026-08-06T02:56:47.984Z]   Found 2 themes: blink, combo
[2026-08-06T02:56:48.874Z]   Created build blink: 100 cards
[2026-08-06T02:56:49.789Z]   Created build combo: 100 cards
[2026-08-06T02:56:49.789Z] [263/770] Sophia, Dogged Detective
[2026-08-06T02:56:49.789Z]   Processing Sophia, Dogged Detective (5376 decks)
[2026-08-06T02:56:49.971Z]   Found 6 themes: dogs, clues, plus-1-plus-1-counters, tokens, artifacts, food
[2026-08-06T02:56:50.818Z]   Created build dogs: 100 cards
[2026-08-06T02:56:51.740Z]   Created build clues: 100 cards
[2026-08-06T02:56:52.572Z]   Created build plus-1-plus-1-counters: 100 cards
[2026-08-06T02:56:53.429Z]   Created build tokens: 100 cards
[2026-08-06T02:56:54.302Z]   Created build artifacts: 100 cards
[2026-08-06T02:56:55.188Z]   Created build food: 100 cards
[2026-08-06T02:56:55.188Z] [264/770] Goreclaw, Terror of Qal Sisma
[2026-08-06T02:56:55.188Z]   Processing Goreclaw, Terror of Qal Sisma (5366 decks)
[2026-08-06T02:56:55.375Z]   Found 3 themes: ramp, aggro, stompy
[2026-08-06T02:56:56.225Z]   Created build ramp: 100 cards
[2026-08-06T02:56:57.079Z]   Created build aggro: 100 cards
[2026-08-06T02:56:58.003Z]   Created build stompy: 100 cards
[2026-08-06T02:56:58.003Z] [265/770] Minthara, Merciless Soul
[2026-08-06T02:56:58.003Z]   Processing Minthara, Merciless Soul (5347 decks)
[2026-08-06T02:56:58.197Z]   Found 5 themes: aristocrats, tokens, sacrifice, blink, experience-counters
[2026-08-06T02:56:59.087Z]   Created build aristocrats: 100 cards
[2026-08-06T02:57:00.033Z]   Created build tokens: 100 cards
[2026-08-06T02:57:00.903Z]   Created build sacrifice: 100 cards
[2026-08-06T02:57:01.791Z]   Created build blink: 100 cards
[2026-08-06T02:57:02.660Z]   Created build experience-counters: 100 cards
[2026-08-06T02:57:02.660Z] [266/770] Neera, Wild Mage
[2026-08-06T02:57:02.660Z]   Processing Neera, Wild Mage (5343 decks)
[2026-08-06T02:57:02.846Z]   Found 3 themes: chaos, spellslinger, topdeck
[2026-08-06T02:57:03.806Z]   Created build chaos: 100 cards
[2026-08-06T02:57:04.701Z]   Created build spellslinger: 100 cards
[2026-08-06T02:57:05.592Z]   Created build topdeck: 100 cards
[2026-08-06T02:57:05.592Z] [267/770] Scion of the Ur-Dragon
[2026-08-06T02:57:05.592Z]   Processing Scion of the Ur-Dragon (5338 decks)
[2026-08-06T02:57:05.772Z]   Found 5 themes: dragons, reanimator, combo, toolbox, flying
[2026-08-06T02:57:06.670Z]   Created build dragons: 100 cards
[2026-08-06T02:57:07.516Z]   Created build reanimator: 100 cards
[2026-08-06T02:57:08.355Z]   Created build combo: 100 cards
[2026-08-06T02:57:09.235Z]   Created build toolbox: 100 cards
[2026-08-06T02:57:09.235Z]   Skipping ignored tag: flying
[2026-08-06T02:57:09.235Z] [268/770] Aphelia, Viper Whisperer
[2026-08-06T02:57:09.235Z]   Processing Aphelia, Viper Whisperer (5326 decks)
[2026-08-06T02:57:09.403Z]   Found 2 themes: snakes, deathtouch
[2026-08-06T02:57:10.296Z]   Created build snakes: 100 cards
[2026-08-06T02:57:10.296Z]   Skipping ignored tag: deathtouch
[2026-08-06T02:57:10.296Z] [269/770] Taii Wakeen, Perfect Shot
[2026-08-06T02:57:10.296Z]   Processing Taii Wakeen, Perfect Shot (5324 decks)
[2026-08-06T02:57:10.469Z]   Found 3 themes: burn, spellslinger, control
[2026-08-06T02:57:11.337Z]   Created build burn: 100 cards
[2026-08-06T02:57:12.206Z]   Created build spellslinger: 100 cards
[2026-08-06T02:57:13.127Z]   Created build control: 100 cards
[2026-08-06T02:57:13.127Z] [270/770] Riku of Two Reflections
[2026-08-06T02:57:13.127Z]   Processing Riku of Two Reflections (5323 decks)
[2026-08-06T02:57:13.309Z]   Found 4 themes: clones, spell-copy, spellslinger, tokens
[2026-08-06T02:57:14.158Z]   Created build clones: 100 cards
[2026-08-06T02:57:15.128Z]   Created build spell-copy: 100 cards
[2026-08-06T02:57:15.985Z]   Created build spellslinger: 100 cards
[2026-08-06T02:57:16.864Z]   Created build tokens: 100 cards
[2026-08-06T02:57:16.864Z] [271/770] Rakdos, the Muscle
[2026-08-06T02:57:16.864Z]   Processing Rakdos, the Muscle (5318 decks)
[2026-08-06T02:57:17.049Z]   Found 8 themes: sacrifice, aristocrats, combo, cedh, theft, treasure, storm, reanimator
[2026-08-06T02:57:17.995Z]   Created build sacrifice: 100 cards
[2026-08-06T02:57:18.859Z]   Created build aristocrats: 100 cards
[2026-08-06T02:57:19.731Z]   Created build combo: 100 cards
[2026-08-06T02:57:19.732Z]   Skipping ignored tag: cedh
[2026-08-06T02:57:20.651Z]   Created build theft: 100 cards
[2026-08-06T02:57:21.566Z]   Created build treasure: 100 cards
[2026-08-06T02:57:22.440Z]   Created build storm: 100 cards
[2026-08-06T02:57:23.315Z]   Created build reanimator: 100 cards
[2026-08-06T02:57:23.315Z] [272/770] Solphim, Mayhem Dominus
[2026-08-06T02:57:23.315Z]   Processing Solphim, Mayhem Dominus (5313 decks)
[2026-08-06T02:57:23.494Z]   Found 4 themes: burn, group-slug, dragons-approach, spellslinger
[2026-08-06T02:57:24.359Z]   Created build burn: 100 cards
[2026-08-06T02:57:25.215Z]   Created build group-slug: 100 cards
[2026-08-06T02:57:26.093Z]   Created build dragons-approach: 100 cards
[2026-08-06T02:57:26.995Z]   Created build spellslinger: 100 cards
[2026-08-06T02:57:26.995Z] [273/770] Xantcha, Sleeper Agent
[2026-08-06T02:57:26.995Z]   Processing Xantcha, Sleeper Agent (5310 decks)
[2026-08-06T02:57:27.179Z]   Found 3 themes: forced-combat, group-slug, chaos
[2026-08-06T02:57:28.101Z]   Created build forced-combat: 100 cards
[2026-08-06T02:57:28.970Z]   Created build group-slug: 100 cards
[2026-08-06T02:57:29.830Z]   Created build chaos: 100 cards
[2026-08-06T02:57:29.830Z] [274/770] Saruman of Many Colors
[2026-08-06T02:57:29.830Z]   Processing Saruman of Many Colors (5292 decks)
[2026-08-06T02:57:30.004Z]   Found 4 themes: mill, spellslinger, control, theft
[2026-08-06T02:57:30.869Z]   Created build mill: 100 cards
[2026-08-06T02:57:31.708Z]   Created build spellslinger: 100 cards
[2026-08-06T02:57:32.575Z]   Created build control: 100 cards
[2026-08-06T02:57:33.434Z]   Created build theft: 100 cards
[2026-08-06T02:57:33.434Z] [275/770] Karona, False God
[2026-08-06T02:57:33.434Z]   Processing Karona, False God (5289 decks)
[2026-08-06T02:57:33.601Z]   Found 7 themes: auras, forced-combat, enchantress, pillow-fort, group-hug, chaos, voltron
[2026-08-06T02:57:34.440Z]   Created build auras: 100 cards
[2026-08-06T02:57:35.270Z]   Created build forced-combat: 100 cards
[2026-08-06T02:57:36.156Z]   Created build enchantress: 100 cards
[2026-08-06T02:57:37.013Z]   Created build pillow-fort: 100 cards
[2026-08-06T02:57:37.868Z]   Created build group-hug: 100 cards
[2026-08-06T02:57:38.753Z]   Created build chaos: 100 cards
[2026-08-06T02:57:39.596Z]   Created build voltron: 100 cards
[2026-08-06T02:57:39.596Z] [276/770] Jan Jansen, Chaos Crafter
[2026-08-06T02:57:39.596Z]   Processing Jan Jansen, Chaos Crafter (5262 decks)
[2026-08-06T02:57:39.782Z]   Found 6 themes: artifacts, treasure, tokens, aristocrats, combo, sacrifice
[2026-08-06T02:57:40.673Z]   Created build artifacts: 100 cards
[2026-08-06T02:57:41.510Z]   Created build treasure: 100 cards
[2026-08-06T02:57:42.371Z]   Created build tokens: 100 cards
[2026-08-06T02:57:43.200Z]   Created build aristocrats: 100 cards
[2026-08-06T02:57:44.056Z]   Created build combo: 100 cards
[2026-08-06T02:57:44.899Z]   Created build sacrifice: 100 cards
[2026-08-06T02:57:44.899Z] [277/770] Asmoranomardicadaistinaculdacar
[2026-08-06T02:57:44.899Z]   Processing Asmoranomardicadaistinaculdacar (5245 decks)
[2026-08-06T02:57:45.082Z]   Found 6 themes: discard, artifacts, sacrifice, food, tokens, madness
[2026-08-06T02:57:45.939Z]   Created build discard: 100 cards
[2026-08-06T02:57:46.828Z]   Created build artifacts: 100 cards
[2026-08-06T02:57:47.670Z]   Created build sacrifice: 100 cards
[2026-08-06T02:57:48.517Z]   Created build food: 100 cards
[2026-08-06T02:57:49.372Z]   Created build tokens: 100 cards
[2026-08-06T02:57:50.322Z]   Created build madness: 100 cards
[2026-08-06T02:57:50.322Z] [278/770] Gonti, Night Minister
[2026-08-06T02:57:50.322Z]   Processing Gonti, Night Minister (5238 decks)
[2026-08-06T02:57:50.518Z]   Found 3 themes: theft, group-hug, treasure
[2026-08-06T02:57:51.375Z]   Created build theft: 100 cards
[2026-08-06T02:57:52.402Z]   Created build group-hug: 100 cards
[2026-08-06T02:57:53.280Z]   Created build treasure: 100 cards
[2026-08-06T02:57:53.280Z] [279/770] Kumena, Tyrant of Orazca
[2026-08-06T02:57:53.280Z]   Processing Kumena, Tyrant of Orazca (5230 decks)
[2026-08-06T02:57:53.514Z]   Found 4 themes: merfolk, plus-1-plus-1-counters, tap-untap, combo
[2026-08-06T02:57:54.361Z]   Created build merfolk: 100 cards
[2026-08-06T02:57:55.277Z]   Created build plus-1-plus-1-counters: 100 cards
[2026-08-06T02:57:56.155Z]   Created build tap-untap: 100 cards
[2026-08-06T02:57:57.014Z]   Created build combo: 100 cards
[2026-08-06T02:57:57.014Z] [280/770] Grenzo, Dungeon Warden
[2026-08-06T02:57:57.014Z]   Processing Grenzo, Dungeon Warden (5226 decks)
[2026-08-06T02:57:57.232Z]   Found 4 themes: goblins, combo, aristocrats, reanimator
[2026-08-06T02:57:58.078Z]   Created build goblins: 100 cards
[2026-08-06T02:57:58.981Z]   Created build combo: 100 cards
[2026-08-06T02:57:59.880Z]   Created build aristocrats: 100 cards
[2026-08-06T02:58:00.731Z]   Created build reanimator: 100 cards
[2026-08-06T02:58:00.731Z] [281/770] Ian Malcolm, Chaotician
[2026-08-06T02:58:00.731Z]   Processing Ian Malcolm, Chaotician (5208 decks)
[2026-08-06T02:58:00.912Z]   Found 4 themes: chaos, wheels, group-hug, card-draw
[2026-08-06T02:58:01.752Z]   Created build chaos: 100 cards
[2026-08-06T02:58:02.577Z]   Created build wheels: 100 cards
[2026-08-06T02:58:03.412Z]   Created build group-hug: 100 cards
[2026-08-06T02:58:04.240Z]   Created build card-draw: 100 cards
[2026-08-06T02:58:04.240Z] [282/770] Baru, Wurmspeaker
[2026-08-06T02:58:04.240Z]   Processing Baru, Wurmspeaker (5202 decks)
[2026-08-06T02:58:04.451Z]   Found 2 themes: wurms, ramp
[2026-08-06T02:58:04.451Z]   Skipping ignored tag: wurms
[2026-08-06T02:58:05.307Z]   Created build ramp: 100 cards
[2026-08-06T02:58:05.307Z] [283/770] Kozilek, the Great Distortion
[2026-08-06T02:58:05.307Z]   Processing Kozilek, the Great Distortion (5189 decks)
[2026-08-06T02:58:05.495Z]   Found 4 themes: eldrazi, artifacts, big-mana, ramp
[2026-08-06T02:58:06.362Z]   Created build eldrazi: 100 cards
[2026-08-06T02:58:07.300Z]   Created build artifacts: 100 cards
[2026-08-06T02:58:08.203Z]   Created build big-mana: 100 cards
[2026-08-06T02:58:09.088Z]   Created build ramp: 100 cards
[2026-08-06T02:58:09.088Z] [284/770] Heliod, Sun-Crowned
[2026-08-06T02:58:09.088Z]   Processing Heliod, Sun-Crowned (5147 decks)
[2026-08-06T02:58:09.260Z]   Found 4 themes: lifegain, plus-1-plus-1-counters, stax, combo
[2026-08-06T02:58:10.148Z]   Created build lifegain: 100 cards
[2026-08-06T02:58:11.011Z]   Created build plus-1-plus-1-counters: 100 cards
[2026-08-06T02:58:11.959Z]   Created build stax: 100 cards
[2026-08-06T02:58:12.839Z]   Created build combo: 100 cards
[2026-08-06T02:58:12.839Z] [285/770] Splinter, Radical Rat
[2026-08-06T02:58:12.839Z]   Processing Splinter, Radical Rat (5130 decks)
[2026-08-06T02:58:13.039Z]   Found 2 themes: ninjas, ninjutsu
[2026-08-06T02:58:13.886Z]   Created build ninjas: 100 cards
[2026-08-06T02:58:14.741Z]   Created build ninjutsu: 100 cards
[2026-08-06T02:58:14.741Z] [286/770] Sami, Wildcat Captain
[2026-08-06T02:58:14.741Z]   Processing Sami, Wildcat Captain (5099 decks)
[2026-08-06T02:58:14.920Z]   Found 3 themes: artifacts, affinity, combo
[2026-08-06T02:58:15.761Z]   Created build artifacts: 100 cards
[2026-08-06T02:58:16.630Z]   Created build affinity: 100 cards
[2026-08-06T02:58:17.551Z]   Created build combo: 100 cards
[2026-08-06T02:58:17.551Z] [287/770] Toph, Hardheaded Teacher
[2026-08-06T02:58:17.551Z]   Processing Toph, Hardheaded Teacher (5086 decks)
[2026-08-06T02:58:17.726Z]   Found 6 themes: lands-matter, plus-1-plus-1-counters, landfall, earthbending, ramp, aristocrats
[2026-08-06T02:58:18.675Z]   Created build lands-matter: 100 cards
[2026-08-06T02:58:19.560Z]   Created build plus-1-plus-1-counters: 100 cards
[2026-08-06T02:58:20.440Z]   Created build landfall: 100 cards
[2026-08-06T02:58:20.440Z]   Skipping ignored tag: earthbending
[2026-08-06T02:58:21.317Z]   Created build ramp: 100 cards
[2026-08-06T02:58:22.258Z]   Created build aristocrats: 100 cards
[2026-08-06T02:58:22.258Z] [288/770] Otharri, Suns' Glory
[2026-08-06T02:58:22.258Z]   Processing Otharri, Suns' Glory (5086 decks)
[2026-08-06T02:58:22.451Z]   Found 3 themes: extra-combats, tokens, aggro
[2026-08-06T02:58:23.341Z]   Created build extra-combats: 100 cards
[2026-08-06T02:58:24.259Z]   Created build tokens: 100 cards
[2026-08-06T02:58:25.140Z]   Created build aggro: 100 cards
[2026-08-06T02:58:25.140Z] [289/770] Kediss, Emberclaw Familiar & Malcolm, Keen-Eyed Navigator
[2026-08-06T02:58:25.140Z]   Processing Kediss, Emberclaw Familiar & Malcolm, Keen-Eyed Navigator (5083 decks)
[2026-08-06T02:58:25.322Z]   Found 4 themes: combo, treasure, pirates, cedh
[2026-08-06T02:58:26.198Z]   Created build combo: 100 cards
[2026-08-06T02:58:27.072Z]   Created build treasure: 100 cards
[2026-08-06T02:58:28.039Z]   Created build pirates: 100 cards
[2026-08-06T02:58:28.039Z]   Skipping ignored tag: cedh
[2026-08-06T02:58:28.039Z] [290/770] Kros, Defense Contractor
[2026-08-06T02:58:28.039Z]   Processing Kros, Defense Contractor (5075 decks)
[2026-08-06T02:58:28.241Z]   Found 6 themes: plus-1-plus-1-counters, forced-combat, group-hug, control, pillow-fort, proliferate
[2026-08-06T02:58:29.113Z]   Created build plus-1-plus-1-counters: 100 cards
[2026-08-06T02:58:30.000Z]   Created build forced-combat: 100 cards
[2026-08-06T02:58:30.869Z]   Created build group-hug: 100 cards
[2026-08-06T02:58:31.776Z]   Created build control: 100 cards
[2026-08-06T02:58:32.628Z]   Created build pillow-fort: 100 cards
[2026-08-06T02:58:33.584Z]   Created build proliferate: 100 cards
[2026-08-06T02:58:33.584Z] [291/770] Liberty Prime, Recharged
[2026-08-06T02:58:33.584Z]   Processing Liberty Prime, Recharged (5045 decks)
[2026-08-06T02:58:33.764Z]   Found 3 themes: energy, artifacts, voltron
[2026-08-06T02:58:34.611Z]   Created build energy: 100 cards
[2026-08-06T02:58:35.433Z]   Created build artifacts: 100 cards
[2026-08-06T02:58:36.254Z]   Created build voltron: 100 cards
[2026-08-06T02:58:36.254Z] [292/770] The Destined Warrior
[2026-08-06T02:58:36.254Z]   Processing The Destined Warrior (5007 decks)
[2026-08-06T02:58:36.429Z]   Found 7 themes: party, clerics, wizards, rogues, warriors, aggro, dungeon
[2026-08-06T02:58:36.429Z]   Skipping ignored tag: party
[2026-08-06T02:58:37.270Z]   Created build clerics: 100 cards
[2026-08-06T02:58:38.111Z]   Created build wizards: 100 cards
[2026-08-06T02:58:39.040Z]   Created build rogues: 100 cards
[2026-08-06T02:58:39.889Z]   Created build warriors: 100 cards
[2026-08-06T02:58:40.797Z]   Created build aggro: 100 cards
[2026-08-06T02:58:41.745Z]   Created build dungeon: 100 cards
[2026-08-06T02:58:41.746Z] [293/770] Jared Carthalion
[2026-08-06T02:58:41.746Z]   Processing Jared Carthalion (4993 decks)
[2026-08-06T02:58:41.943Z]   Found 3 themes: planeswalkers, plus-1-plus-1-counters, multicolor-matters
[2026-08-06T02:58:42.832Z]   Created build planeswalkers: 100 cards
[2026-08-06T02:58:43.715Z]   Created build plus-1-plus-1-counters: 100 cards
[2026-08-06T02:58:44.556Z]   Created build multicolor-matters: 100 cards
[2026-08-06T02:58:44.556Z] [294/770] Yuna, Hope of Spira
[2026-08-06T02:58:44.556Z]   Processing Yuna, Hope of Spira (4988 decks)
[2026-08-06T02:58:44.739Z]   Found 3 themes: enchantress, reanimator, sagas
[2026-08-06T02:58:45.658Z]   Created build enchantress: 100 cards
[2026-08-06T02:58:46.522Z]   Created build reanimator: 100 cards
[2026-08-06T02:58:47.399Z]   Created build sagas: 100 cards
[2026-08-06T02:58:47.399Z] [295/770] The Council of Four
[2026-08-06T02:58:47.399Z]   Processing The Council of Four (4986 decks)
[2026-08-06T02:58:47.587Z]   Found 6 themes: wheels, tokens, group-hug, control, card-draw, knights
[2026-08-06T02:58:48.449Z]   Created build wheels: 100 cards
[2026-08-06T02:58:49.337Z]   Created build tokens: 100 cards
[2026-08-06T02:58:50.227Z]   Created build group-hug: 100 cards
[2026-08-06T02:58:51.092Z]   Created build control: 100 cards
[2026-08-06T02:58:51.986Z]   Created build card-draw: 100 cards
[2026-08-06T02:58:52.861Z]   Created build knights: 100 cards
[2026-08-06T02:58:52.861Z] [296/770] Ghired, Mirror of the Wilds
[2026-08-06T02:58:52.861Z]   Processing Ghired, Mirror of the Wilds (4985 decks)
[2026-08-06T02:58:53.048Z]   Found 3 themes: tokens, clones, populate
[2026-08-06T02:58:53.953Z]   Created build tokens: 100 cards
[2026-08-06T02:58:54.804Z]   Created build clones: 100 cards
[2026-08-06T02:58:55.665Z]   Created build populate: 100 cards
[2026-08-06T02:58:55.665Z] [297/770] Ashling, Flame Dancer
[2026-08-06T02:58:55.665Z]   Processing Ashling, Flame Dancer (4979 decks)
[2026-08-06T02:58:55.879Z]   Found 5 themes: spellslinger, spell-copy, burn, storm, combo
[2026-08-06T02:58:56.753Z]   Created build spellslinger: 100 cards
[2026-08-06T02:58:57.576Z]   Created build spell-copy: 100 cards
[2026-08-06T02:58:58.452Z]   Created build burn: 100 cards
[2026-08-06T02:58:59.305Z]   Created build storm: 100 cards
[2026-08-06T02:59:00.276Z]   Created build combo: 100 cards
[2026-08-06T02:59:00.276Z] [298/770] Imskir Iron-Eater
[2026-08-06T02:59:00.276Z]   Processing Imskir Iron-Eater (4977 decks)
[2026-08-06T02:59:00.439Z]   Found 4 themes: artifacts, affinity, sacrifice, treasure
[2026-08-06T02:59:01.346Z]   Created build artifacts: 100 cards
[2026-08-06T02:59:02.177Z]   Created build affinity: 100 cards
[2026-08-06T02:59:03.106Z]   Created build sacrifice: 100 cards
[2026-08-06T02:59:03.994Z]   Created build treasure: 100 cards
[2026-08-06T02:59:03.994Z] [299/770] Lonis, Cryptozoologist
[2026-08-06T02:59:03.994Z]   Processing Lonis, Cryptozoologist (4976 decks)
[2026-08-06T02:59:04.191Z]   Found 4 themes: clues, tokens, artifacts, combo
[2026-08-06T02:59:05.072Z]   Created build clues: 100 cards
[2026-08-06T02:59:05.909Z]   Created build tokens: 100 cards
[2026-08-06T02:59:06.813Z]   Error inserting cards batch: duplicate key value violates unique constraint "ref_build_cards_build_id_card_name_key"
[2026-08-06T02:59:06.813Z]   Created build artifacts: 0 cards
[2026-08-06T02:59:08.661Z]   Error inserting cards batch: duplicate key value violates unique constraint "ref_build_cards_build_id_card_name_key"
[2026-08-06T02:59:08.661Z]   Created build combo: 0 cards
[2026-08-06T02:59:08.661Z] [300/770] Vishgraz, the Doomhive
[2026-08-06T02:59:08.661Z]   Processing Vishgraz, the Doomhive (4958 decks)
[2026-08-06T02:59:08.842Z]   Found 4 themes: infect, phyrexians, tokens, blink
[2026-08-06T02:59:10.686Z]   Error inserting cards batch: duplicate key value violates unique constraint "ref_build_cards_build_id_card_name_key"
[2026-08-06T02:59:10.686Z]   Created build infect: 0 cards
[2026-08-06T02:59:12.609Z]   Error inserting cards batch: duplicate key value violates unique constraint "ref_build_cards_build_id_card_name_key"
[2026-08-06T02:59:12.609Z]   Created build phyrexians: 0 cards
[2026-08-06T02:59:14.474Z]   Error inserting cards batch: duplicate key value violates unique constraint "ref_build_cards_build_id_card_name_key"
[2026-08-06T02:59:14.474Z]   Created build tokens: 0 cards
[2026-08-06T02:59:16.404Z]   Error inserting cards batch: duplicate key value violates unique constraint "ref_build_cards_build_id_card_name_key"
[2026-08-06T02:59:16.404Z]   Created build blink: 0 cards
[2026-08-06T02:59:16.404Z] 
[2026-08-06T02:59:16.404Z] Progress: 300 processed, 1284 builds, 127800 cards
[2026-08-06T02:59:16.404Z] 
[2026-08-06T02:59:16.404Z] [301/770] Savra, Queen of the Golgari
[2026-08-06T02:59:16.404Z]   Processing Savra, Queen of the Golgari (4954 decks)
[2026-08-06T02:59:16.587Z]   Found 5 themes: aristocrats, sacrifice, tokens, lifegain, reanimator
[2026-08-06T02:59:18.444Z]   Error inserting cards batch: duplicate key value violates unique constraint "ref_build_cards_build_id_card_name_key"
[2026-08-06T02:59:18.444Z]   Created build aristocrats: 0 cards
[2026-08-06T02:59:20.275Z]   Error inserting cards batch: duplicate key value violates unique constraint "ref_build_cards_build_id_card_name_key"
[2026-08-06T02:59:20.275Z]   Created build sacrifice: 0 cards
[2026-08-06T02:59:22.158Z]   Error inserting cards batch: duplicate key value violates unique constraint "ref_build_cards_build_id_card_name_key"
[2026-08-06T02:59:22.158Z]   Created build tokens: 0 cards
[2026-08-06T02:59:23.980Z]   Error inserting cards batch: duplicate key value violates unique constraint "ref_build_cards_build_id_card_name_key"
[2026-08-06T02:59:23.980Z]   Created build lifegain: 0 cards
[2026-08-06T02:59:25.875Z]   Error inserting cards batch: duplicate key value violates unique constraint "ref_build_cards_build_id_card_name_key"
[2026-08-06T02:59:25.875Z]   Created build reanimator: 0 cards
[2026-08-06T02:59:25.875Z] [302/770] Osgir, the Reconstructor
[2026-08-06T02:59:25.876Z]   Processing Osgir, the Reconstructor (4940 decks)
[2026-08-06T02:59:26.045Z]   Found 4 themes: artifacts, reanimator, tokens, combo
[2026-08-06T02:59:27.914Z]   Error inserting cards batch: duplicate key value violates unique constraint "ref_build_cards_build_id_card_name_key"
[2026-08-06T02:59:27.914Z]   Created build artifacts: 0 cards
[2026-08-06T02:59:29.710Z]   Error inserting cards batch: duplicate key value violates unique constraint "ref_build_cards_build_id_card_name_key"
[2026-08-06T02:59:29.710Z]   Created build reanimator: 0 cards
[2026-08-06T02:59:31.536Z]   Error inserting cards batch: duplicate key value violates unique constraint "ref_build_cards_build_id_card_name_key"
[2026-08-06T02:59:31.536Z]   Created build tokens: 0 cards
[2026-08-06T02:59:33.615Z]   Error inserting cards batch: duplicate key value violates unique constraint "ref_build_cards_build_id_card_name_key"
[2026-08-06T02:59:33.615Z]   Created build combo: 0 cards
[2026-08-06T02:59:33.615Z] [303/770] King of the Oathbreakers
[2026-08-06T02:59:33.615Z]   Processing King of the Oathbreakers (4906 decks)
[2026-08-06T02:59:33.788Z]   Found 2 themes: spirits, tokens
[2026-08-06T02:59:35.626Z]   Error inserting cards batch: duplicate key value violates unique constraint "ref_build_cards_build_id_card_name_key"
[2026-08-06T02:59:35.626Z]   Created build spirits: 0 cards
[2026-08-06T02:59:37.544Z]   Created build tokens: 100 cards
[2026-08-06T02:59:37.544Z] [304/770] Doran, the Siege Tower
[2026-08-06T02:59:37.544Z]   Processing Doran, the Siege Tower (4906 decks)
[2026-08-06T02:59:37.733Z]   Found 2 themes: toughness-matters, treefolk
[2026-08-06T02:59:39.633Z]   Error inserting cards batch: duplicate key value violates unique constraint "ref_build_cards_build_id_card_name_key"
[2026-08-06T02:59:39.633Z]   Created build toughness-matters: 0 cards
[2026-08-06T02:59:41.470Z]   Created build treefolk: 100 cards
[2026-08-06T02:59:41.470Z] [305/770] Tinybones, Trinket Thief
[2026-08-06T02:59:41.470Z]   Processing Tinybones, Trinket Thief (4905 decks)
[2026-08-06T02:59:41.656Z]   Found 2 themes: discard, control
[2026-08-06T02:59:43.531Z]   Error inserting cards batch: duplicate key value violates unique constraint "ref_build_cards_build_id_card_name_key"
[2026-08-06T02:59:43.531Z]   Created build discard: 0 cards
[2026-08-06T02:59:45.406Z]   Error inserting cards batch: duplicate key value violates unique constraint "ref_build_cards_build_id_card_name_key"
[2026-08-06T02:59:45.406Z]   Created build control: 0 cards
[2026-08-06T02:59:45.406Z] [306/770] Rafiq of the Many
[2026-08-06T02:59:45.406Z]   Processing Rafiq of the Many (4904 decks)
[2026-08-06T02:59:45.607Z]   Found 5 themes: voltron, auras, exalted, equipment, enchantress
[2026-08-06T02:59:47.424Z]   Error inserting cards batch: duplicate key value violates unique constraint "ref_build_cards_build_id_card_name_key"
[2026-08-06T02:59:47.424Z]   Created build voltron: 0 cards
[2026-08-06T02:59:49.332Z]   Error inserting cards batch: duplicate key value violates unique constraint "ref_build_cards_build_id_card_name_key"
[2026-08-06T02:59:49.332Z]   Created build auras: 0 cards
[2026-08-06T02:59:51.134Z]   Error inserting cards batch: duplicate key value violates unique constraint "ref_build_cards_build_id_card_name_key"
[2026-08-06T02:59:51.134Z]   Created build exalted: 0 cards
[2026-08-06T02:59:53.011Z]   Error inserting cards batch: duplicate key value violates unique constraint "ref_build_cards_build_id_card_name_key"
[2026-08-06T02:59:53.011Z]   Created build equipment: 0 cards
[2026-08-06T02:59:54.853Z]   Error inserting cards batch: duplicate key value violates unique constraint "ref_build_cards_build_id_card_name_key"
[2026-08-06T02:59:54.853Z]   Created build enchantress: 0 cards
[2026-08-06T02:59:54.853Z] [307/770] Herigast, Erupting Nullkite
[2026-08-06T02:59:54.853Z]   Processing Herigast, Erupting Nullkite (4903 decks)
[2026-08-06T02:59:55.033Z]   Found 4 themes: eldrazi, artifacts, theft, big-mana
[2026-08-06T02:59:56.929Z]   Error inserting cards batch: duplicate key value violates unique constraint "ref_build_cards_build_id_card_name_key"
[2026-08-06T02:59:56.929Z]   Created build eldrazi: 0 cards
[2026-08-06T02:59:58.797Z]   Error inserting cards batch: duplicate key value violates unique constraint "ref_build_cards_build_id_card_name_key"
[2026-08-06T02:59:58.797Z]   Created build artifacts: 0 cards
[2026-08-06T03:00:00.619Z]   Error inserting cards batch: duplicate key value violates unique constraint "ref_build_cards_build_id_card_name_key"
[2026-08-06T03:00:00.619Z]   Created build theft: 0 cards
[2026-08-06T03:00:02.475Z]   Error inserting cards batch: duplicate key value violates unique constraint "ref_build_cards_build_id_card_name_key"
[2026-08-06T03:00:02.475Z]   Created build big-mana: 0 cards
[2026-08-06T03:00:02.475Z] [308/770] Quandrix, the Proof
[2026-08-06T03:00:02.475Z]   Processing Quandrix, the Proof (4900 decks)
[2026-08-06T03:00:02.654Z]   Found 3 themes: cascade, spellslinger, ramp
[2026-08-06T03:00:04.525Z]   Error inserting cards batch: duplicate key value violates unique constraint "ref_build_cards_build_id_card_name_key"
[2026-08-06T03:00:04.525Z]   Created build cascade: 0 cards
[2026-08-06T03:00:06.398Z]   Error inserting cards batch: duplicate key value violates unique constraint "ref_build_cards_build_id_card_name_key"
[2026-08-06T03:00:06.398Z]   Created build spellslinger: 0 cards
[2026-08-06T03:00:08.401Z]   Error inserting cards batch: duplicate key value violates unique constraint "ref_build_cards_build_id_card_name_key"
[2026-08-06T03:00:08.401Z]   Created build ramp: 0 cards
[2026-08-06T03:00:08.401Z] [309/770] Silvar, Devourer of the Free & Trynn, Champion of Freedom
[2026-08-06T03:00:08.401Z]   Processing Silvar, Devourer of the Free & Trynn, Champion of Freedom (4872 decks)
[2026-08-06T03:00:08.577Z]   Found 7 themes: humans, aristocrats, tokens, sacrifice, aggro, plus-1-plus-1-counters, voltron
[2026-08-06T03:00:10.466Z]   Error inserting cards batch: duplicate key value violates unique constraint "ref_build_cards_build_id_card_name_key"
[2026-08-06T03:00:10.466Z]   Created build humans: 0 cards
[2026-08-06T03:00:12.379Z]   Error inserting cards batch: duplicate key value violates unique constraint "ref_build_cards_build_id_card_name_key"
[2026-08-06T03:00:12.379Z]   Created build aristocrats: 0 cards
[2026-08-06T03:00:14.367Z]   Error inserting cards batch: duplicate key value violates unique constraint "ref_build_cards_build_id_card_name_key"
[2026-08-06T03:00:14.367Z]   Created build tokens: 0 cards
[2026-08-06T03:00:15.554Z]   Error inserting cards batch: duplicate key value violates unique constraint "ref_build_cards_build_id_card_name_key"
[2026-08-06T03:00:15.554Z]   Created build sacrifice: 0 cards
[2026-08-06T03:00:17.423Z]   Error inserting cards batch: duplicate key value violates unique constraint "ref_build_cards_build_id_card_name_key"
[2026-08-06T03:00:17.423Z]   Created build aggro: 0 cards
[2026-08-06T03:00:19.313Z]   Error inserting cards batch: duplicate key value violates unique constraint "ref_build_cards_build_id_card_name_key"
[2026-08-06T03:00:19.313Z]   Created build plus-1-plus-1-counters: 0 cards
[2026-08-06T03:00:21.170Z]   Error inserting cards batch: duplicate key value violates unique constraint "ref_build_cards_build_id_card_name_key"
[2026-08-06T03:00:21.170Z]   Created build voltron: 0 cards
[2026-08-06T03:00:21.170Z] [310/770] Cayth, Famed Mechanist
[2026-08-06T03:00:21.170Z]   Processing Cayth, Famed Mechanist (4865 decks)
[2026-08-06T03:00:21.371Z]   Found 4 themes: artifacts, tokens, plus-1-plus-1-counters, energy
[2026-08-06T03:00:23.129Z]   Error inserting cards batch: duplicate key value violates unique constraint "ref_build_cards_build_id_card_name_key"
[2026-08-06T03:00:23.129Z]   Created build artifacts: 0 cards
[2026-08-06T03:00:25.031Z]   Error inserting cards batch: duplicate key value violates unique constraint "ref_build_cards_build_id_card_name_key"
[2026-08-06T03:00:25.031Z]   Created build tokens: 0 cards
[2026-08-06T03:00:26.924Z]   Error inserting cards batch: duplicate key value violates unique constraint "ref_build_cards_build_id_card_name_key"
[2026-08-06T03:00:26.924Z]   Created build plus-1-plus-1-counters: 0 cards
[2026-08-06T03:00:28.864Z]   Error inserting cards batch: duplicate key value violates unique constraint "ref_build_cards_build_id_card_name_key"
[2026-08-06T03:00:28.864Z]   Created build energy: 0 cards
[2026-08-06T03:00:28.864Z] [311/770] Odric, Lunarch Marshal
[2026-08-06T03:00:28.864Z]   Processing Odric, Lunarch Marshal (4858 decks)
[2026-08-06T03:00:29.038Z]   Found 2 themes: keywords, aggro
[2026-08-06T03:00:29.038Z]   Skipping ignored tag: keywords
[2026-08-06T03:00:30.913Z]   Error inserting cards batch: duplicate key value violates unique constraint "ref_build_cards_build_id_card_name_key"
[2026-08-06T03:00:30.913Z]   Created build aggro: 0 cards
[2026-08-06T03:00:30.913Z] [312/770] Elsha of the Infinite
[2026-08-06T03:00:30.913Z]   Processing Elsha of the Infinite (4848 decks)
[2026-08-06T03:00:31.099Z]   Found 7 themes: combo, spellslinger, storm, artifacts, cedh, control, prowess
[2026-08-06T03:00:32.900Z]   Error inserting cards batch: duplicate key value violates unique constraint "ref_build_cards_build_id_card_name_key"
[2026-08-06T03:00:32.900Z]   Created build combo: 0 cards
[2026-08-06T03:00:34.743Z]   Error inserting cards batch: duplicate key value violates unique constraint "ref_build_cards_build_id_card_name_key"
[2026-08-06T03:00:34.743Z]   Created build spellslinger: 0 cards
[2026-08-06T03:00:36.678Z]   Created build storm: 100 cards
[2026-08-06T03:00:38.574Z]   Error inserting cards batch: duplicate key value violates unique constraint "ref_build_cards_build_id_card_name_key"
[2026-08-06T03:00:38.574Z]   Created build artifacts: 0 cards
[2026-08-06T03:00:38.574Z]   Skipping ignored tag: cedh
[2026-08-06T03:00:40.486Z]   Error inserting cards batch: duplicate key value violates unique constraint "ref_build_cards_build_id_card_name_key"
[2026-08-06T03:00:40.486Z]   Created build control: 0 cards
[2026-08-06T03:00:42.348Z]   Error inserting cards batch: duplicate key value violates unique constraint "ref_build_cards_build_id_card_name_key"
[2026-08-06T03:00:42.348Z]   Created build prowess: 0 cards
[2026-08-06T03:00:42.348Z] [313/770] Sergeant John Benton
[2026-08-06T03:00:42.348Z]   Processing Sergeant John Benton (4846 decks)
[2026-08-06T03:00:42.520Z]   Found 4 themes: voltron, aggro, group-hug, card-draw
[2026-08-06T03:00:44.387Z]   Error inserting cards batch: duplicate key value violates unique constraint "ref_build_cards_build_id_card_name_key"
[2026-08-06T03:00:44.387Z]   Created build voltron: 0 cards
[2026-08-06T03:00:46.314Z]   Error inserting cards batch: duplicate key value violates unique constraint "ref_build_cards_build_id_card_name_key"
[2026-08-06T03:00:46.314Z]   Created build aggro: 0 cards
[2026-08-06T03:00:48.107Z]   Error inserting cards batch: duplicate key value violates unique constraint "ref_build_cards_build_id_card_name_key"
[2026-08-06T03:00:48.107Z]   Created build group-hug: 0 cards
[2026-08-06T03:00:49.958Z]   Error inserting cards batch: duplicate key value violates unique constraint "ref_build_cards_build_id_card_name_key"
[2026-08-06T03:00:49.958Z]   Created build card-draw: 0 cards
[2026-08-06T03:00:49.958Z] [314/770] Galadriel of Lothlórien
[2026-08-06T03:00:49.958Z]   Processing Galadriel of Lothlórien (4835 decks)
[2026-08-06T03:00:50.130Z]   Found 6 themes: topdeck, elves, lands-matter, scry, landfall, ramp
[2026-08-06T03:00:52.018Z]   Error inserting cards batch: duplicate key value violates unique constraint "ref_build_cards_build_id_card_name_key"
[2026-08-06T03:00:52.018Z]   Created build topdeck: 0 cards
[2026-08-06T03:00:53.877Z]   Error inserting cards batch: duplicate key value violates unique constraint "ref_build_cards_build_id_card_name_key"
[2026-08-06T03:00:53.877Z]   Created build elves: 0 cards
[2026-08-06T03:00:55.796Z]   Error inserting cards batch: duplicate key value violates unique constraint "ref_build_cards_build_id_card_name_key"
[2026-08-06T03:00:55.796Z]   Created build lands-matter: 0 cards
[2026-08-06T03:00:55.797Z]   Skipping ignored tag: scry
[2026-08-06T03:00:57.637Z]   Error inserting cards batch: duplicate key value violates unique constraint "ref_build_cards_build_id_card_name_key"
[2026-08-06T03:00:57.637Z]   Created build landfall: 0 cards
[2026-08-06T03:00:59.475Z]   Error inserting cards batch: duplicate key value violates unique constraint "ref_build_cards_build_id_card_name_key"
[2026-08-06T03:00:59.475Z]   Created build ramp: 0 cards
[2026-08-06T03:00:59.475Z] [315/770] Cazur, Ruthless Stalker & Ukkima, Stalking Shadow
[2026-08-06T03:00:59.475Z]   Processing Cazur, Ruthless Stalker & Ukkima, Stalking Shadow (4827 decks)
[2026-08-06T03:00:59.680Z]   Found 4 themes: plus-1-plus-1-counters, combo, cedh, ninjutsu
[2026-08-06T03:01:01.572Z]   Error inserting cards batch: duplicate key value violates unique constraint "ref_build_cards_build_id_card_name_key"
[2026-08-06T03:01:01.572Z]   Created build plus-1-plus-1-counters: 0 cards
[2026-08-06T03:01:03.459Z]   Created build combo: 100 cards
[2026-08-06T03:01:03.459Z]   Skipping ignored tag: cedh
[2026-08-06T03:01:05.404Z]   Error inserting cards batch: duplicate key value violates unique constraint "ref_build_cards_build_id_card_name_key"
[2026-08-06T03:01:05.404Z]   Created build ninjutsu: 0 cards
[2026-08-06T03:01:05.404Z] [316/770] Sokrates, Athenian Teacher
[2026-08-06T03:01:05.404Z]   Processing Sokrates, Athenian Teacher (4801 decks)
[2026-08-06T03:01:05.596Z]   Found 5 themes: wheels, group-hug, card-draw, control, pillow-fort
[2026-08-06T03:01:07.484Z]   Error inserting cards batch: duplicate key value violates unique constraint "ref_build_cards_build_id_card_name_key"
[2026-08-06T03:01:07.484Z]   Created build wheels: 0 cards
[2026-08-06T03:01:09.281Z]   Error inserting cards batch: duplicate key value violates unique constraint "ref_build_cards_build_id_card_name_key"
[2026-08-06T03:01:09.281Z]   Created build group-hug: 0 cards
[2026-08-06T03:01:11.222Z]   Error inserting cards batch: duplicate key value violates unique constraint "ref_build_cards_build_id_card_name_key"
[2026-08-06T03:01:11.222Z]   Created build card-draw: 0 cards
[2026-08-06T03:01:13.109Z]   Error inserting cards batch: duplicate key value violates unique constraint "ref_build_cards_build_id_card_name_key"
[2026-08-06T03:01:13.109Z]   Created build control: 0 cards
[2026-08-06T03:01:14.993Z]   Error inserting cards batch: duplicate key value violates unique constraint "ref_build_cards_build_id_card_name_key"
[2026-08-06T03:01:14.993Z]   Created build pillow-fort: 0 cards
[2026-08-06T03:01:14.993Z] [317/770] Braids, Conjurer Adept
[2026-08-06T03:01:14.993Z]   Processing Braids, Conjurer Adept (4784 decks)
[2026-08-06T03:01:15.184Z]   Found 3 themes: group-hug, big-mana, clones
[2026-08-06T03:01:17.076Z]   Error inserting cards batch: duplicate key value violates unique constraint "ref_build_cards_build_id_card_name_key"
[2026-08-06T03:01:17.076Z]   Created build group-hug: 0 cards
[2026-08-06T03:01:18.914Z]   Error inserting cards batch: duplicate key value violates unique constraint "ref_build_cards_build_id_card_name_key"
[2026-08-06T03:01:18.914Z]   Created build big-mana: 0 cards
[2026-08-06T03:01:20.815Z]   Error inserting cards batch: duplicate key value violates unique constraint "ref_build_cards_build_id_card_name_key"
[2026-08-06T03:01:20.815Z]   Created build clones: 0 cards
[2026-08-06T03:01:20.815Z] [318/770] Plagon, Lord of the Beach
[2026-08-06T03:01:20.815Z]   Processing Plagon, Lord of the Beach (4773 decks)
[2026-08-06T03:01:20.978Z]   Found 5 themes: toughness-matters, blink, combo, cedh, control
[2026-08-06T03:01:22.873Z]   Error inserting cards batch: duplicate key value violates unique constraint "ref_build_cards_build_id_card_name_key"
[2026-08-06T03:01:22.873Z]   Created build toughness-matters: 0 cards
[2026-08-06T03:01:25.282Z]   Error inserting cards batch: duplicate key value violates unique constraint "ref_build_cards_build_id_card_name_key"
[2026-08-06T03:01:25.282Z]   Created build blink: 0 cards
[2026-08-06T03:01:26.582Z]   Error inserting cards batch: duplicate key value violates unique constraint "ref_build_cards_build_id_card_name_key"
[2026-08-06T03:01:26.582Z]   Created build combo: 0 cards
[2026-08-06T03:01:26.582Z]   Skipping ignored tag: cedh
[2026-08-06T03:01:28.686Z]   Error inserting cards batch: duplicate key value violates unique constraint "ref_build_cards_build_id_card_name_key"
[2026-08-06T03:01:28.686Z]   Created build control: 0 cards
[2026-08-06T03:01:28.686Z] [319/770] Samut, the Driving Force
[2026-08-06T03:01:28.686Z]   Processing Samut, the Driving Force (4773 decks)
[2026-08-06T03:01:28.871Z]   Found 3 themes: vehicles, tokens, aggro
[2026-08-06T03:01:30.545Z]   Error inserting cards batch: duplicate key value violates unique constraint "ref_build_cards_build_id_card_name_key"
[2026-08-06T03:01:30.545Z]   Created build vehicles: 0 cards
[2026-08-06T03:01:32.387Z]   Error inserting cards batch: duplicate key value violates unique constraint "ref_build_cards_build_id_card_name_key"
[2026-08-06T03:01:32.387Z]   Created build tokens: 0 cards
[2026-08-06T03:01:34.293Z]   Error inserting cards batch: duplicate key value violates unique constraint "ref_build_cards_build_id_card_name_key"
[2026-08-06T03:01:34.293Z]   Created build aggro: 0 cards
[2026-08-06T03:01:34.293Z] [320/770] Purphoros, God of the Forge
[2026-08-06T03:01:34.293Z]   Processing Purphoros, God of the Forge (4766 decks)
[2026-08-06T03:01:34.477Z]   Found 4 themes: tokens, burn, goblins, aggro
[2026-08-06T03:01:36.351Z]   Error inserting cards batch: duplicate key value violates unique constraint "ref_build_cards_build_id_card_name_key"
[2026-08-06T03:01:36.351Z]   Created build tokens: 0 cards
[2026-08-06T03:01:38.245Z]   Error inserting cards batch: duplicate key value violates unique constraint "ref_build_cards_build_id_card_name_key"
[2026-08-06T03:01:38.246Z]   Created build burn: 0 cards
[2026-08-06T03:01:40.149Z]   Error inserting cards batch: duplicate key value violates unique constraint "ref_build_cards_build_id_card_name_key"
[2026-08-06T03:01:40.149Z]   Created build goblins: 0 cards
[2026-08-06T03:01:42.010Z]   Error inserting cards batch: duplicate key value violates unique constraint "ref_build_cards_build_id_card_name_key"
[2026-08-06T03:01:42.010Z]   Created build aggro: 0 cards
[2026-08-06T03:01:42.010Z] [321/770] Mogis, God of Slaughter
[2026-08-06T03:01:42.010Z]   Processing Mogis, God of Slaughter (4765 decks)
[2026-08-06T03:01:42.186Z]   Found 2 themes: group-slug, burn
[2026-08-06T03:01:44.056Z]   Error inserting cards batch: duplicate key value violates unique constraint "ref_build_cards_build_id_card_name_key"
[2026-08-06T03:01:44.056Z]   Created build group-slug: 0 cards
[2026-08-06T03:01:45.987Z]   Error inserting cards batch: duplicate key value violates unique constraint "ref_build_cards_build_id_card_name_key"
[2026-08-06T03:01:45.987Z]   Created build burn: 0 cards
[2026-08-06T03:01:45.987Z] [322/770] Alesha, Who Laughs at Fate
[2026-08-06T03:01:45.987Z]   Processing Alesha, Who Laughs at Fate (4761 decks)
[2026-08-06T03:01:46.175Z]   Found 3 themes: reanimator, aristocrats, aggro
[2026-08-06T03:01:48.033Z]   Error inserting cards batch: duplicate key value violates unique constraint "ref_build_cards_build_id_card_name_key"
[2026-08-06T03:01:48.033Z]   Created build reanimator: 0 cards
[2026-08-06T03:01:49.912Z]   Error inserting cards batch: duplicate key value violates unique constraint "ref_build_cards_build_id_card_name_key"
[2026-08-06T03:01:49.912Z]   Created build aristocrats: 0 cards
[2026-08-06T03:01:51.815Z]   Error inserting cards batch: duplicate key value violates unique constraint "ref_build_cards_build_id_card_name_key"
[2026-08-06T03:01:51.815Z]   Created build aggro: 0 cards
[2026-08-06T03:01:51.815Z] [323/770] Yargle and Multani
[2026-08-06T03:01:51.815Z]   Processing Yargle and Multani (4753 decks)
[2026-08-06T03:01:51.987Z]   Found 1 themes: voltron
[2026-08-06T03:01:53.884Z]   Error inserting cards batch: duplicate key value violates unique constraint "ref_build_cards_build_id_card_name_key"
[2026-08-06T03:01:53.884Z]   Created build voltron: 0 cards
[2026-08-06T03:01:53.884Z] [324/770] Azami, Lady of Scrolls
[2026-08-06T03:01:53.884Z]   Processing Azami, Lady of Scrolls (4753 decks)
[2026-08-06T03:01:54.071Z]   Found 4 themes: wizards, combo, control, card-draw
[2026-08-06T03:01:56.007Z]   Error inserting cards batch: duplicate key value violates unique constraint "ref_build_cards_build_id_card_name_key"
[2026-08-06T03:01:56.007Z]   Created build wizards: 0 cards
[2026-08-06T03:01:57.895Z]   Error inserting cards batch: duplicate key value violates unique constraint "ref_build_cards_build_id_card_name_key"
[2026-08-06T03:01:57.895Z]   Created build combo: 0 cards
[2026-08-06T03:01:59.755Z]   Error inserting cards batch: duplicate key value violates unique constraint "ref_build_cards_build_id_card_name_key"
[2026-08-06T03:01:59.755Z]   Created build control: 0 cards
[2026-08-06T03:02:01.603Z]   Error inserting cards batch: duplicate key value violates unique constraint "ref_build_cards_build_id_card_name_key"
[2026-08-06T03:02:01.603Z]   Created build card-draw: 0 cards
[2026-08-06T03:02:01.603Z] [325/770] Syr Vondam, Sunstar Exemplar
[2026-08-06T03:02:01.603Z]   Processing Syr Vondam, Sunstar Exemplar (4752 decks)
[2026-08-06T03:02:01.792Z]   Found 5 themes: blink, aristocrats, tokens, plus-1-plus-1-counters, lifegain
[2026-08-06T03:02:03.594Z]   Error inserting cards batch: duplicate key value violates unique constraint "ref_build_cards_build_id_card_name_key"
[2026-08-06T03:02:03.594Z]   Created build blink: 0 cards
[2026-08-06T03:02:05.501Z]   Error inserting cards batch: duplicate key value violates unique constraint "ref_build_cards_build_id_card_name_key"
[2026-08-06T03:02:05.501Z]   Created build aristocrats: 0 cards
[2026-08-06T03:02:07.327Z]   Error inserting cards batch: duplicate key value violates unique constraint "ref_build_cards_build_id_card_name_key"
[2026-08-06T03:02:07.327Z]   Created build tokens: 0 cards
[2026-08-06T03:02:09.278Z]   Error inserting cards batch: duplicate key value violates unique constraint "ref_build_cards_build_id_card_name_key"
[2026-08-06T03:02:09.278Z]   Created build plus-1-plus-1-counters: 0 cards
[2026-08-06T03:02:11.089Z]   Error inserting cards batch: duplicate key value violates unique constraint "ref_build_cards_build_id_card_name_key"
[2026-08-06T03:02:11.089Z]   Created build lifegain: 0 cards
[2026-08-06T03:02:11.089Z] [326/770] Vito, Thorn of the Dusk Rose
[2026-08-06T03:02:11.089Z]   Processing Vito, Thorn of the Dusk Rose (4722 decks)
[2026-08-06T03:02:11.305Z]   Found 4 themes: lifegain, vampires, lifedrain, combo
[2026-08-06T03:02:13.074Z]   Error inserting cards batch: duplicate key value violates unique constraint "ref_build_cards_build_id_card_name_key"
[2026-08-06T03:02:13.074Z]   Created build lifegain: 0 cards
[2026-08-06T03:02:15.051Z]   Error inserting cards batch: duplicate key value violates unique constraint "ref_build_cards_build_id_card_name_key"
[2026-08-06T03:02:15.051Z]   Created build vampires: 0 cards
[2026-08-06T03:02:16.786Z]   Error inserting cards batch: duplicate key value violates unique constraint "ref_build_cards_build_id_card_name_key"
[2026-08-06T03:02:16.786Z]   Created build lifedrain: 0 cards
[2026-08-06T03:02:18.644Z]   Error inserting cards batch: duplicate key value violates unique constraint "ref_build_cards_build_id_card_name_key"
[2026-08-06T03:02:18.644Z]   Created build combo: 0 cards
[2026-08-06T03:02:18.644Z] [327/770] Darien, King of Kjeldor
[2026-08-06T03:02:18.644Z]   Processing Darien, King of Kjeldor (4687 decks)
[2026-08-06T03:02:18.851Z]   Found 4 themes: lifegain, tokens, soldiers, self-damage
[2026-08-06T03:02:20.710Z]   Error inserting cards batch: duplicate key value violates unique constraint "ref_build_cards_build_id_card_name_key"
[2026-08-06T03:02:20.710Z]   Created build lifegain: 0 cards
[2026-08-06T03:02:22.595Z]   Error inserting cards batch: duplicate key value violates unique constraint "ref_build_cards_build_id_card_name_key"
[2026-08-06T03:02:22.595Z]   Created build tokens: 0 cards
[2026-08-06T03:02:24.493Z]   Error inserting cards batch: duplicate key value violates unique constraint "ref_build_cards_build_id_card_name_key"
[2026-08-06T03:02:24.493Z]   Created build soldiers: 0 cards
[2026-08-06T03:02:26.348Z]   Error inserting cards batch: duplicate key value violates unique constraint "ref_build_cards_build_id_card_name_key"
[2026-08-06T03:02:26.348Z]   Created build self-damage: 0 cards
[2026-08-06T03:02:26.348Z] [328/770] Will, Scion of Peace
[2026-08-06T03:02:26.349Z]   Processing Will, Scion of Peace (4682 decks)
[2026-08-06T03:02:26.529Z]   Found 2 themes: lifegain, x-spells
[2026-08-06T03:02:28.517Z]   Error inserting cards batch: duplicate key value violates unique constraint "ref_build_cards_build_id_card_name_key"
[2026-08-06T03:02:28.517Z]   Created build lifegain: 0 cards
[2026-08-06T03:02:30.427Z]   Error inserting cards batch: duplicate key value violates unique constraint "ref_build_cards_build_id_card_name_key"
[2026-08-06T03:02:30.427Z]   Created build x-spells: 0 cards
[2026-08-06T03:02:30.427Z] [329/770] The Master, Multiplied
[2026-08-06T03:02:30.427Z]   Processing The Master, Multiplied (4678 decks)
[2026-08-06T03:02:30.628Z]   Found 4 themes: clones, tokens, extra-combats, aggro
[2026-08-06T03:02:32.569Z]   Error inserting cards batch: duplicate key value violates unique constraint "ref_build_cards_build_id_card_name_key"
[2026-08-06T03:02:32.569Z]   Created build clones: 0 cards
[2026-08-06T03:02:34.450Z]   Error inserting cards batch: duplicate key value violates unique constraint "ref_build_cards_build_id_card_name_key"
[2026-08-06T03:02:34.450Z]   Created build tokens: 0 cards
[2026-08-06T03:02:36.470Z]   Error inserting cards batch: duplicate key value violates unique constraint "ref_build_cards_build_id_card_name_key"
[2026-08-06T03:02:36.470Z]   Created build extra-combats: 0 cards
[2026-08-06T03:02:38.287Z]   Error inserting cards batch: duplicate key value violates unique constraint "ref_build_cards_build_id_card_name_key"
[2026-08-06T03:02:38.287Z]   Created build aggro: 0 cards
[2026-08-06T03:02:38.287Z] [330/770] Admiral Beckett Brass
[2026-08-06T03:02:38.287Z]   Processing Admiral Beckett Brass (4677 decks)
[2026-08-06T03:02:38.466Z]   Found 3 themes: pirates, treasure, theft
[2026-08-06T03:02:40.341Z]   Error inserting cards batch: duplicate key value violates unique constraint "ref_build_cards_build_id_card_name_key"
[2026-08-06T03:02:40.341Z]   Created build pirates: 0 cards
[2026-08-06T03:02:42.181Z]   Created build treasure: 100 cards
[2026-08-06T03:02:44.153Z]   Error inserting cards batch: duplicate key value violates unique constraint "ref_build_cards_build_id_card_name_key"
[2026-08-06T03:02:44.153Z]   Created build theft: 0 cards
[2026-08-06T03:02:44.153Z] [331/770] Agatha of the Vile Cauldron
[2026-08-06T03:02:44.153Z]   Processing Agatha of the Vile Cauldron (4665 decks)
[2026-08-06T03:02:44.323Z]   Found 2 themes: plus-1-plus-1-counters, activated-abilities
[2026-08-06T03:02:46.146Z]   Error inserting cards batch: duplicate key value violates unique constraint "ref_build_cards_build_id_card_name_key"
[2026-08-06T03:02:46.146Z]   Created build plus-1-plus-1-counters: 0 cards
[2026-08-06T03:02:48.037Z]   Error inserting cards batch: duplicate key value violates unique constraint "ref_build_cards_build_id_card_name_key"
[2026-08-06T03:02:48.037Z]   Created build activated-abilities: 0 cards
[2026-08-06T03:02:48.037Z] [332/770] Sauron, Lord of the Rings
[2026-08-06T03:02:48.037Z]   Processing Sauron, Lord of the Rings (4659 decks)
[2026-08-06T03:02:48.207Z]   Found 1 themes: reanimator
[2026-08-06T03:02:50.149Z]   Error inserting cards batch: duplicate key value violates unique constraint "ref_build_cards_build_id_card_name_key"
[2026-08-06T03:02:50.149Z]   Created build reanimator: 0 cards
[2026-08-06T03:02:50.149Z] [333/770] Thrasios, Triton Hero & Vial Smasher the Fierce
[2026-08-06T03:02:50.149Z]   Processing Thrasios, Triton Hero & Vial Smasher the Fierce (4658 decks)
[2026-08-06T03:02:50.325Z]   Found 5 themes: cedh, birthing-pod, combo, midrange, control
[2026-08-06T03:02:50.325Z]   Skipping ignored tag: cedh
[2026-08-06T03:02:52.198Z]   Error inserting cards batch: duplicate key value violates unique constraint "ref_build_cards_build_id_card_name_key"
[2026-08-06T03:02:52.198Z]   Created build birthing-pod: 0 cards
[2026-08-06T03:02:54.126Z]   Error inserting cards batch: duplicate key value violates unique constraint "ref_build_cards_build_id_card_name_key"
[2026-08-06T03:02:54.126Z]   Created build combo: 0 cards
[2026-08-06T03:02:54.126Z]   Skipping ignored tag: midrange
[2026-08-06T03:02:56.046Z]   Error inserting cards batch: duplicate key value violates unique constraint "ref_build_cards_build_id_card_name_key"
[2026-08-06T03:02:56.046Z]   Created build control: 0 cards
[2026-08-06T03:02:56.046Z] [334/770] Beledros Witherbloom
[2026-08-06T03:02:56.046Z]   Processing Beledros Witherbloom (4656 decks)
[2026-08-06T03:02:56.227Z]   Found 3 themes: lifegain, aristocrats, tokens
[2026-08-06T03:02:58.052Z]   Error inserting cards batch: duplicate key value violates unique constraint "ref_build_cards_build_id_card_name_key"
[2026-08-06T03:02:58.052Z]   Created build lifegain: 0 cards
[2026-08-06T03:02:59.971Z]   Error inserting cards batch: duplicate key value violates unique constraint "ref_build_cards_build_id_card_name_key"
[2026-08-06T03:02:59.971Z]   Created build aristocrats: 0 cards
[2026-08-06T03:03:01.852Z]   Error inserting cards batch: duplicate key value violates unique constraint "ref_build_cards_build_id_card_name_key"
[2026-08-06T03:03:01.852Z]   Created build tokens: 0 cards
[2026-08-06T03:03:01.852Z] [335/770] Galazeth Prismari
[2026-08-06T03:03:01.852Z]   Processing Galazeth Prismari (4641 decks)
[2026-08-06T03:03:02.044Z]   Found 5 themes: treasure, spellslinger, artifacts, tokens, dragons-approach
[2026-08-06T03:03:03.882Z]   Error inserting cards batch: duplicate key value violates unique constraint "ref_build_cards_build_id_card_name_key"
[2026-08-06T03:03:03.882Z]   Created build treasure: 0 cards
[2026-08-06T03:03:05.756Z]   Error inserting cards batch: duplicate key value violates unique constraint "ref_build_cards_build_id_card_name_key"
[2026-08-06T03:03:05.757Z]   Created build spellslinger: 0 cards
[2026-08-06T03:03:07.722Z]   Error inserting cards batch: duplicate key value violates unique constraint "ref_build_cards_build_id_card_name_key"
[2026-08-06T03:03:07.722Z]   Created build artifacts: 0 cards
[2026-08-06T03:03:09.608Z]   Error inserting cards batch: duplicate key value violates unique constraint "ref_build_cards_build_id_card_name_key"
[2026-08-06T03:03:09.608Z]   Created build tokens: 0 cards
[2026-08-06T03:03:11.500Z]   Error inserting cards batch: duplicate key value violates unique constraint "ref_build_cards_build_id_card_name_key"
[2026-08-06T03:03:11.500Z]   Created build dragons-approach: 0 cards
[2026-08-06T03:03:11.500Z] [336/770] Gavi, Nest Warden
[2026-08-06T03:03:11.500Z]   Processing Gavi, Nest Warden (4591 decks)
[2026-08-06T03:03:11.676Z]   Found 3 themes: cycling, tokens, discard
[2026-08-06T03:03:13.538Z]   Error inserting cards batch: duplicate key value violates unique constraint "ref_build_cards_build_id_card_name_key"
[2026-08-06T03:03:13.538Z]   Created build cycling: 0 cards
[2026-08-06T03:03:15.520Z]   Error inserting cards batch: duplicate key value violates unique constraint "ref_build_cards_build_id_card_name_key"
[2026-08-06T03:03:15.520Z]   Created build tokens: 0 cards
[2026-08-06T03:03:17.292Z]   Error inserting cards batch: duplicate key value violates unique constraint "ref_build_cards_build_id_card_name_key"
[2026-08-06T03:03:17.292Z]   Created build discard: 0 cards
[2026-08-06T03:03:17.292Z] [337/770] Eriette, the Beguiler
[2026-08-06T03:03:17.292Z]   Processing Eriette, the Beguiler (4576 decks)
[2026-08-06T03:03:17.473Z]   Found 4 themes: auras, enchantress, theft, control
[2026-08-06T03:03:19.366Z]   Error inserting cards batch: duplicate key value violates unique constraint "ref_build_cards_build_id_card_name_key"
[2026-08-06T03:03:19.366Z]   Created build auras: 0 cards
[2026-08-06T03:03:21.243Z]   Error inserting cards batch: duplicate key value violates unique constraint "ref_build_cards_build_id_card_name_key"
[2026-08-06T03:03:21.243Z]   Created build enchantress: 0 cards
[2026-08-06T03:03:23.124Z]   Error inserting cards batch: duplicate key value violates unique constraint "ref_build_cards_build_id_card_name_key"
[2026-08-06T03:03:23.124Z]   Created build theft: 0 cards
[2026-08-06T03:03:25.066Z]   Error inserting cards batch: duplicate key value violates unique constraint "ref_build_cards_build_id_card_name_key"
[2026-08-06T03:03:25.066Z]   Created build control: 0 cards
[2026-08-06T03:03:25.066Z] [338/770] Zevlor, Elturel Exile
[2026-08-06T03:03:25.066Z]   Processing Zevlor, Elturel Exile (4564 decks)
[2026-08-06T03:03:25.244Z]   Found 2 themes: spellslinger, spell-copy
[2026-08-06T03:03:27.155Z]   Error inserting cards batch: duplicate key value violates unique constraint "ref_build_cards_build_id_card_name_key"
[2026-08-06T03:03:27.155Z]   Created build spellslinger: 0 cards
[2026-08-06T03:03:29.190Z]   Error inserting cards batch: duplicate key value violates unique constraint "ref_build_cards_build_id_card_name_key"
[2026-08-06T03:03:29.190Z]   Created build spell-copy: 0 cards
[2026-08-06T03:03:29.190Z] [339/770] Leonardo da Vinci
[2026-08-06T03:03:29.190Z]   Processing Leonardo da Vinci (4562 decks)
[2026-08-06T03:03:29.351Z]   Found 3 themes: artifacts, thopters, tokens
[2026-08-06T03:03:31.374Z]   Error inserting cards batch: duplicate key value violates unique constraint "ref_build_cards_build_id_card_name_key"
[2026-08-06T03:03:31.374Z]   Created build artifacts: 0 cards
[2026-08-06T03:03:33.247Z]   Error inserting cards batch: duplicate key value violates unique constraint "ref_build_cards_build_id_card_name_key"
[2026-08-06T03:03:33.247Z]   Created build thopters: 0 cards
[2026-08-06T03:03:35.153Z]   Error inserting cards batch: duplicate key value violates unique constraint "ref_build_cards_build_id_card_name_key"
[2026-08-06T03:03:35.154Z]   Created build tokens: 0 cards
[2026-08-06T03:03:35.154Z] [340/770] Jhoira of the Ghitu
[2026-08-06T03:03:35.154Z]   Processing Jhoira of the Ghitu (4551 decks)
[2026-08-06T03:03:35.332Z]   Found 3 themes: big-mana, suspend, extra-turns
[2026-08-06T03:03:37.301Z]   Error inserting cards batch: duplicate key value violates unique constraint "ref_build_cards_build_id_card_name_key"
[2026-08-06T03:03:37.301Z]   Created build big-mana: 0 cards
[2026-08-06T03:03:39.146Z]   Error inserting cards batch: duplicate key value violates unique constraint "ref_build_cards_build_id_card_name_key"
[2026-08-06T03:03:39.146Z]   Created build suspend: 0 cards
[2026-08-06T03:03:41.006Z]   Created build extra-turns: 100 cards
[2026-08-06T03:03:41.006Z] [341/770] Black Waltz No. 3
[2026-08-06T03:03:41.006Z]   Processing Black Waltz No. 3 (4547 decks)
[2026-08-06T03:03:41.181Z]   Found 2 themes: spellslinger, burn
[2026-08-06T03:03:43.071Z]   Error inserting cards batch: duplicate key value violates unique constraint "ref_build_cards_build_id_card_name_key"
[2026-08-06T03:03:43.071Z]   Created build spellslinger: 0 cards
[2026-08-06T03:03:44.977Z]   Error inserting cards batch: duplicate key value violates unique constraint "ref_build_cards_build_id_card_name_key"
[2026-08-06T03:03:44.977Z]   Created build burn: 0 cards
[2026-08-06T03:03:44.977Z] [342/770] Zacama, Primal Calamity
[2026-08-06T03:03:44.977Z]   Processing Zacama, Primal Calamity (4531 decks)
[2026-08-06T03:03:45.155Z]   Found 3 themes: dinosaurs, ramp, combo
[2026-08-06T03:03:46.969Z]   Created build dinosaurs: 100 cards
[2026-08-06T03:03:48.884Z]   Error inserting cards batch: duplicate key value violates unique constraint "ref_build_cards_build_id_card_name_key"
[2026-08-06T03:03:48.884Z]   Created build ramp: 0 cards
[2026-08-06T03:03:50.741Z]   Error inserting cards batch: duplicate key value violates unique constraint "ref_build_cards_build_id_card_name_key"
[2026-08-06T03:03:50.741Z]   Created build combo: 0 cards
[2026-08-06T03:03:50.741Z] [343/770] Kruphix, God of Horizons
[2026-08-06T03:03:50.741Z]   Processing Kruphix, God of Horizons (4529 decks)
[2026-08-06T03:03:50.924Z]   Found 4 themes: ramp, eldrazi, x-spells, big-mana
[2026-08-06T03:03:52.878Z]   Error inserting cards batch: duplicate key value violates unique constraint "ref_build_cards_build_id_card_name_key"
[2026-08-06T03:03:52.878Z]   Created build ramp: 0 cards
[2026-08-06T03:03:54.760Z]   Error inserting cards batch: duplicate key value violates unique constraint "ref_build_cards_build_id_card_name_key"
[2026-08-06T03:03:54.760Z]   Created build eldrazi: 0 cards
[2026-08-06T03:03:56.593Z]   Error inserting cards batch: duplicate key value violates unique constraint "ref_build_cards_build_id_card_name_key"
[2026-08-06T03:03:56.593Z]   Created build x-spells: 0 cards
[2026-08-06T03:03:58.486Z]   Error inserting cards batch: duplicate key value violates unique constraint "ref_build_cards_build_id_card_name_key"
[2026-08-06T03:03:58.486Z]   Created build big-mana: 0 cards
[2026-08-06T03:03:58.486Z] [344/770] Falco Spara, Pactweaver
[2026-08-06T03:03:58.486Z]   Processing Falco Spara, Pactweaver (4511 decks)
[2026-08-06T03:03:58.670Z]   Found 1 themes: plus-1-plus-1-counters
[2026-08-06T03:04:00.549Z]   Error inserting cards batch: duplicate key value violates unique constraint "ref_build_cards_build_id_card_name_key"
[2026-08-06T03:04:00.549Z]   Created build plus-1-plus-1-counters: 0 cards
[2026-08-06T03:04:00.549Z] [345/770] Eris, Roar of the Storm
[2026-08-06T03:04:00.549Z]   Processing Eris, Roar of the Storm (4482 decks)
[2026-08-06T03:04:00.736Z]   Found 4 themes: spellslinger, tokens, treasure, prowess
[2026-08-06T03:04:02.609Z]   Error inserting cards batch: duplicate key value violates unique constraint "ref_build_cards_build_id_card_name_key"
[2026-08-06T03:04:02.609Z]   Created build spellslinger: 0 cards
[2026-08-06T03:04:04.501Z]   Created build tokens: 100 cards
[2026-08-06T03:04:06.449Z]   Error inserting cards batch: duplicate key value violates unique constraint "ref_build_cards_build_id_card_name_key"
[2026-08-06T03:04:06.449Z]   Created build treasure: 0 cards
[2026-08-06T03:04:08.340Z]   Error inserting cards batch: duplicate key value violates unique constraint "ref_build_cards_build_id_card_name_key"
[2026-08-06T03:04:08.340Z]   Created build prowess: 0 cards
[2026-08-06T03:04:08.340Z] [346/770] Xu-Ifit, Osteoharmonist
[2026-08-06T03:04:08.340Z]   Processing Xu-Ifit, Osteoharmonist (4475 decks)
[2026-08-06T03:04:08.525Z]   Found 3 themes: reanimator, graveyard, self-mill
[2026-08-06T03:04:10.509Z]   Error inserting cards batch: duplicate key value violates unique constraint "ref_build_cards_build_id_card_name_key"
[2026-08-06T03:04:10.509Z]   Created build reanimator: 0 cards
[2026-08-06T03:04:12.235Z]   Error inserting cards batch: duplicate key value violates unique constraint "ref_build_cards_build_id_card_name_key"
[2026-08-06T03:04:12.235Z]   Created build graveyard: 0 cards
[2026-08-06T03:04:14.269Z]   Error inserting cards batch: duplicate key value violates unique constraint "ref_build_cards_build_id_card_name_key"
[2026-08-06T03:04:14.269Z]   Created build self-mill: 0 cards
[2026-08-06T03:04:14.269Z] [347/770] Sliver Hivelord
[2026-08-06T03:04:14.269Z]   Processing Sliver Hivelord (4466 decks)
[2026-08-06T03:04:14.446Z]   Found 1 themes: slivers
[2026-08-06T03:04:16.334Z]   Error inserting cards batch: duplicate key value violates unique constraint "ref_build_cards_build_id_card_name_key"
[2026-08-06T03:04:16.334Z]   Created build slivers: 0 cards
[2026-08-06T03:04:16.334Z] [348/770] Rat King, Verminister
[2026-08-06T03:04:16.334Z]   Processing Rat King, Verminister (4459 decks)
[2026-08-06T03:04:16.514Z]   Found 1 themes: rats
[2026-08-06T03:04:18.236Z]   Error inserting cards batch: duplicate key value violates unique constraint "ref_build_cards_build_id_card_name_key"
[2026-08-06T03:04:18.236Z]   Created build rats: 0 cards
[2026-08-06T03:04:18.236Z] [349/770] Sovereign Okinec Ahau
[2026-08-06T03:04:18.236Z]   Processing Sovereign Okinec Ahau (4453 decks)
[2026-08-06T03:04:18.415Z]   Found 3 themes: plus-1-plus-1-counters, aggro, cats
[2026-08-06T03:04:20.322Z]   Error inserting cards batch: duplicate key value violates unique constraint "ref_build_cards_build_id_card_name_key"
[2026-08-06T03:04:20.322Z]   Created build plus-1-plus-1-counters: 0 cards
[2026-08-06T03:04:22.190Z]   Error inserting cards batch: duplicate key value violates unique constraint "ref_build_cards_build_id_card_name_key"
[2026-08-06T03:04:22.190Z]   Created build aggro: 0 cards
[2026-08-06T03:04:24.040Z]   Error inserting cards batch: duplicate key value violates unique constraint "ref_build_cards_build_id_card_name_key"
[2026-08-06T03:04:24.040Z]   Created build cats: 0 cards
[2026-08-06T03:04:24.040Z] [350/770] Niv-Mizzet Reborn
[2026-08-06T03:04:24.040Z]   Processing Niv-Mizzet Reborn (4442 decks)
[2026-08-06T03:04:24.230Z]   Found 2 themes: multicolor-matters, legends
[2026-08-06T03:04:26.158Z]   Error inserting cards batch: duplicate key value violates unique constraint "ref_build_cards_build_id_card_name_key"
[2026-08-06T03:04:26.158Z]   Created build multicolor-matters: 0 cards
[2026-08-06T03:04:28.054Z]   Error inserting cards batch: duplicate key value violates unique constraint "ref_build_cards_build_id_card_name_key"
[2026-08-06T03:04:28.054Z]   Created build legends: 0 cards
[2026-08-06T03:04:28.054Z] 
[2026-08-06T03:04:28.054Z] Progress: 350 processed, 1445 builds, 128600 cards
[2026-08-06T03:04:28.054Z] 
[2026-08-06T03:04:28.054Z] [351/770] Selvala, Explorer Returned
[2026-08-06T03:04:28.054Z]   Processing Selvala, Explorer Returned (4435 decks)
[2026-08-06T03:04:28.246Z]   Found 3 themes: group-hug, combo, lifegain
[2026-08-06T03:04:30.249Z]   Error inserting cards batch: duplicate key value violates unique constraint "ref_build_cards_build_id_card_name_key"
[2026-08-06T03:04:30.249Z]   Created build group-hug: 0 cards
[2026-08-06T03:04:32.270Z]   Error inserting cards batch: duplicate key value violates unique constraint "ref_build_cards_build_id_card_name_key"
[2026-08-06T03:04:32.270Z]   Created build combo: 0 cards
[2026-08-06T03:04:34.273Z]   Created build lifegain: 100 cards
[2026-08-06T03:04:34.273Z] [352/770] Rukarumel, Biologist
[2026-08-06T03:04:34.273Z]   Processing Rukarumel, Biologist (4434 decks)
[2026-08-06T03:04:34.467Z]   Found 1 themes: slivers
[2026-08-06T03:04:36.477Z]   Error inserting cards batch: duplicate key value violates unique constraint "ref_build_cards_build_id_card_name_key"
[2026-08-06T03:04:36.478Z]   Created build slivers: 0 cards
[2026-08-06T03:04:36.478Z] [353/770] Torbran, Thane of Red Fell
[2026-08-06T03:04:36.478Z]   Processing Torbran, Thane of Red Fell (4426 decks)
[2026-08-06T03:04:36.654Z]   Found 2 themes: burn, group-slug
[2026-08-06T03:04:38.692Z]   Error inserting cards batch: duplicate key value violates unique constraint "ref_build_cards_build_id_card_name_key"
[2026-08-06T03:04:38.692Z]   Created build burn: 0 cards
[2026-08-06T03:04:40.628Z]   Created build group-slug: 100 cards
[2026-08-06T03:04:40.628Z] [354/770] Vazi, Keen Negotiator
[2026-08-06T03:04:40.628Z]   Processing Vazi, Keen Negotiator (4425 decks)
[2026-08-06T03:04:40.818Z]   Found 6 themes: treasure, group-hug, tokens, artifacts, group-slug, plus-1-plus-1-counters
[2026-08-06T03:04:42.899Z]   Error inserting cards batch: duplicate key value violates unique constraint "ref_build_cards_build_id_card_name_key"
[2026-08-06T03:04:42.899Z]   Created build treasure: 0 cards
[2026-08-06T03:04:45.000Z]   Error inserting cards batch: duplicate key value violates unique constraint "ref_build_cards_build_id_card_name_key"
[2026-08-06T03:04:45.000Z]   Created build group-hug: 0 cards
[2026-08-06T03:04:47.071Z]   Created build tokens: 100 cards
[2026-08-06T03:04:49.063Z]   Created build artifacts: 100 cards
[2026-08-06T03:04:51.012Z]   Created build group-slug: 100 cards
[2026-08-06T03:04:52.953Z]   Error inserting cards batch: duplicate key value violates unique constraint "ref_build_cards_build_id_card_name_key"
[2026-08-06T03:04:52.953Z]   Created build plus-1-plus-1-counters: 0 cards
[2026-08-06T03:04:52.953Z] [355/770] Estrid, the Masked
[2026-08-06T03:04:52.953Z]   Processing Estrid, the Masked (4409 decks)
[2026-08-06T03:04:53.133Z]   Found 2 themes: enchantress, auras
[2026-08-06T03:04:55.250Z]   Error inserting cards batch: duplicate key value violates unique constraint "ref_build_cards_build_id_card_name_key"
[2026-08-06T03:04:55.250Z]   Created build enchantress: 0 cards
[2026-08-06T03:04:57.213Z]   Created build auras: 100 cards
[2026-08-06T03:04:57.213Z] [356/770] Frodo, Sauron's Bane
[2026-08-06T03:04:57.213Z]   Processing Frodo, Sauron's Bane (4402 decks)
[2026-08-06T03:04:57.430Z]   Found 3 themes: equipment, voltron, the-ring
[2026-08-06T03:04:59.393Z]   Created build equipment: 100 cards
[2026-08-06T03:05:01.346Z]   Error inserting cards batch: duplicate key value violates unique constraint "ref_build_cards_build_id_card_name_key"
[2026-08-06T03:05:01.347Z]   Created build voltron: 0 cards
[2026-08-06T03:05:03.279Z]   Error inserting cards batch: duplicate key value violates unique constraint "ref_build_cards_build_id_card_name_key"
[2026-08-06T03:05:03.279Z]   Created build the-ring: 0 cards
[2026-08-06T03:05:03.279Z] [357/770] G'raha Tia, Scion Reborn
[2026-08-06T03:05:03.279Z]   Processing G'raha Tia, Scion Reborn (4395 decks)
[2026-08-06T03:05:03.470Z]   Found 6 themes: tokens, plus-1-plus-1-counters, control, lifegain, equipment, spellslinger
[2026-08-06T03:05:05.366Z]   Error inserting cards batch: duplicate key value violates unique constraint "ref_build_cards_build_id_card_name_key"
[2026-08-06T03:05:05.366Z]   Created build tokens: 0 cards
[2026-08-06T03:05:07.300Z]   Error inserting cards batch: duplicate key value violates unique constraint "ref_build_cards_build_id_card_name_key"
[2026-08-06T03:05:07.300Z]   Created build plus-1-plus-1-counters: 0 cards
[2026-08-06T03:05:09.259Z]   Error inserting cards batch: duplicate key value violates unique constraint "ref_build_cards_build_id_card_name_key"
[2026-08-06T03:05:09.259Z]   Created build control: 0 cards
[2026-08-06T03:05:11.171Z]   Error inserting cards batch: duplicate key value violates unique constraint "ref_build_cards_build_id_card_name_key"
[2026-08-06T03:05:11.171Z]   Created build lifegain: 0 cards
[2026-08-06T03:05:13.078Z]   Error inserting cards batch: duplicate key value violates unique constraint "ref_build_cards_build_id_card_name_key"
[2026-08-06T03:05:13.078Z]   Created build equipment: 0 cards
[2026-08-06T03:05:15.049Z]   Error inserting cards batch: duplicate key value violates unique constraint "ref_build_cards_build_id_card_name_key"
[2026-08-06T03:05:15.049Z]   Created build spellslinger: 0 cards
[2026-08-06T03:05:15.049Z] [358/770] Vorinclex, Monstrous Raider
[2026-08-06T03:05:15.049Z]   Processing Vorinclex, Monstrous Raider (4385 decks)
[2026-08-06T03:05:15.227Z]   Found 4 themes: plus-1-plus-1-counters, planeswalkers, infect, ramp
[2026-08-06T03:05:17.126Z]   Error inserting cards batch: duplicate key value violates unique constraint "ref_build_cards_build_id_card_name_key"
[2026-08-06T03:05:17.126Z]   Created build plus-1-plus-1-counters: 0 cards
[2026-08-06T03:05:19.064Z]   Error inserting cards batch: duplicate key value violates unique constraint "ref_build_cards_build_id_card_name_key"
[2026-08-06T03:05:19.064Z]   Created build planeswalkers: 0 cards
[2026-08-06T03:05:20.996Z]   Created build infect: 100 cards
[2026-08-06T03:05:22.935Z]   Error inserting cards batch: duplicate key value violates unique constraint "ref_build_cards_build_id_card_name_key"
[2026-08-06T03:05:22.935Z]   Created build ramp: 0 cards
[2026-08-06T03:05:22.935Z] [359/770] Toph, Earthbending Master
[2026-08-06T03:05:22.935Z]   Processing Toph, Earthbending Master (4381 decks)
[2026-08-06T03:05:23.117Z]   Found 5 themes: lands-matter, plus-1-plus-1-counters, landfall, earthbending, ramp
[2026-08-06T03:05:25.005Z]   Error inserting cards batch: duplicate key value violates unique constraint "ref_build_cards_build_id_card_name_key"
[2026-08-06T03:05:25.005Z]   Created build lands-matter: 0 cards
[2026-08-06T03:05:26.965Z]   Error inserting cards batch: duplicate key value violates unique constraint "ref_build_cards_build_id_card_name_key"
[2026-08-06T03:05:26.965Z]   Created build plus-1-plus-1-counters: 0 cards
[2026-08-06T03:05:28.876Z]   Error inserting cards batch: duplicate key value violates unique constraint "ref_build_cards_build_id_card_name_key"
[2026-08-06T03:05:28.876Z]   Created build landfall: 0 cards
[2026-08-06T03:05:28.876Z]   Skipping ignored tag: earthbending
[2026-08-06T03:05:30.789Z]   Error inserting cards batch: duplicate key value violates unique constraint "ref_build_cards_build_id_card_name_key"
[2026-08-06T03:05:30.790Z]   Created build ramp: 0 cards
[2026-08-06T03:05:30.790Z] [360/770] Gwenom, Remorseless
[2026-08-06T03:05:30.790Z]   Processing Gwenom, Remorseless (4380 decks)
[2026-08-06T03:05:30.984Z]   Found 4 themes: combo, lifegain, self-damage, cedh
[2026-08-06T03:05:32.907Z]   Created build combo: 100 cards
[2026-08-06T03:05:34.862Z]   Error inserting cards batch: duplicate key value violates unique constraint "ref_build_cards_build_id_card_name_key"
[2026-08-06T03:05:34.862Z]   Created build lifegain: 0 cards
[2026-08-06T03:05:36.782Z]   Created build self-damage: 100 cards
[2026-08-06T03:05:36.782Z]   Skipping ignored tag: cedh
[2026-08-06T03:05:36.782Z] [361/770] Phelia, Exuberant Shepherd
[2026-08-06T03:05:36.782Z]   Processing Phelia, Exuberant Shepherd (4371 decks)
[2026-08-06T03:05:36.971Z]   Found 1 themes: blink
[2026-08-06T03:05:38.922Z]   Created build blink: 100 cards
[2026-08-06T03:05:38.923Z] [362/770] Ruby, Daring Tracker
[2026-08-06T03:05:38.923Z]   Processing Ruby, Daring Tracker (4364 decks)
[2026-08-06T03:05:39.117Z]   Found 5 themes: ramp, cascade, big-mana, aggro, chaos
[2026-08-06T03:05:41.124Z]   Error inserting cards batch: duplicate key value violates unique constraint "ref_build_cards_build_id_card_name_key"
[2026-08-06T03:05:41.124Z]   Created build ramp: 0 cards
[2026-08-06T03:05:42.806Z]   Error inserting cards batch: duplicate key value violates unique constraint "ref_build_cards_build_id_card_name_key"
[2026-08-06T03:05:42.806Z]   Created build cascade: 0 cards
[2026-08-06T03:05:44.603Z]   Error inserting cards batch: duplicate key value violates unique constraint "ref_build_cards_build_id_card_name_key"
[2026-08-06T03:05:44.603Z]   Created build big-mana: 0 cards
[2026-08-06T03:05:46.505Z]   Error inserting cards batch: duplicate key value violates unique constraint "ref_build_cards_build_id_card_name_key"
[2026-08-06T03:05:46.505Z]   Created build aggro: 0 cards
[2026-08-06T03:05:48.344Z]   Error inserting cards batch: duplicate key value violates unique constraint "ref_build_cards_build_id_card_name_key"
[2026-08-06T03:05:48.344Z]   Created build chaos: 0 cards
[2026-08-06T03:05:48.344Z] [363/770] Carmen, Cruel Skymarcher
[2026-08-06T03:05:48.344Z]   Processing Carmen, Cruel Skymarcher (4361 decks)
[2026-08-06T03:05:48.522Z]   Found 6 themes: aristocrats, sacrifice, vampires, lifegain, reanimator, plus-1-plus-1-counters
[2026-08-06T03:05:50.482Z]   Error inserting cards batch: duplicate key value violates unique constraint "ref_build_cards_build_id_card_name_key"
[2026-08-06T03:05:50.482Z]   Created build aristocrats: 0 cards
[2026-08-06T03:05:52.431Z]   Error inserting cards batch: duplicate key value violates unique constraint "ref_build_cards_build_id_card_name_key"
[2026-08-06T03:05:52.431Z]   Created build sacrifice: 0 cards
[2026-08-06T03:05:54.310Z]   Error inserting cards batch: duplicate key value violates unique constraint "ref_build_cards_build_id_card_name_key"
[2026-08-06T03:05:54.310Z]   Created build vampires: 0 cards
[2026-08-06T03:05:56.176Z]   Error inserting cards batch: duplicate key value violates unique constraint "ref_build_cards_build_id_card_name_key"
[2026-08-06T03:05:56.176Z]   Created build lifegain: 0 cards
[2026-08-06T03:05:58.050Z]   Created build reanimator: 100 cards
[2026-08-06T03:05:59.975Z]   Error inserting cards batch: duplicate key value violates unique constraint "ref_build_cards_build_id_card_name_key"
[2026-08-06T03:05:59.975Z]   Created build plus-1-plus-1-counters: 0 cards
[2026-08-06T03:05:59.975Z] [364/770] Belbe, Corrupted Observer
[2026-08-06T03:05:59.975Z]   Processing Belbe, Corrupted Observer (4361 decks)
[2026-08-06T03:06:00.149Z]   Found 3 themes: big-mana, ramp, eldrazi
[2026-08-06T03:06:02.015Z]   Error inserting cards batch: duplicate key value violates unique constraint "ref_build_cards_build_id_card_name_key"
[2026-08-06T03:06:02.015Z]   Created build big-mana: 0 cards
[2026-08-06T03:06:03.898Z]   Error inserting cards batch: duplicate key value violates unique constraint "ref_build_cards_build_id_card_name_key"
[2026-08-06T03:06:03.898Z]   Created build ramp: 0 cards
[2026-08-06T03:06:05.769Z]   Error inserting cards batch: duplicate key value violates unique constraint "ref_build_cards_build_id_card_name_key"
[2026-08-06T03:06:05.769Z]   Created build eldrazi: 0 cards
[2026-08-06T03:06:05.769Z] [365/770] Abdel Adrian, Gorion's Ward + Candlekeep Sage
[2026-08-06T03:06:05.769Z]   Processing Abdel Adrian, Gorion's Ward + Candlekeep Sage (4357 decks)
[2026-08-06T03:06:05.949Z]   Found 4 themes: blink, tokens, combo, control
[2026-08-06T03:06:07.892Z]   Error inserting cards batch: duplicate key value violates unique constraint "ref_build_cards_build_id_card_name_key"
[2026-08-06T03:06:07.892Z]   Created build blink: 0 cards
[2026-08-06T03:06:09.773Z]   Error inserting cards batch: duplicate key value violates unique constraint "ref_build_cards_build_id_card_name_key"
[2026-08-06T03:06:09.773Z]   Created build tokens: 0 cards
[2026-08-06T03:06:11.669Z]   Error inserting cards batch: duplicate key value violates unique constraint "ref_build_cards_build_id_card_name_key"
[2026-08-06T03:06:11.669Z]   Created build combo: 0 cards
[2026-08-06T03:06:13.499Z]   Error inserting cards batch: duplicate key value violates unique constraint "ref_build_cards_build_id_card_name_key"
[2026-08-06T03:06:13.499Z]   Created build control: 0 cards
[2026-08-06T03:06:13.499Z] [366/770] Grimgrin, Corpse-Born
[2026-08-06T03:06:13.499Z]   Processing Grimgrin, Corpse-Born (4338 decks)
[2026-08-06T03:06:13.677Z]   Found 4 themes: zombies, aristocrats, reanimator, tokens
[2026-08-06T03:06:15.551Z]   Error inserting cards batch: duplicate key value violates unique constraint "ref_build_cards_build_id_card_name_key"
[2026-08-06T03:06:15.551Z]   Created build zombies: 0 cards
[2026-08-06T03:06:17.431Z]   Error inserting cards batch: duplicate key value violates unique constraint "ref_build_cards_build_id_card_name_key"
[2026-08-06T03:06:17.431Z]   Created build aristocrats: 0 cards
[2026-08-06T03:06:19.221Z]   Error inserting cards batch: duplicate key value violates unique constraint "ref_build_cards_build_id_card_name_key"
[2026-08-06T03:06:19.221Z]   Created build reanimator: 0 cards
[2026-08-06T03:06:21.096Z]   Created build tokens: 100 cards
[2026-08-06T03:06:21.096Z] [367/770] Gornog, the Red Reaper
[2026-08-06T03:06:21.096Z]   Processing Gornog, the Red Reaper (4330 decks)
[2026-08-06T03:06:21.294Z]   Found 3 themes: warriors, extra-combats, aggro
[2026-08-06T03:06:23.230Z]   Error inserting cards batch: duplicate key value violates unique constraint "ref_build_cards_build_id_card_name_key"
[2026-08-06T03:06:23.230Z]   Created build warriors: 0 cards
[2026-08-06T03:06:25.107Z]   Error inserting cards batch: duplicate key value violates unique constraint "ref_build_cards_build_id_card_name_key"
[2026-08-06T03:06:25.107Z]   Created build extra-combats: 0 cards
[2026-08-06T03:06:26.334Z]   Created build aggro: 100 cards
[2026-08-06T03:06:26.335Z] [368/770] Rashmi and Ragavan
[2026-08-06T03:06:26.335Z]   Processing Rashmi and Ragavan (4329 decks)
[2026-08-06T03:06:26.515Z]   Found 4 themes: treasure, artifacts, tokens, theft
[2026-08-06T03:06:28.425Z]   Error inserting cards batch: duplicate key value violates unique constraint "ref_build_cards_build_id_card_name_key"
[2026-08-06T03:06:28.425Z]   Created build treasure: 0 cards
[2026-08-06T03:06:30.224Z]   Error inserting cards batch: duplicate key value violates unique constraint "ref_build_cards_build_id_card_name_key"
[2026-08-06T03:06:30.225Z]   Created build artifacts: 0 cards
[2026-08-06T03:06:32.121Z]   Error inserting cards batch: duplicate key value violates unique constraint "ref_build_cards_build_id_card_name_key"
[2026-08-06T03:06:32.121Z]   Created build tokens: 0 cards
[2026-08-06T03:06:34.075Z]   Created build theft: 100 cards
[2026-08-06T03:06:34.075Z] [369/770] Urza, Lord Protector
[2026-08-06T03:06:34.075Z]   Processing Urza, Lord Protector (4305 decks)
[2026-08-06T03:06:34.260Z]   Found 2 themes: artifacts, combo
[2026-08-06T03:06:36.166Z]   Error inserting cards batch: duplicate key value violates unique constraint "ref_build_cards_build_id_card_name_key"
[2026-08-06T03:06:36.166Z]   Created build artifacts: 0 cards
[2026-08-06T03:06:38.049Z]   Error inserting cards batch: duplicate key value violates unique constraint "ref_build_cards_build_id_card_name_key"
[2026-08-06T03:06:38.049Z]   Created build combo: 0 cards
[2026-08-06T03:06:38.049Z] [370/770] Loot, the Key to Everything
[2026-08-06T03:06:38.049Z]   Processing Loot, the Key to Everything (4299 decks)
[2026-08-06T03:06:38.243Z]   Found 2 themes: exile, lands-matter
[2026-08-06T03:06:40.148Z]   Error inserting cards batch: duplicate key value violates unique constraint "ref_build_cards_build_id_card_name_key"
[2026-08-06T03:06:40.148Z]   Created build exile: 0 cards
[2026-08-06T03:06:41.998Z]   Created build lands-matter: 100 cards
[2026-08-06T03:06:41.998Z] [371/770] Noctis, Heir Apparent
[2026-08-06T03:06:41.998Z]   Processing Noctis, Heir Apparent (4299 decks)
[2026-08-06T03:06:42.180Z]   Found 2 themes: equipment, voltron
[2026-08-06T03:06:44.056Z]   Error inserting cards batch: duplicate key value violates unique constraint "ref_build_cards_build_id_card_name_key"
[2026-08-06T03:06:44.057Z]   Created build equipment: 0 cards
[2026-08-06T03:06:46.005Z]   Error inserting cards batch: duplicate key value violates unique constraint "ref_build_cards_build_id_card_name_key"
[2026-08-06T03:06:46.005Z]   Created build voltron: 0 cards
[2026-08-06T03:06:46.005Z] [372/770] Dionus, Elvish Archdruid
[2026-08-06T03:06:46.005Z]   Processing Dionus, Elvish Archdruid (4287 decks)
[2026-08-06T03:06:46.199Z]   Found 3 themes: elves, plus-1-plus-1-counters, vehicles
[2026-08-06T03:06:48.060Z]   Error inserting cards batch: duplicate key value violates unique constraint "ref_build_cards_build_id_card_name_key"
[2026-08-06T03:06:48.060Z]   Created build elves: 0 cards
[2026-08-06T03:06:49.900Z]   Error inserting cards batch: duplicate key value violates unique constraint "ref_build_cards_build_id_card_name_key"
[2026-08-06T03:06:49.900Z]   Created build plus-1-plus-1-counters: 0 cards
[2026-08-06T03:06:51.734Z]   Error inserting cards batch: duplicate key value violates unique constraint "ref_build_cards_build_id_card_name_key"
[2026-08-06T03:06:51.734Z]   Created build vehicles: 0 cards
[2026-08-06T03:06:51.734Z] [373/770] Firesong and Sunspeaker
[2026-08-06T03:06:51.734Z]   Processing Firesong and Sunspeaker (4283 decks)
[2026-08-06T03:06:51.916Z]   Found 4 themes: burn, lifegain, spellslinger, sunforger
[2026-08-06T03:06:53.786Z]   Error inserting cards batch: duplicate key value violates unique constraint "ref_build_cards_build_id_card_name_key"
[2026-08-06T03:06:53.786Z]   Created build burn: 0 cards
[2026-08-06T03:06:55.660Z]   Error inserting cards batch: duplicate key value violates unique constraint "ref_build_cards_build_id_card_name_key"
[2026-08-06T03:06:55.660Z]   Created build lifegain: 0 cards
[2026-08-06T03:06:57.605Z]   Created build spellslinger: 100 cards
[2026-08-06T03:06:57.605Z]   Skipping ignored tag: sunforger
[2026-08-06T03:06:57.605Z] [374/770] Halana and Alena, Partners
[2026-08-06T03:06:57.605Z]   Processing Halana and Alena, Partners (4279 decks)
[2026-08-06T03:06:57.794Z]   Found 2 themes: plus-1-plus-1-counters, aggro
[2026-08-06T03:06:59.714Z]   Error inserting cards batch: duplicate key value violates unique constraint "ref_build_cards_build_id_card_name_key"
[2026-08-06T03:06:59.714Z]   Created build plus-1-plus-1-counters: 0 cards
[2026-08-06T03:07:01.595Z]   Created build aggro: 100 cards
[2026-08-06T03:07:01.595Z] [375/770] Archelos, Lagoon Mystic
[2026-08-06T03:07:01.595Z]   Processing Archelos, Lagoon Mystic (4277 decks)
[2026-08-06T03:07:01.776Z]   Found 2 themes: lands-matter, turtles
[2026-08-06T03:07:03.967Z]   Created build lands-matter: 100 cards
[2026-08-06T03:07:03.967Z]   Skipping ignored tag: turtles
[2026-08-06T03:07:03.967Z] [376/770] Kathril, Aspect Warper
[2026-08-06T03:07:03.967Z]   Processing Kathril, Aspect Warper (4255 decks)
[2026-08-06T03:07:04.149Z]   Found 7 themes: keywords, voltron, reanimator, mill, plus-1-plus-1-counters, graveyard, self-mill
[2026-08-06T03:07:04.149Z]   Skipping ignored tag: keywords
[2026-08-06T03:07:05.754Z]   Created build voltron: 100 cards
[2026-08-06T03:07:07.631Z]   Error inserting cards batch: duplicate key value violates unique constraint "ref_build_cards_build_id_card_name_key"
[2026-08-06T03:07:07.631Z]   Created build reanimator: 0 cards
[2026-08-06T03:07:09.553Z]   Error inserting cards batch: duplicate key value violates unique constraint "ref_build_cards_build_id_card_name_key"
[2026-08-06T03:07:09.553Z]   Created build mill: 0 cards
[2026-08-06T03:07:11.407Z]   Created build plus-1-plus-1-counters: 100 cards
[2026-08-06T03:07:13.306Z]   Error inserting cards batch: duplicate key value violates unique constraint "ref_build_cards_build_id_card_name_key"
[2026-08-06T03:07:13.306Z]   Created build graveyard: 0 cards
[2026-08-06T03:07:15.215Z]   Error inserting cards batch: duplicate key value violates unique constraint "ref_build_cards_build_id_card_name_key"
[2026-08-06T03:07:15.215Z]   Created build self-mill: 0 cards
[2026-08-06T03:07:15.215Z] [377/770] Ghoulcaller Gisa
[2026-08-06T03:07:15.215Z]   Processing Ghoulcaller Gisa (4251 decks)
[2026-08-06T03:07:15.415Z]   Found 4 themes: zombies, tokens, aristocrats, reanimator
[2026-08-06T03:07:17.271Z]   Error inserting cards batch: duplicate key value violates unique constraint "ref_build_cards_build_id_card_name_key"
[2026-08-06T03:07:17.271Z]   Created build zombies: 0 cards
[2026-08-06T03:07:19.132Z]   Error inserting cards batch: duplicate key value violates unique constraint "ref_build_cards_build_id_card_name_key"
[2026-08-06T03:07:19.132Z]   Created build tokens: 0 cards
[2026-08-06T03:07:21.085Z]   Error inserting cards batch: duplicate key value violates unique constraint "ref_build_cards_build_id_card_name_key"
[2026-08-06T03:07:21.085Z]   Created build aristocrats: 0 cards
[2026-08-06T03:07:23.145Z]   Error inserting cards batch: duplicate key value violates unique constraint "ref_build_cards_build_id_card_name_key"
[2026-08-06T03:07:23.145Z]   Created build reanimator: 0 cards
[2026-08-06T03:07:23.145Z] [378/770] Lady Octopus, Inspired Inventor
[2026-08-06T03:07:23.145Z]   Processing Lady Octopus, Inspired Inventor (4241 decks)
[2026-08-06T03:07:23.314Z]   Found 1 themes: artifacts
[2026-08-06T03:07:25.037Z]   Error inserting cards batch: duplicate key value violates unique constraint "ref_build_cards_build_id_card_name_key"
[2026-08-06T03:07:25.037Z]   Created build artifacts: 0 cards
[2026-08-06T03:07:25.037Z] [379/770] Valgavoth, Terror Eater
[2026-08-06T03:07:25.037Z]   Processing Valgavoth, Terror Eater (4226 decks)
[2026-08-06T03:07:25.238Z]   Found 1 themes: lifegain
[2026-08-06T03:07:27.084Z]   Error inserting cards batch: duplicate key value violates unique constraint "ref_build_cards_build_id_card_name_key"
[2026-08-06T03:07:27.084Z]   Created build lifegain: 0 cards
[2026-08-06T03:07:27.084Z] [380/770] River Song
[2026-08-06T03:07:27.084Z]   Processing River Song (4203 decks)
[2026-08-06T03:07:27.284Z]   Found 3 themes: topdeck, land-destruction, spellslinger
[2026-08-06T03:07:29.181Z]   Error inserting cards batch: duplicate key value violates unique constraint "ref_build_cards_build_id_card_name_key"
[2026-08-06T03:07:29.181Z]   Created build topdeck: 0 cards
[2026-08-06T03:07:31.036Z]   Error inserting cards batch: duplicate key value violates unique constraint "ref_build_cards_build_id_card_name_key"
[2026-08-06T03:07:31.036Z]   Created build land-destruction: 0 cards
[2026-08-06T03:07:32.937Z]   Error inserting cards batch: duplicate key value violates unique constraint "ref_build_cards_build_id_card_name_key"
[2026-08-06T03:07:32.937Z]   Created build spellslinger: 0 cards
[2026-08-06T03:07:32.937Z] [381/770] Avacyn, Angel of Hope
[2026-08-06T03:07:32.937Z]   Processing Avacyn, Angel of Hope (4202 decks)
[2026-08-06T03:07:33.115Z]   Found 3 themes: angels, lifegain, land-destruction
[2026-08-06T03:07:35.056Z]   Error inserting cards batch: duplicate key value violates unique constraint "ref_build_cards_build_id_card_name_key"
[2026-08-06T03:07:35.057Z]   Created build angels: 0 cards
[2026-08-06T03:07:36.857Z]   Error inserting cards batch: duplicate key value violates unique constraint "ref_build_cards_build_id_card_name_key"
[2026-08-06T03:07:36.857Z]   Created build lifegain: 0 cards
[2026-08-06T03:07:38.812Z]   Error inserting cards batch: duplicate key value violates unique constraint "ref_build_cards_build_id_card_name_key"
[2026-08-06T03:07:38.812Z]   Created build land-destruction: 0 cards
[2026-08-06T03:07:38.812Z] [382/770] Chiss-Goria, Forge Tyrant
[2026-08-06T03:07:38.812Z]   Processing Chiss-Goria, Forge Tyrant (4197 decks)
[2026-08-06T03:07:39.005Z]   Found 4 themes: artifacts, affinity, treasure, voltron
[2026-08-06T03:07:40.866Z]   Error inserting cards batch: duplicate key value violates unique constraint "ref_build_cards_build_id_card_name_key"
[2026-08-06T03:07:40.866Z]   Created build artifacts: 0 cards
[2026-08-06T03:07:42.730Z]   Error inserting cards batch: duplicate key value violates unique constraint "ref_build_cards_build_id_card_name_key"
[2026-08-06T03:07:42.730Z]   Created build affinity: 0 cards
[2026-08-06T03:07:44.649Z]   Error inserting cards batch: duplicate key value violates unique constraint "ref_build_cards_build_id_card_name_key"
[2026-08-06T03:07:44.649Z]   Created build treasure: 0 cards
[2026-08-06T03:07:46.500Z]   Error inserting cards batch: duplicate key value violates unique constraint "ref_build_cards_build_id_card_name_key"
[2026-08-06T03:07:46.500Z]   Created build voltron: 0 cards
[2026-08-06T03:07:46.500Z] [383/770] The Capitoline Triad
[2026-08-06T03:07:46.500Z]   Processing The Capitoline Triad (4164 decks)
[2026-08-06T03:07:46.702Z]   Found 2 themes: artifacts, historic
[2026-08-06T03:07:48.666Z]   Error inserting cards batch: duplicate key value violates unique constraint "ref_build_cards_build_id_card_name_key"
[2026-08-06T03:07:48.666Z]   Created build artifacts: 0 cards
[2026-08-06T03:07:50.555Z]   Error inserting cards batch: duplicate key value violates unique constraint "ref_build_cards_build_id_card_name_key"
[2026-08-06T03:07:50.555Z]   Created build historic: 0 cards
[2026-08-06T03:07:50.555Z] [384/770] Teysa, Orzhov Scion
[2026-08-06T03:07:50.555Z]   Processing Teysa, Orzhov Scion (4160 decks)
[2026-08-06T03:07:50.754Z]   Found 4 themes: aristocrats, tokens, combo, sacrifice
[2026-08-06T03:07:52.659Z]   Error inserting cards batch: duplicate key value violates unique constraint "ref_build_cards_build_id_card_name_key"
[2026-08-06T03:07:52.659Z]   Created build aristocrats: 0 cards
[2026-08-06T03:07:54.600Z]   Error inserting cards batch: duplicate key value violates unique constraint "ref_build_cards_build_id_card_name_key"
[2026-08-06T03:07:54.600Z]   Created build tokens: 0 cards
[2026-08-06T03:07:56.449Z]   Created build combo: 100 cards
[2026-08-06T03:07:58.334Z]   Error inserting cards batch: duplicate key value violates unique constraint "ref_build_cards_build_id_card_name_key"
[2026-08-06T03:07:58.334Z]   Created build sacrifice: 0 cards
[2026-08-06T03:07:58.334Z] [385/770] Evelyn, the Covetous
[2026-08-06T03:07:58.334Z]   Processing Evelyn, the Covetous (4159 decks)
[2026-08-06T03:07:58.515Z]   Found 2 themes: vampires, theft
[2026-08-06T03:08:00.385Z]   Error inserting cards batch: duplicate key value violates unique constraint "ref_build_cards_build_id_card_name_key"
[2026-08-06T03:08:00.385Z]   Created build vampires: 0 cards
[2026-08-06T03:08:02.216Z]   Error inserting cards batch: duplicate key value violates unique constraint "ref_build_cards_build_id_card_name_key"
[2026-08-06T03:08:02.216Z]   Created build theft: 0 cards
[2026-08-06T03:08:02.216Z] [386/770] Kasla, the Broken Halo
[2026-08-06T03:08:02.216Z]   Processing Kasla, the Broken Halo (4159 decks)
[2026-08-06T03:08:02.392Z]   Found 2 themes: convoke, tokens
[2026-08-06T03:08:04.237Z]   Error inserting cards batch: duplicate key value violates unique constraint "ref_build_cards_build_id_card_name_key"
[2026-08-06T03:08:04.237Z]   Created build convoke: 0 cards
[2026-08-06T03:08:06.088Z]   Error inserting cards batch: duplicate key value violates unique constraint "ref_build_cards_build_id_card_name_key"
[2026-08-06T03:08:06.088Z]   Created build tokens: 0 cards
[2026-08-06T03:08:06.088Z] [387/770] Rev, Tithe Extractor
[2026-08-06T03:08:06.088Z]   Processing Rev, Tithe Extractor (4136 decks)
[2026-08-06T03:08:06.286Z]   Found 2 themes: treasure, theft
[2026-08-06T03:08:08.277Z]   Error inserting cards batch: duplicate key value violates unique constraint "ref_build_cards_build_id_card_name_key"
[2026-08-06T03:08:08.277Z]   Created build treasure: 0 cards
[2026-08-06T03:08:10.120Z]   Error inserting cards batch: duplicate key value violates unique constraint "ref_build_cards_build_id_card_name_key"
[2026-08-06T03:08:10.120Z]   Created build theft: 0 cards
[2026-08-06T03:08:10.120Z] [388/770] Kresh the Bloodbraided
[2026-08-06T03:08:10.120Z]   Processing Kresh the Bloodbraided (4125 decks)
[2026-08-06T03:08:10.445Z]   Found 3 themes: plus-1-plus-1-counters, aristocrats, sacrifice
[2026-08-06T03:08:12.338Z]   Error inserting cards batch: duplicate key value violates unique constraint "ref_build_cards_build_id_card_name_key"
[2026-08-06T03:08:12.338Z]   Created build plus-1-plus-1-counters: 0 cards
[2026-08-06T03:08:14.212Z]   Error inserting cards batch: duplicate key value violates unique constraint "ref_build_cards_build_id_card_name_key"
[2026-08-06T03:08:14.212Z]   Created build aristocrats: 0 cards
[2026-08-06T03:08:16.101Z]   Error inserting cards batch: duplicate key value violates unique constraint "ref_build_cards_build_id_card_name_key"
[2026-08-06T03:08:16.101Z]   Created build sacrifice: 0 cards
[2026-08-06T03:08:16.101Z] [389/770] Merry, Warden of Isengard & Pippin, Warden of Isengard
[2026-08-06T03:08:16.101Z]   Processing Merry, Warden of Isengard & Pippin, Warden of Isengard (4113 decks)
[2026-08-06T03:08:16.289Z]   Found 4 themes: tokens, lifegain, food, sacrifice
[2026-08-06T03:08:18.140Z]   Error inserting cards batch: duplicate key value violates unique constraint "ref_build_cards_build_id_card_name_key"
[2026-08-06T03:08:18.140Z]   Created build tokens: 0 cards
[2026-08-06T03:08:20.064Z]   Error inserting cards batch: duplicate key value violates unique constraint "ref_build_cards_build_id_card_name_key"
[2026-08-06T03:08:20.064Z]   Created build lifegain: 0 cards
[2026-08-06T03:08:21.891Z]   Error inserting cards batch: duplicate key value violates unique constraint "ref_build_cards_build_id_card_name_key"
[2026-08-06T03:08:21.891Z]   Created build food: 0 cards
[2026-08-06T03:08:23.781Z]   Error inserting cards batch: duplicate key value violates unique constraint "ref_build_cards_build_id_card_name_key"
[2026-08-06T03:08:23.781Z]   Created build sacrifice: 0 cards
[2026-08-06T03:08:23.781Z] [390/770] Kutzil, Malamet Exemplar
[2026-08-06T03:08:23.781Z]   Processing Kutzil, Malamet Exemplar (4095 decks)
[2026-08-06T03:08:23.954Z]   Found 2 themes: plus-1-plus-1-counters, cats
[2026-08-06T03:08:25.846Z]   Error inserting cards batch: duplicate key value violates unique constraint "ref_build_cards_build_id_card_name_key"
[2026-08-06T03:08:25.846Z]   Created build plus-1-plus-1-counters: 0 cards
[2026-08-06T03:08:27.724Z]   Error inserting cards batch: duplicate key value violates unique constraint "ref_build_cards_build_id_card_name_key"
[2026-08-06T03:08:27.724Z]   Created build cats: 0 cards
[2026-08-06T03:08:27.724Z] [391/770] Carth the Lion
[2026-08-06T03:08:27.724Z]   Processing Carth the Lion (4086 decks)
[2026-08-06T03:08:27.895Z]   Found 1 themes: planeswalkers
[2026-08-06T03:08:29.855Z]   Error inserting cards batch: duplicate key value violates unique constraint "ref_build_cards_build_id_card_name_key"
[2026-08-06T03:08:29.855Z]   Created build planeswalkers: 0 cards
[2026-08-06T03:08:29.855Z] [392/770] Bonny Pall, Clearcutter
[2026-08-06T03:08:29.855Z]   Processing Bonny Pall, Clearcutter (4070 decks)
[2026-08-06T03:08:30.026Z]   Found 3 themes: lands-matter, landfall, ramp
[2026-08-06T03:08:31.957Z]   Error inserting cards batch: duplicate key value violates unique constraint "ref_build_cards_build_id_card_name_key"
[2026-08-06T03:08:31.957Z]   Created build lands-matter: 0 cards
[2026-08-06T03:08:33.795Z]   Error inserting cards batch: duplicate key value violates unique constraint "ref_build_cards_build_id_card_name_key"
[2026-08-06T03:08:33.795Z]   Created build landfall: 0 cards
[2026-08-06T03:08:35.769Z]   Error inserting cards batch: duplicate key value violates unique constraint "ref_build_cards_build_id_card_name_key"
[2026-08-06T03:08:35.769Z]   Created build ramp: 0 cards
[2026-08-06T03:08:35.769Z] [393/770] Thrasios, Triton Hero & Yoshimaru, Ever Faithful
[2026-08-06T03:08:35.769Z]   Processing Thrasios, Triton Hero & Yoshimaru, Ever Faithful (4035 decks)
[2026-08-06T03:08:35.942Z]   Found 4 themes: cedh, combo, birthing-pod, midrange
[2026-08-06T03:08:35.942Z]   Skipping ignored tag: cedh
[2026-08-06T03:08:37.665Z]   Error inserting cards batch: duplicate key value violates unique constraint "ref_build_cards_build_id_card_name_key"
[2026-08-06T03:08:37.665Z]   Created build combo: 0 cards
[2026-08-06T03:08:39.555Z]   Error inserting cards batch: duplicate key value violates unique constraint "ref_build_cards_build_id_card_name_key"
[2026-08-06T03:08:39.555Z]   Created build birthing-pod: 0 cards
[2026-08-06T03:08:39.555Z]   Skipping ignored tag: midrange
[2026-08-06T03:08:39.555Z] [394/770] Bruenor Battlehammer
[2026-08-06T03:08:39.555Z]   Processing Bruenor Battlehammer (4017 decks)
[2026-08-06T03:08:39.732Z]   Found 4 themes: equipment, voltron, dwarves, artifacts
[2026-08-06T03:08:41.630Z]   Created build equipment: 100 cards
[2026-08-06T03:08:43.569Z]   Error inserting cards batch: duplicate key value violates unique constraint "ref_build_cards_build_id_card_name_key"
[2026-08-06T03:08:43.569Z]   Created build voltron: 0 cards
[2026-08-06T03:08:45.429Z]   Error inserting cards batch: duplicate key value violates unique constraint "ref_build_cards_build_id_card_name_key"
[2026-08-06T03:08:45.429Z]   Created build dwarves: 0 cards
[2026-08-06T03:08:47.394Z]   Error inserting cards batch: duplicate key value violates unique constraint "ref_build_cards_build_id_card_name_key"
[2026-08-06T03:08:47.394Z]   Created build artifacts: 0 cards
[2026-08-06T03:08:47.394Z] [395/770] Bumi, Unleashed
[2026-08-06T03:08:47.394Z]   Processing Bumi, Unleashed (4015 decks)
[2026-08-06T03:08:47.566Z]   Found 3 themes: lands-matter, plus-1-plus-1-counters, extra-combats
[2026-08-06T03:08:49.473Z]   Error inserting cards batch: duplicate key value violates unique constraint "ref_build_cards_build_id_card_name_key"
[2026-08-06T03:08:49.473Z]   Created build lands-matter: 0 cards
[2026-08-06T03:08:51.290Z]   Error inserting cards batch: duplicate key value violates unique constraint "ref_build_cards_build_id_card_name_key"
[2026-08-06T03:08:51.290Z]   Created build plus-1-plus-1-counters: 0 cards
[2026-08-06T03:08:53.155Z]   Error inserting cards batch: duplicate key value violates unique constraint "ref_build_cards_build_id_card_name_key"
[2026-08-06T03:08:53.155Z]   Created build extra-combats: 0 cards
[2026-08-06T03:08:53.155Z] [396/770] Cadira, Caller of the Small
[2026-08-06T03:08:53.155Z]   Processing Cadira, Caller of the Small (4011 decks)
[2026-08-06T03:08:53.341Z]   Found 2 themes: tokens, rabbits
[2026-08-06T03:08:55.222Z]   Error inserting cards batch: duplicate key value violates unique constraint "ref_build_cards_build_id_card_name_key"
[2026-08-06T03:08:55.222Z]   Created build tokens: 0 cards
[2026-08-06T03:08:55.222Z]   Skipping ignored tag: rabbits
[2026-08-06T03:08:55.222Z] [397/770] Muddle, the Ever-Changing
[2026-08-06T03:08:55.222Z]   Processing Muddle, the Ever-Changing (4000 decks)
[2026-08-06T03:08:55.433Z]   Found 4 themes: spellslinger, clones, tokens, myriad
[2026-08-06T03:08:57.229Z]   Error inserting cards batch: duplicate key value violates unique constraint "ref_build_cards_build_id_card_name_key"
[2026-08-06T03:08:57.229Z]   Created build spellslinger: 0 cards
[2026-08-06T03:08:59.096Z]   Error inserting cards batch: duplicate key value violates unique constraint "ref_build_cards_build_id_card_name_key"
[2026-08-06T03:08:59.096Z]   Created build clones: 0 cards
[2026-08-06T03:09:00.959Z]   Error inserting cards batch: duplicate key value violates unique constraint "ref_build_cards_build_id_card_name_key"
[2026-08-06T03:09:00.959Z]   Created build tokens: 0 cards
[2026-08-06T03:09:02.847Z]   Error inserting cards batch: duplicate key value violates unique constraint "ref_build_cards_build_id_card_name_key"
[2026-08-06T03:09:02.847Z]   Created build myriad: 0 cards
[2026-08-06T03:09:02.847Z] [398/770] Neheb, the Eternal
[2026-08-06T03:09:02.847Z]   Processing Neheb, the Eternal (3995 decks)
[2026-08-06T03:09:03.017Z]   Found 3 themes: burn, dragons-approach, spellslinger
[2026-08-06T03:09:04.896Z]   Error inserting cards batch: duplicate key value violates unique constraint "ref_build_cards_build_id_card_name_key"
[2026-08-06T03:09:04.896Z]   Created build burn: 0 cards
[2026-08-06T03:09:06.824Z]   Error inserting cards batch: duplicate key value violates unique constraint "ref_build_cards_build_id_card_name_key"
[2026-08-06T03:09:06.824Z]   Created build dragons-approach: 0 cards
[2026-08-06T03:09:08.652Z]   Created build spellslinger: 100 cards
[2026-08-06T03:09:08.652Z] [399/770] Bjorna, Nightfall Alchemist & Wernog, Rider's Chaplain
[2026-08-06T03:09:08.652Z]   Processing Bjorna, Nightfall Alchemist & Wernog, Rider's Chaplain (3965 decks)
[2026-08-06T03:09:08.862Z]   Found 7 themes: artifacts, blink, combo, sacrifice, clues, tokens, cedh
[2026-08-06T03:09:10.730Z]   Error inserting cards batch: duplicate key value violates unique constraint "ref_build_cards_build_id_card_name_key"
[2026-08-06T03:09:10.730Z]   Created build artifacts: 0 cards
[2026-08-06T03:09:12.605Z]   Error inserting cards batch: duplicate key value violates unique constraint "ref_build_cards_build_id_card_name_key"
[2026-08-06T03:09:12.605Z]   Created build blink: 0 cards
[2026-08-06T03:09:14.458Z]   Error inserting cards batch: duplicate key value violates unique constraint "ref_build_cards_build_id_card_name_key"
[2026-08-06T03:09:14.458Z]   Created build combo: 0 cards
[2026-08-06T03:09:16.295Z]   Error inserting cards batch: duplicate key value violates unique constraint "ref_build_cards_build_id_card_name_key"
[2026-08-06T03:09:16.295Z]   Created build sacrifice: 0 cards
[2026-08-06T03:09:18.206Z]   Error inserting cards batch: duplicate key value violates unique constraint "ref_build_cards_build_id_card_name_key"
[2026-08-06T03:09:18.206Z]   Created build clues: 0 cards
[2026-08-06T03:09:20.010Z]   Error inserting cards batch: duplicate key value violates unique constraint "ref_build_cards_build_id_card_name_key"
[2026-08-06T03:09:20.010Z]   Created build tokens: 0 cards
[2026-08-06T03:09:20.010Z]   Skipping ignored tag: cedh
[2026-08-06T03:09:20.010Z] [400/770] Breeches, Brazen Plunderer & Malcolm, Keen-Eyed Navigator
[2026-08-06T03:09:20.010Z]   Processing Breeches, Brazen Plunderer & Malcolm, Keen-Eyed Navigator (3954 decks)
[2026-08-06T03:09:20.185Z]   Found 4 themes: pirates, treasure, combo, theft
[2026-08-06T03:09:22.035Z]   Error inserting cards batch: duplicate key value violates unique constraint "ref_build_cards_build_id_card_name_key"
[2026-08-06T03:09:22.035Z]   Created build pirates: 0 cards
[2026-08-06T03:09:23.941Z]   Error inserting cards batch: duplicate key value violates unique constraint "ref_build_cards_build_id_card_name_key"
[2026-08-06T03:09:23.941Z]   Created build treasure: 0 cards
[2026-08-06T03:09:25.795Z]   Error inserting cards batch: duplicate key value violates unique constraint "ref_build_cards_build_id_card_name_key"
[2026-08-06T03:09:25.795Z]   Created build combo: 0 cards
[2026-08-06T03:09:27.709Z]   Error inserting cards batch: duplicate key value violates unique constraint "ref_build_cards_build_id_card_name_key"
[2026-08-06T03:09:27.709Z]   Created build theft: 0 cards
[2026-08-06T03:09:27.709Z] 
[2026-08-06T03:09:27.709Z] Progress: 400 processed, 1598 builds, 131000 cards
[2026-08-06T03:09:27.709Z] 
[2026-08-06T03:09:27.709Z] [401/770] Graaz, Unstoppable Juggernaut
[2026-08-06T03:09:27.709Z]   Processing Graaz, Unstoppable Juggernaut (3954 decks)
[2026-08-06T03:09:27.907Z]   Found 3 themes: artifacts, tokens, aggro
[2026-08-06T03:09:29.846Z]   Error inserting cards batch: duplicate key value violates unique constraint "ref_build_cards_build_id_card_name_key"
[2026-08-06T03:09:29.846Z]   Created build artifacts: 0 cards
[2026-08-06T03:09:31.681Z]   Error inserting cards batch: duplicate key value violates unique constraint "ref_build_cards_build_id_card_name_key"
[2026-08-06T03:09:31.681Z]   Created build tokens: 0 cards
[2026-08-06T03:09:33.582Z]   Error inserting cards batch: duplicate key value violates unique constraint "ref_build_cards_build_id_card_name_key"
[2026-08-06T03:09:33.582Z]   Created build aggro: 0 cards
[2026-08-06T03:09:33.582Z] [402/770] The Master, Transcendent
[2026-08-06T03:09:33.582Z]   Processing The Master, Transcendent (3953 decks)
[2026-08-06T03:09:33.766Z]   Found 2 themes: mill, reanimator
[2026-08-06T03:09:35.650Z]   Error inserting cards batch: duplicate key value violates unique constraint "ref_build_cards_build_id_card_name_key"
[2026-08-06T03:09:35.650Z]   Created build mill: 0 cards
[2026-08-06T03:09:37.479Z]   Created build reanimator: 100 cards
[2026-08-06T03:09:37.479Z] [403/770] The Howling Abomination
[2026-08-06T03:09:37.479Z]   Processing The Howling Abomination (3947 decks)
[2026-08-06T03:09:37.659Z]   Found 6 themes: spellslinger, cantrips, voltron, burn, storm, aggro
[2026-08-06T03:09:40.334Z]   Created build spellslinger: 100 cards
[2026-08-06T03:09:41.984Z]   Error inserting cards batch: duplicate key value violates unique constraint "ref_build_cards_build_id_card_name_key"
[2026-08-06T03:09:41.984Z]   Created build cantrips: 0 cards
[2026-08-06T03:09:43.859Z]   Error inserting cards batch: duplicate key value violates unique constraint "ref_build_cards_build_id_card_name_key"
[2026-08-06T03:09:43.859Z]   Created build voltron: 0 cards
[2026-08-06T03:09:45.732Z]   Created build burn: 100 cards
[2026-08-06T03:09:47.624Z]   Error inserting cards batch: duplicate key value violates unique constraint "ref_build_cards_build_id_card_name_key"
[2026-08-06T03:09:47.624Z]   Created build storm: 0 cards
[2026-08-06T03:09:49.456Z]   Error inserting cards batch: duplicate key value violates unique constraint "ref_build_cards_build_id_card_name_key"
[2026-08-06T03:09:49.456Z]   Created build aggro: 0 cards
[2026-08-06T03:09:49.456Z] [404/770] Mayael the Anima
[2026-08-06T03:09:49.456Z]   Processing Mayael the Anima (3929 decks)
[2026-08-06T03:09:49.637Z]   Found 2 themes: big-mana, ramp
[2026-08-06T03:09:51.487Z]   Error inserting cards batch: duplicate key value violates unique constraint "ref_build_cards_build_id_card_name_key"
[2026-08-06T03:09:51.487Z]   Created build big-mana: 0 cards
[2026-08-06T03:09:53.369Z]   Error inserting cards batch: duplicate key value violates unique constraint "ref_build_cards_build_id_card_name_key"
[2026-08-06T03:09:53.369Z]   Created build ramp: 0 cards
[2026-08-06T03:09:53.369Z] [405/770] The Watcher in the Water
[2026-08-06T03:09:53.369Z]   Processing The Watcher in the Water (3920 decks)
[2026-08-06T03:09:53.539Z]   Found 4 themes: wheels, tokens, card-draw, cantrips
[2026-08-06T03:09:55.421Z]   Error inserting cards batch: duplicate key value violates unique constraint "ref_build_cards_build_id_card_name_key"
[2026-08-06T03:09:55.421Z]   Created build wheels: 0 cards
[2026-08-06T03:09:57.329Z]   Error inserting cards batch: duplicate key value violates unique constraint "ref_build_cards_build_id_card_name_key"
[2026-08-06T03:09:57.329Z]   Created build tokens: 0 cards
[2026-08-06T03:09:59.155Z]   Error inserting cards batch: duplicate key value violates unique constraint "ref_build_cards_build_id_card_name_key"
[2026-08-06T03:09:59.155Z]   Created build card-draw: 0 cards
[2026-08-06T03:10:01.081Z]   Error inserting cards batch: duplicate key value violates unique constraint "ref_build_cards_build_id_card_name_key"
[2026-08-06T03:10:01.081Z]   Created build cantrips: 0 cards
[2026-08-06T03:10:01.081Z] [406/770] Zilortha, Strength Incarnate
[2026-08-06T03:10:01.081Z]   Processing Zilortha, Strength Incarnate (3920 decks)
[2026-08-06T03:10:01.267Z]   Found 2 themes: power, aggro
[2026-08-06T03:10:03.273Z]   Error inserting cards batch: duplicate key value violates unique constraint "ref_build_cards_build_id_card_name_key"
[2026-08-06T03:10:03.273Z]   Created build power: 0 cards
[2026-08-06T03:10:05.005Z]   Error inserting cards batch: duplicate key value violates unique constraint "ref_build_cards_build_id_card_name_key"
[2026-08-06T03:10:05.005Z]   Created build aggro: 0 cards
[2026-08-06T03:10:05.005Z] [407/770] Malik, Grim Manipulator
[2026-08-06T03:10:05.005Z]   Processing Malik, Grim Manipulator (3914 decks)
[2026-08-06T03:10:05.184Z]   Found 5 themes: treasure, sacrifice, blink, control, aristocrats
[2026-08-06T03:10:07.055Z]   Error inserting cards batch: duplicate key value violates unique constraint "ref_build_cards_build_id_card_name_key"
[2026-08-06T03:10:07.055Z]   Created build treasure: 0 cards
[2026-08-06T03:10:09.170Z]   Error inserting cards batch: duplicate key value violates unique constraint "ref_build_cards_build_id_card_name_key"
[2026-08-06T03:10:09.170Z]   Created build sacrifice: 0 cards
[2026-08-06T03:10:11.072Z]   Error inserting cards batch: duplicate key value violates unique constraint "ref_build_cards_build_id_card_name_key"
[2026-08-06T03:10:11.072Z]   Created build blink: 0 cards
[2026-08-06T03:10:12.934Z]   Error inserting cards batch: duplicate key value violates unique constraint "ref_build_cards_build_id_card_name_key"
[2026-08-06T03:10:12.934Z]   Created build control: 0 cards
[2026-08-06T03:10:14.814Z]   Error inserting cards batch: duplicate key value violates unique constraint "ref_build_cards_build_id_card_name_key"
[2026-08-06T03:10:14.814Z]   Created build aristocrats: 0 cards
[2026-08-06T03:10:14.814Z] [408/770] Niv-Mizzet, Guildpact
[2026-08-06T03:10:14.814Z]   Processing Niv-Mizzet, Guildpact (3912 decks)
[2026-08-06T03:10:14.988Z]   Found 2 themes: legends, multicolor-matters
[2026-08-06T03:10:16.820Z]   Error inserting cards batch: duplicate key value violates unique constraint "ref_build_cards_build_id_card_name_key"
[2026-08-06T03:10:16.820Z]   Created build legends: 0 cards
[2026-08-06T03:10:18.646Z]   Error inserting cards batch: duplicate key value violates unique constraint "ref_build_cards_build_id_card_name_key"
[2026-08-06T03:10:18.646Z]   Created build multicolor-matters: 0 cards
[2026-08-06T03:10:18.646Z] [409/770] Zimone, Paradox Sculptor
[2026-08-06T03:10:18.646Z]   Processing Zimone, Paradox Sculptor (3907 decks)
[2026-08-06T03:10:18.835Z]   Found 1 themes: plus-1-plus-1-counters
[2026-08-06T03:10:20.734Z]   Error inserting cards batch: duplicate key value violates unique constraint "ref_build_cards_build_id_card_name_key"
[2026-08-06T03:10:20.735Z]   Created build plus-1-plus-1-counters: 0 cards
[2026-08-06T03:10:20.735Z] [410/770] Edea, Possessed Sorceress
[2026-08-06T03:10:20.735Z]   Processing Edea, Possessed Sorceress (3897 decks)
[2026-08-06T03:10:20.903Z]   Found 1 themes: theft
[2026-08-06T03:10:22.822Z]   Error inserting cards batch: duplicate key value violates unique constraint "ref_build_cards_build_id_card_name_key"
[2026-08-06T03:10:22.822Z]   Created build theft: 0 cards
[2026-08-06T03:10:22.822Z] [411/770] Illuna, Apex of Wishes
[2026-08-06T03:10:22.822Z]   Processing Illuna, Apex of Wishes (3896 decks)
[2026-08-06T03:10:23.019Z]   Found 1 themes: mutate
[2026-08-06T03:10:24.901Z]   Error inserting cards batch: duplicate key value violates unique constraint "ref_build_cards_build_id_card_name_key"
[2026-08-06T03:10:24.901Z]   Created build mutate: 0 cards
[2026-08-06T03:10:24.901Z] [412/770] Brion Stoutarm
[2026-08-06T03:10:24.901Z]   Processing Brion Stoutarm (3891 decks)
[2026-08-06T03:10:25.081Z]   Found 3 themes: theft, fling, lifegain
[2026-08-06T03:10:26.961Z]   Error inserting cards batch: duplicate key value violates unique constraint "ref_build_cards_build_id_card_name_key"
[2026-08-06T03:10:26.961Z]   Created build theft: 0 cards
[2026-08-06T03:10:28.838Z]   Error inserting cards batch: duplicate key value violates unique constraint "ref_build_cards_build_id_card_name_key"
[2026-08-06T03:10:28.838Z]   Created build fling: 0 cards
[2026-08-06T03:10:30.705Z]   Error inserting cards batch: duplicate key value violates unique constraint "ref_build_cards_build_id_card_name_key"
[2026-08-06T03:10:30.705Z]   Created build lifegain: 0 cards
[2026-08-06T03:10:30.705Z] [413/770] Sab-Sunen, Luxa Embodied
[2026-08-06T03:10:30.705Z]   Processing Sab-Sunen, Luxa Embodied (3888 decks)
[2026-08-06T03:10:30.889Z]   Found 1 themes: plus-1-plus-1-counters
[2026-08-06T03:10:32.753Z]   Error inserting cards batch: duplicate key value violates unique constraint "ref_build_cards_build_id_card_name_key"
[2026-08-06T03:10:32.753Z]   Created build plus-1-plus-1-counters: 0 cards
[2026-08-06T03:10:32.753Z] [414/770] Volrath, the Shapestealer
[2026-08-06T03:10:32.753Z]   Processing Volrath, the Shapestealer (3883 decks)
[2026-08-06T03:10:32.924Z]   Found 4 themes: minus-1-minus-1-counters, clones, plus-1-plus-1-counters, infect
[2026-08-06T03:10:34.777Z]   Error inserting cards batch: duplicate key value violates unique constraint "ref_build_cards_build_id_card_name_key"
[2026-08-06T03:10:34.777Z]   Created build minus-1-minus-1-counters: 0 cards
[2026-08-06T03:10:36.695Z]   Created build clones: 100 cards
[2026-08-06T03:10:38.610Z]   Error inserting cards batch: duplicate key value violates unique constraint "ref_build_cards_build_id_card_name_key"
[2026-08-06T03:10:38.610Z]   Created build plus-1-plus-1-counters: 0 cards
[2026-08-06T03:10:40.469Z]   Error inserting cards batch: duplicate key value violates unique constraint "ref_build_cards_build_id_card_name_key"
[2026-08-06T03:10:40.469Z]   Created build infect: 0 cards
[2026-08-06T03:10:40.469Z] [415/770] Yenna, Redtooth Regent
[2026-08-06T03:10:40.469Z]   Processing Yenna, Redtooth Regent (3864 decks)
[2026-08-06T03:10:40.650Z]   Found 3 themes: auras, enchantress, tokens
[2026-08-06T03:10:42.524Z]   Error inserting cards batch: duplicate key value violates unique constraint "ref_build_cards_build_id_card_name_key"
[2026-08-06T03:10:42.524Z]   Created build auras: 0 cards
[2026-08-06T03:10:44.413Z]   Error inserting cards batch: duplicate key value violates unique constraint "ref_build_cards_build_id_card_name_key"
[2026-08-06T03:10:44.413Z]   Created build enchantress: 0 cards
[2026-08-06T03:10:46.354Z]   Error inserting cards batch: duplicate key value violates unique constraint "ref_build_cards_build_id_card_name_key"
[2026-08-06T03:10:46.354Z]   Created build tokens: 0 cards
[2026-08-06T03:10:46.354Z] [416/770] Esix, Fractal Bloom
[2026-08-06T03:10:46.354Z]   Processing Esix, Fractal Bloom (3854 decks)
[2026-08-06T03:10:46.551Z]   Found 2 themes: tokens, clones
[2026-08-06T03:10:48.447Z]   Created build tokens: 100 cards
[2026-08-06T03:10:50.370Z]   Error inserting cards batch: duplicate key value violates unique constraint "ref_build_cards_build_id_card_name_key"
[2026-08-06T03:10:50.370Z]   Created build clones: 0 cards
[2026-08-06T03:10:50.370Z] [417/770] Kolodin, Triumph Caster
[2026-08-06T03:10:50.370Z]   Processing Kolodin, Triumph Caster (3851 decks)
[2026-08-06T03:10:50.555Z]   Found 3 themes: vehicles, artifacts, aggro
[2026-08-06T03:10:52.394Z]   Error inserting cards batch: duplicate key value violates unique constraint "ref_build_cards_build_id_card_name_key"
[2026-08-06T03:10:52.394Z]   Created build vehicles: 0 cards
[2026-08-06T03:10:54.263Z]   Error inserting cards batch: duplicate key value violates unique constraint "ref_build_cards_build_id_card_name_key"
[2026-08-06T03:10:54.263Z]   Created build artifacts: 0 cards
[2026-08-06T03:10:56.142Z]   Error inserting cards batch: duplicate key value violates unique constraint "ref_build_cards_build_id_card_name_key"
[2026-08-06T03:10:56.142Z]   Created build aggro: 0 cards
[2026-08-06T03:10:56.142Z] [418/770] Vaevictis Asmadi, the Dire
[2026-08-06T03:10:56.142Z]   Processing Vaevictis Asmadi, the Dire (3842 decks)
[2026-08-06T03:10:56.311Z]   Found 2 themes: chaos, sacrifice
[2026-08-06T03:10:58.215Z]   Error inserting cards batch: duplicate key value violates unique constraint "ref_build_cards_build_id_card_name_key"
[2026-08-06T03:10:58.215Z]   Created build chaos: 0 cards
[2026-08-06T03:11:00.118Z]   Error inserting cards batch: duplicate key value violates unique constraint "ref_build_cards_build_id_card_name_key"
[2026-08-06T03:11:00.118Z]   Created build sacrifice: 0 cards
[2026-08-06T03:11:00.118Z] [419/770] Nick Fury, Agent of S.H.I.E.L.D.
[2026-08-06T03:11:00.118Z]   Processing Nick Fury, Agent of S.H.I.E.L.D. (3842 decks)
[2026-08-06T03:11:00.288Z]   Found 1 themes: heroes
[2026-08-06T03:11:00.288Z]   Skipping ignored tag: heroes
[2026-08-06T03:11:00.288Z] [420/770] Brallin, Skyshark Rider & Shabraz, the Skyshark
[2026-08-06T03:11:00.288Z]   Processing Brallin, Skyshark Rider & Shabraz, the Skyshark (3835 decks)
[2026-08-06T03:11:00.468Z]   Found 5 themes: wheels, discard, cycling, plus-1-plus-1-counters, card-draw
[2026-08-06T03:11:02.302Z]   Error inserting cards batch: duplicate key value violates unique constraint "ref_build_cards_build_id_card_name_key"
[2026-08-06T03:11:02.302Z]   Created build wheels: 0 cards
[2026-08-06T03:11:04.173Z]   Error inserting cards batch: duplicate key value violates unique constraint "ref_build_cards_build_id_card_name_key"
[2026-08-06T03:11:04.173Z]   Created build discard: 0 cards
[2026-08-06T03:11:06.034Z]   Error inserting cards batch: duplicate key value violates unique constraint "ref_build_cards_build_id_card_name_key"
[2026-08-06T03:11:06.034Z]   Created build cycling: 0 cards
[2026-08-06T03:11:07.897Z]   Error inserting cards batch: duplicate key value violates unique constraint "ref_build_cards_build_id_card_name_key"
[2026-08-06T03:11:07.897Z]   Created build plus-1-plus-1-counters: 0 cards
[2026-08-06T03:11:09.749Z]   Error inserting cards batch: duplicate key value violates unique constraint "ref_build_cards_build_id_card_name_key"
[2026-08-06T03:11:09.749Z]   Created build card-draw: 0 cards
[2026-08-06T03:11:09.749Z] [421/770] Wildsear, Scouring Maw
[2026-08-06T03:11:09.749Z]   Processing Wildsear, Scouring Maw (3810 decks)
[2026-08-06T03:11:09.923Z]   Found 2 themes: enchantress, cascade
[2026-08-06T03:11:11.839Z]   Error inserting cards batch: duplicate key value violates unique constraint "ref_build_cards_build_id_card_name_key"
[2026-08-06T03:11:11.839Z]   Created build enchantress: 0 cards
[2026-08-06T03:11:13.707Z]   Error inserting cards batch: duplicate key value violates unique constraint "ref_build_cards_build_id_card_name_key"
[2026-08-06T03:11:13.707Z]   Created build cascade: 0 cards
[2026-08-06T03:11:13.707Z] [422/770] Kamiz, Obscura Oculus
[2026-08-06T03:11:13.707Z]   Processing Kamiz, Obscura Oculus (3810 decks)
[2026-08-06T03:11:13.879Z]   Found 6 themes: wheels, unblockable, plus-1-plus-1-counters, infect, connive, reanimator
[2026-08-06T03:11:15.755Z]   Error inserting cards batch: duplicate key value violates unique constraint "ref_build_cards_build_id_card_name_key"
[2026-08-06T03:11:15.755Z]   Created build wheels: 0 cards
[2026-08-06T03:11:17.706Z]   Error inserting cards batch: duplicate key value violates unique constraint "ref_build_cards_build_id_card_name_key"
[2026-08-06T03:11:17.706Z]   Created build unblockable: 0 cards
[2026-08-06T03:11:19.570Z]   Error inserting cards batch: duplicate key value violates unique constraint "ref_build_cards_build_id_card_name_key"
[2026-08-06T03:11:19.570Z]   Created build plus-1-plus-1-counters: 0 cards
[2026-08-06T03:11:21.503Z]   Error inserting cards batch: duplicate key value violates unique constraint "ref_build_cards_build_id_card_name_key"
[2026-08-06T03:11:21.503Z]   Created build infect: 0 cards
[2026-08-06T03:11:23.329Z]   Error inserting cards batch: duplicate key value violates unique constraint "ref_build_cards_build_id_card_name_key"
[2026-08-06T03:11:23.329Z]   Created build connive: 0 cards
[2026-08-06T03:11:25.261Z]   Error inserting cards batch: duplicate key value violates unique constraint "ref_build_cards_build_id_card_name_key"
[2026-08-06T03:11:25.261Z]   Created build reanimator: 0 cards
[2026-08-06T03:11:25.261Z] [423/770] Octavia, Living Thesis
[2026-08-06T03:11:25.261Z]   Processing Octavia, Living Thesis (3790 decks)
[2026-08-06T03:11:25.450Z]   Found 3 themes: spellslinger, cantrips, self-mill
[2026-08-06T03:11:27.313Z]   Error inserting cards batch: duplicate key value violates unique constraint "ref_build_cards_build_id_card_name_key"
[2026-08-06T03:11:27.313Z]   Created build spellslinger: 0 cards
[2026-08-06T03:11:29.209Z]   Error inserting cards batch: duplicate key value violates unique constraint "ref_build_cards_build_id_card_name_key"
[2026-08-06T03:11:29.209Z]   Created build cantrips: 0 cards
[2026-08-06T03:11:31.049Z]   Error inserting cards batch: duplicate key value violates unique constraint "ref_build_cards_build_id_card_name_key"
[2026-08-06T03:11:31.049Z]   Created build self-mill: 0 cards
[2026-08-06T03:11:31.049Z] [424/770] Yarus, Roar of the Old Gods
[2026-08-06T03:11:31.049Z]   Processing Yarus, Roar of the Old Gods (3789 decks)
[2026-08-06T03:11:31.239Z]   Found 2 themes: morph, aggro
[2026-08-06T03:11:33.117Z]   Error inserting cards batch: duplicate key value violates unique constraint "ref_build_cards_build_id_card_name_key"
[2026-08-06T03:11:33.117Z]   Created build morph: 0 cards
[2026-08-06T03:11:34.824Z]   Error inserting cards batch: duplicate key value violates unique constraint "ref_build_cards_build_id_card_name_key"
[2026-08-06T03:11:34.824Z]   Created build aggro: 0 cards
[2026-08-06T03:11:34.824Z] [425/770] Myra the Magnificent
[2026-08-06T03:11:34.824Z]   Processing Myra the Magnificent (3768 decks)
[2026-08-06T03:11:35.019Z]   Found 3 themes: spellslinger, attractions, artifacts
[2026-08-06T03:11:36.966Z]   Error inserting cards batch: duplicate key value violates unique constraint "ref_build_cards_build_id_card_name_key"
[2026-08-06T03:11:36.966Z]   Created build spellslinger: 0 cards
[2026-08-06T03:11:36.966Z]   Skipping ignored tag: attractions
[2026-08-06T03:11:38.894Z]   Error inserting cards batch: duplicate key value violates unique constraint "ref_build_cards_build_id_card_name_key"
[2026-08-06T03:11:38.894Z]   Created build artifacts: 0 cards
[2026-08-06T03:11:38.894Z] [426/770] Oviya, Automech Artisan
[2026-08-06T03:11:38.894Z]   Processing Oviya, Automech Artisan (3764 decks)
[2026-08-06T03:11:39.078Z]   No themes found for Oviya, Automech Artisan
[2026-08-06T03:11:39.078Z] [427/770] Balan, Wandering Knight
[2026-08-06T03:11:39.078Z]   Processing Balan, Wandering Knight (3762 decks)
[2026-08-06T03:11:39.244Z]   Found 2 themes: equipment, voltron
[2026-08-06T03:11:41.128Z]   Error inserting cards batch: duplicate key value violates unique constraint "ref_build_cards_build_id_card_name_key"
[2026-08-06T03:11:41.128Z]   Created build equipment: 0 cards
[2026-08-06T03:11:43.052Z]   Error inserting cards batch: duplicate key value violates unique constraint "ref_build_cards_build_id_card_name_key"
[2026-08-06T03:11:43.052Z]   Created build voltron: 0 cards
[2026-08-06T03:11:43.052Z] [428/770] Kami of the Crescent Moon
[2026-08-06T03:11:43.052Z]   Processing Kami of the Crescent Moon (3755 decks)
[2026-08-06T03:11:43.231Z]   Found 4 themes: wheels, group-hug, card-draw, mill
[2026-08-06T03:11:45.079Z]   Error inserting cards batch: duplicate key value violates unique constraint "ref_build_cards_build_id_card_name_key"
[2026-08-06T03:11:45.079Z]   Created build wheels: 0 cards
[2026-08-06T03:11:47.018Z]   Created build group-hug: 100 cards
[2026-08-06T03:11:48.943Z]   Error inserting cards batch: duplicate key value violates unique constraint "ref_build_cards_build_id_card_name_key"
[2026-08-06T03:11:48.943Z]   Created build card-draw: 0 cards
[2026-08-06T03:11:50.788Z]   Error inserting cards batch: duplicate key value violates unique constraint "ref_build_cards_build_id_card_name_key"
[2026-08-06T03:11:50.788Z]   Created build mill: 0 cards
[2026-08-06T03:11:50.788Z] [429/770] Knuckles the Echidna
[2026-08-06T03:11:50.788Z]   Processing Knuckles the Echidna (3748 decks)
[2026-08-06T03:11:50.967Z]   Found 3 themes: artifacts, treasure, tokens
[2026-08-06T03:11:52.824Z]   Error inserting cards batch: duplicate key value violates unique constraint "ref_build_cards_build_id_card_name_key"
[2026-08-06T03:11:52.824Z]   Created build artifacts: 0 cards
[2026-08-06T03:11:54.785Z]   Error inserting cards batch: duplicate key value violates unique constraint "ref_build_cards_build_id_card_name_key"
[2026-08-06T03:11:54.785Z]   Created build treasure: 0 cards
[2026-08-06T03:11:56.617Z]   Error inserting cards batch: duplicate key value violates unique constraint "ref_build_cards_build_id_card_name_key"
[2026-08-06T03:11:56.617Z]   Created build tokens: 0 cards
[2026-08-06T03:11:56.617Z] [430/770] Heroes in a Half Shell
[2026-08-06T03:11:56.617Z]   Processing Heroes in a Half Shell (3744 decks)
[2026-08-06T03:11:56.783Z]   Found 3 themes: plus-1-plus-1-counters, mutants, ninjas
[2026-08-06T03:11:58.669Z]   Error inserting cards batch: duplicate key value violates unique constraint "ref_build_cards_build_id_card_name_key"
[2026-08-06T03:11:58.669Z]   Created build plus-1-plus-1-counters: 0 cards
[2026-08-06T03:11:58.669Z]   Skipping ignored tag: mutants
[2026-08-06T03:12:00.581Z]   Error inserting cards batch: duplicate key value violates unique constraint "ref_build_cards_build_id_card_name_key"
[2026-08-06T03:12:00.581Z]   Created build ninjas: 0 cards
[2026-08-06T03:12:00.581Z] [431/770] The Cabbage Merchant
[2026-08-06T03:12:00.581Z]   Processing The Cabbage Merchant (3743 decks)
[2026-08-06T03:12:00.766Z]   Found 2 themes: tokens, food
[2026-08-06T03:12:02.610Z]   Created build tokens: 100 cards
[2026-08-06T03:12:04.585Z]   Error inserting cards batch: duplicate key value violates unique constraint "ref_build_cards_build_id_card_name_key"
[2026-08-06T03:12:04.585Z]   Created build food: 0 cards
[2026-08-06T03:12:04.585Z] [432/770] Jolene, the Plunder Queen
[2026-08-06T03:12:04.585Z]   Processing Jolene, the Plunder Queen (3741 decks)
[2026-08-06T03:12:04.767Z]   Found 3 themes: treasure, tokens, artifacts
[2026-08-06T03:12:05.919Z]   Error inserting cards batch: duplicate key value violates unique constraint "ref_build_cards_build_id_card_name_key"
[2026-08-06T03:12:05.920Z]   Created build treasure: 0 cards
[2026-08-06T03:12:08.274Z]   Error inserting cards batch: duplicate key value violates unique constraint "ref_build_cards_build_id_card_name_key"
[2026-08-06T03:12:08.274Z]   Created build tokens: 0 cards
[2026-08-06T03:12:10.182Z]   Error inserting cards batch: duplicate key value violates unique constraint "ref_build_cards_build_id_card_name_key"
[2026-08-06T03:12:10.182Z]   Created build artifacts: 0 cards
[2026-08-06T03:12:10.182Z] [433/770] General Tazri
[2026-08-06T03:12:10.182Z]   Processing General Tazri (3737 decks)
[2026-08-06T03:12:10.362Z]   Found 1 themes: allies
[2026-08-06T03:12:12.270Z]   Error inserting cards batch: duplicate key value violates unique constraint "ref_build_cards_build_id_card_name_key"
[2026-08-06T03:12:12.270Z]   Created build allies: 0 cards
[2026-08-06T03:12:12.270Z] [434/770] Araumi of the Dead Tide
[2026-08-06T03:12:12.270Z]   Processing Araumi of the Dead Tide (3730 decks)
[2026-08-06T03:12:12.441Z]   Found 3 themes: mill, reanimator, self-mill
[2026-08-06T03:12:14.310Z]   Error inserting cards batch: duplicate key value violates unique constraint "ref_build_cards_build_id_card_name_key"
[2026-08-06T03:12:14.310Z]   Created build mill: 0 cards
[2026-08-06T03:12:16.184Z]   Error inserting cards batch: duplicate key value violates unique constraint "ref_build_cards_build_id_card_name_key"
[2026-08-06T03:12:16.184Z]   Created build reanimator: 0 cards
[2026-08-06T03:12:18.010Z]   Error inserting cards batch: duplicate key value violates unique constraint "ref_build_cards_build_id_card_name_key"
[2026-08-06T03:12:18.010Z]   Created build self-mill: 0 cards
[2026-08-06T03:12:18.010Z] [435/770] Kykar, Zephyr Awakener
[2026-08-06T03:12:18.010Z]   Processing Kykar, Zephyr Awakener (3726 decks)
[2026-08-06T03:12:18.187Z]   Found 4 themes: blink, control, tokens, cantrips
[2026-08-06T03:12:20.077Z]   Error inserting cards batch: duplicate key value violates unique constraint "ref_build_cards_build_id_card_name_key"
[2026-08-06T03:12:20.077Z]   Created build blink: 0 cards
[2026-08-06T03:12:21.911Z]   Error inserting cards batch: duplicate key value violates unique constraint "ref_build_cards_build_id_card_name_key"
[2026-08-06T03:12:21.911Z]   Created build control: 0 cards
[2026-08-06T03:12:23.807Z]   Error inserting cards batch: duplicate key value violates unique constraint "ref_build_cards_build_id_card_name_key"
[2026-08-06T03:12:23.807Z]   Created build tokens: 0 cards
[2026-08-06T03:12:25.651Z]   Created build cantrips: 100 cards
[2026-08-06T03:12:25.651Z] [436/770] Lathliss, Dragon Queen
[2026-08-06T03:12:25.651Z]   Processing Lathliss, Dragon Queen (3721 decks)
[2026-08-06T03:12:25.835Z]   Found 4 themes: dragons, treasure, tokens, flying
[2026-08-06T03:12:27.874Z]   Error inserting cards batch: duplicate key value violates unique constraint "ref_build_cards_build_id_card_name_key"
[2026-08-06T03:12:27.875Z]   Created build dragons: 0 cards
[2026-08-06T03:12:29.773Z]   Error inserting cards batch: duplicate key value violates unique constraint "ref_build_cards_build_id_card_name_key"
[2026-08-06T03:12:29.773Z]   Created build treasure: 0 cards
[2026-08-06T03:12:31.665Z]   Error inserting cards batch: duplicate key value violates unique constraint "ref_build_cards_build_id_card_name_key"
[2026-08-06T03:12:31.665Z]   Created build tokens: 0 cards
[2026-08-06T03:12:31.665Z]   Skipping ignored tag: flying
[2026-08-06T03:12:31.665Z] [437/770] Ultron, Artificial Malevolence
[2026-08-06T03:12:31.665Z]   Processing Ultron, Artificial Malevolence (3702 decks)
[2026-08-06T03:12:31.842Z]   Found 1 themes: artifacts
[2026-08-06T03:12:33.724Z]   Error inserting cards batch: duplicate key value violates unique constraint "ref_build_cards_build_id_card_name_key"
[2026-08-06T03:12:33.724Z]   Created build artifacts: 0 cards
[2026-08-06T03:12:33.724Z] [438/770] Burakos, Party Leader + Folk Hero
[2026-08-06T03:12:33.724Z]   Processing Burakos, Party Leader + Folk Hero (3683 decks)
[2026-08-06T03:12:33.899Z]   Found 2 themes: party, treasure
[2026-08-06T03:12:33.899Z]   Skipping ignored tag: party
[2026-08-06T03:12:35.911Z]   Error inserting cards batch: duplicate key value violates unique constraint "ref_build_cards_build_id_card_name_key"
[2026-08-06T03:12:35.911Z]   Created build treasure: 0 cards
[2026-08-06T03:12:35.911Z] [439/770] Ellie, Brick Master & Joel, Resolute Survivor
[2026-08-06T03:12:35.911Z]   Processing Ellie, Brick Master & Joel, Resolute Survivor (3668 decks)
[2026-08-06T03:12:36.087Z]   Found 2 themes: tokens, aristocrats
[2026-08-06T03:12:37.852Z]   Error inserting cards batch: duplicate key value violates unique constraint "ref_build_cards_build_id_card_name_key"
[2026-08-06T03:12:37.853Z]   Created build tokens: 0 cards
[2026-08-06T03:12:39.730Z]   Created build aristocrats: 100 cards
[2026-08-06T03:12:39.730Z] [440/770] Omnath, Locus of the Roil
[2026-08-06T03:12:39.730Z]   Processing Omnath, Locus of the Roil (3665 decks)
[2026-08-06T03:12:39.910Z]   Found 5 themes: lands-matter, elementals, landfall, ramp, plus-1-plus-1-counters
[2026-08-06T03:12:41.743Z]   Error inserting cards batch: duplicate key value violates unique constraint "ref_build_cards_build_id_card_name_key"
[2026-08-06T03:12:41.743Z]   Created build lands-matter: 0 cards
[2026-08-06T03:12:43.521Z]   Error inserting cards batch: duplicate key value violates unique constraint "ref_build_cards_build_id_card_name_key"
[2026-08-06T03:12:43.521Z]   Created build elementals: 0 cards
[2026-08-06T03:12:45.393Z]   Error inserting cards batch: duplicate key value violates unique constraint "ref_build_cards_build_id_card_name_key"
[2026-08-06T03:12:45.393Z]   Created build landfall: 0 cards
[2026-08-06T03:12:47.274Z]   Error inserting cards batch: duplicate key value violates unique constraint "ref_build_cards_build_id_card_name_key"
[2026-08-06T03:12:47.274Z]   Created build ramp: 0 cards
[2026-08-06T03:12:49.123Z]   Created build plus-1-plus-1-counters: 100 cards
[2026-08-06T03:12:49.123Z] [441/770] Cormela, Glamour Thief
[2026-08-06T03:12:49.123Z]   Processing Cormela, Glamour Thief (3657 decks)
[2026-08-06T03:12:49.296Z]   Found 2 themes: spellslinger, combo
[2026-08-06T03:12:51.208Z]   Created build spellslinger: 100 cards
[2026-08-06T03:12:53.068Z]   Error inserting cards batch: duplicate key value violates unique constraint "ref_build_cards_build_id_card_name_key"
[2026-08-06T03:12:53.068Z]   Created build combo: 0 cards
[2026-08-06T03:12:53.068Z] [442/770] Hidetsugu and Kairi
[2026-08-06T03:12:53.068Z]   Processing Hidetsugu and Kairi (3657 decks)
[2026-08-06T03:12:53.245Z]   Found 4 themes: clones, reanimator, spellslinger, combo
[2026-08-06T03:12:55.106Z]   Error inserting cards batch: duplicate key value violates unique constraint "ref_build_cards_build_id_card_name_key"
[2026-08-06T03:12:55.106Z]   Created build clones: 0 cards
[2026-08-06T03:12:56.967Z]   Created build reanimator: 100 cards
[2026-08-06T03:12:58.802Z]   Error inserting cards batch: duplicate key value violates unique constraint "ref_build_cards_build_id_card_name_key"
[2026-08-06T03:12:58.802Z]   Created build spellslinger: 0 cards
[2026-08-06T03:13:00.739Z]   Created build combo: 100 cards
[2026-08-06T03:13:00.739Z] [443/770] Otrimi, the Ever-Playful
[2026-08-06T03:13:00.739Z]   Processing Otrimi, the Ever-Playful (3646 decks)
[2026-08-06T03:13:00.916Z]   Found 2 themes: mutate, voltron
[2026-08-06T03:13:02.784Z]   Created build mutate: 100 cards
[2026-08-06T03:13:04.717Z]   Error inserting cards batch: duplicate key value violates unique constraint "ref_build_cards_build_id_card_name_key"
[2026-08-06T03:13:04.717Z]   Created build voltron: 0 cards
[2026-08-06T03:13:04.717Z] [444/770] Ardyn, the Usurper
[2026-08-06T03:13:04.717Z]   Processing Ardyn, the Usurper (3640 decks)
[2026-08-06T03:13:04.901Z]   Found 2 themes: reanimator, demons
[2026-08-06T03:13:06.744Z]   Error inserting cards batch: duplicate key value violates unique constraint "ref_build_cards_build_id_card_name_key"
[2026-08-06T03:13:06.744Z]   Created build reanimator: 0 cards
[2026-08-06T03:13:08.672Z]   Created build demons: 100 cards
[2026-08-06T03:13:08.672Z] [445/770] Obuun, Mul Daya Ancestor
[2026-08-06T03:13:08.672Z]   Processing Obuun, Mul Daya Ancestor (3633 decks)
[2026-08-06T03:13:08.867Z]   Found 4 themes: landfall, lands-matter, plus-1-plus-1-counters, ramp
[2026-08-06T03:13:10.814Z]   Error inserting cards batch: duplicate key value violates unique constraint "ref_build_cards_build_id_card_name_key"
[2026-08-06T03:13:10.814Z]   Created build landfall: 0 cards
[2026-08-06T03:13:12.793Z]   Error inserting cards batch: duplicate key value violates unique constraint "ref_build_cards_build_id_card_name_key"
[2026-08-06T03:13:12.793Z]   Created build lands-matter: 0 cards
[2026-08-06T03:13:14.672Z]   Error inserting cards batch: duplicate key value violates unique constraint "ref_build_cards_build_id_card_name_key"
[2026-08-06T03:13:14.672Z]   Created build plus-1-plus-1-counters: 0 cards
[2026-08-06T03:13:16.601Z]   Error inserting cards batch: duplicate key value violates unique constraint "ref_build_cards_build_id_card_name_key"
[2026-08-06T03:13:16.601Z]   Created build ramp: 0 cards
[2026-08-06T03:13:16.601Z] [446/770] Tyvar the Bellicose
[2026-08-06T03:13:16.601Z]   Processing Tyvar the Bellicose (3628 decks)
[2026-08-06T03:13:16.787Z]   Found 3 themes: elves, plus-1-plus-1-counters, ramp
[2026-08-06T03:13:18.633Z]   Error inserting cards batch: duplicate key value violates unique constraint "ref_build_cards_build_id_card_name_key"
[2026-08-06T03:13:18.633Z]   Created build elves: 0 cards
[2026-08-06T03:13:20.510Z]   Error inserting cards batch: duplicate key value violates unique constraint "ref_build_cards_build_id_card_name_key"
[2026-08-06T03:13:20.510Z]   Created build plus-1-plus-1-counters: 0 cards
[2026-08-06T03:13:22.461Z]   Error inserting cards batch: duplicate key value violates unique constraint "ref_build_cards_build_id_card_name_key"
[2026-08-06T03:13:22.462Z]   Created build ramp: 0 cards
[2026-08-06T03:13:22.462Z] [447/770] Captain America, Team Leader
[2026-08-06T03:13:22.462Z]   Processing Captain America, Team Leader (3628 decks)
[2026-08-06T03:13:22.627Z]   Found 3 themes: plus-1-plus-1-counters, heroes, legends
[2026-08-06T03:13:24.345Z]   Error inserting cards batch: duplicate key value violates unique constraint "ref_build_cards_build_id_card_name_key"
[2026-08-06T03:13:24.345Z]   Created build plus-1-plus-1-counters: 0 cards
[2026-08-06T03:13:24.345Z]   Skipping ignored tag: heroes
[2026-08-06T03:13:26.002Z]   Error inserting cards batch: duplicate key value violates unique constraint "ref_build_cards_build_id_card_name_key"
[2026-08-06T03:13:26.002Z]   Created build legends: 0 cards
[2026-08-06T03:13:26.002Z] [448/770] Firkraag, Cunning Instigator
[2026-08-06T03:13:26.002Z]   Processing Firkraag, Cunning Instigator (3624 decks)
[2026-08-06T03:13:26.188Z]   Found 2 themes: forced-combat, dragons
[2026-08-06T03:13:28.017Z]   Error inserting cards batch: duplicate key value violates unique constraint "ref_build_cards_build_id_card_name_key"
[2026-08-06T03:13:28.017Z]   Created build forced-combat: 0 cards
[2026-08-06T03:13:29.931Z]   Created build dragons: 100 cards
[2026-08-06T03:13:29.931Z] [449/770] Gix, Yawgmoth Praetor
[2026-08-06T03:13:29.931Z]   Processing Gix, Yawgmoth Praetor (3620 decks)
[2026-08-06T03:13:30.112Z]   Found 1 themes: aggro
[2026-08-06T03:13:32.095Z]   Error inserting cards batch: duplicate key value violates unique constraint "ref_build_cards_build_id_card_name_key"
[2026-08-06T03:13:32.095Z]   Created build aggro: 0 cards
[2026-08-06T03:13:32.095Z] [450/770] Koma, World-Eater
[2026-08-06T03:13:32.095Z]   Processing Koma, World-Eater (3610 decks)
[2026-08-06T03:13:32.268Z]   Found 1 themes: tokens
[2026-08-06T03:13:34.101Z]   Error inserting cards batch: duplicate key value violates unique constraint "ref_build_cards_build_id_card_name_key"
[2026-08-06T03:13:34.101Z]   Created build tokens: 0 cards
[2026-08-06T03:13:34.101Z] 
[2026-08-06T03:13:34.101Z] Progress: 449 processed, 1724 builds, 132600 cards
[2026-08-06T03:13:34.101Z] 
[2026-08-06T03:13:34.101Z] [451/770] Nikya of the Old Ways
[2026-08-06T03:13:34.101Z]   Processing Nikya of the Old Ways (3599 decks)
[2026-08-06T03:13:34.267Z]   Found 2 themes: primal-surge, aggro
[2026-08-06T03:13:35.938Z]   Created build primal-surge: 100 cards
[2026-08-06T03:13:37.618Z]   Error inserting cards batch: duplicate key value violates unique constraint "ref_build_cards_build_id_card_name_key"
[2026-08-06T03:13:37.618Z]   Created build aggro: 0 cards
[2026-08-06T03:13:37.618Z] [452/770] Meria, Scholar of Antiquity
[2026-08-06T03:13:37.618Z]   Processing Meria, Scholar of Antiquity (3563 decks)
[2026-08-06T03:13:37.807Z]   Found 5 themes: artifacts, cheerios, equipment, combo, stax
[2026-08-06T03:13:39.764Z]   Error inserting cards batch: duplicate key value violates unique constraint "ref_build_cards_build_id_card_name_key"
[2026-08-06T03:13:39.764Z]   Created build artifacts: 0 cards
[2026-08-06T03:13:41.688Z]   Error inserting cards batch: duplicate key value violates unique constraint "ref_build_cards_build_id_card_name_key"
[2026-08-06T03:13:41.688Z]   Created build cheerios: 0 cards
[2026-08-06T03:13:43.621Z]   Error inserting cards batch: duplicate key value violates unique constraint "ref_build_cards_build_id_card_name_key"
[2026-08-06T03:13:43.621Z]   Created build equipment: 0 cards
[2026-08-06T03:13:45.529Z]   Error inserting cards batch: duplicate key value violates unique constraint "ref_build_cards_build_id_card_name_key"
[2026-08-06T03:13:45.529Z]   Created build combo: 0 cards
[2026-08-06T03:13:47.453Z]   Created build stax: 100 cards
[2026-08-06T03:13:47.453Z] [453/770] Gyruda, Doom of Depths
[2026-08-06T03:13:47.453Z]   Processing Gyruda, Doom of Depths (3563 decks)
[2026-08-06T03:13:47.621Z]   Found 4 themes: clones, mill, reanimator, combo
[2026-08-06T03:13:49.471Z]   Error inserting cards batch: duplicate key value violates unique constraint "ref_build_cards_build_id_card_name_key"
[2026-08-06T03:13:49.471Z]   Created build clones: 0 cards
[2026-08-06T03:13:51.386Z]   Error inserting cards batch: duplicate key value violates unique constraint "ref_build_cards_build_id_card_name_key"
[2026-08-06T03:13:51.386Z]   Created build mill: 0 cards
[2026-08-06T03:13:53.213Z]   Error inserting cards batch: duplicate key value violates unique constraint "ref_build_cards_build_id_card_name_key"
[2026-08-06T03:13:53.213Z]   Created build reanimator: 0 cards
[2026-08-06T03:13:55.147Z]   Error inserting cards batch: duplicate key value violates unique constraint "ref_build_cards_build_id_card_name_key"
[2026-08-06T03:13:55.147Z]   Created build combo: 0 cards
[2026-08-06T03:13:55.147Z] [454/770] Garnet, Princess of Alexandria
[2026-08-06T03:13:55.147Z]   Processing Garnet, Princess of Alexandria (3562 decks)
[2026-08-06T03:13:55.334Z]   Found 3 themes: enchantress, sagas, plus-1-plus-1-counters
[2026-08-06T03:13:57.276Z]   Error inserting cards batch: duplicate key value violates unique constraint "ref_build_cards_build_id_card_name_key"
[2026-08-06T03:13:57.276Z]   Created build enchantress: 0 cards
[2026-08-06T03:13:59.022Z]   Error inserting cards batch: duplicate key value violates unique constraint "ref_build_cards_build_id_card_name_key"
[2026-08-06T03:13:59.022Z]   Created build sagas: 0 cards
[2026-08-06T03:14:00.860Z]   Error inserting cards batch: duplicate key value violates unique constraint "ref_build_cards_build_id_card_name_key"
[2026-08-06T03:14:00.860Z]   Created build plus-1-plus-1-counters: 0 cards
[2026-08-06T03:14:00.860Z] [455/770] The Ancient One
[2026-08-06T03:14:00.860Z]   Processing The Ancient One (3556 decks)
[2026-08-06T03:14:01.063Z]   Found 3 themes: mill, reanimator, self-mill
[2026-08-06T03:14:02.957Z]   Error inserting cards batch: duplicate key value violates unique constraint "ref_build_cards_build_id_card_name_key"
[2026-08-06T03:14:02.957Z]   Created build mill: 0 cards
[2026-08-06T03:14:04.825Z]   Error inserting cards batch: duplicate key value violates unique constraint "ref_build_cards_build_id_card_name_key"
[2026-08-06T03:14:04.825Z]   Created build reanimator: 0 cards
[2026-08-06T03:14:06.763Z]   Error inserting cards batch: duplicate key value violates unique constraint "ref_build_cards_build_id_card_name_key"
[2026-08-06T03:14:06.763Z]   Created build self-mill: 0 cards
[2026-08-06T03:14:06.763Z] [456/770] Roon of the Hidden Realm
[2026-08-06T03:14:06.763Z]   Processing Roon of the Hidden Realm (3552 decks)
[2026-08-06T03:14:06.947Z]   Found 1 themes: blink
[2026-08-06T03:14:09.059Z]   Error inserting cards batch: duplicate key value violates unique constraint "ref_build_cards_build_id_card_name_key"
[2026-08-06T03:14:09.059Z]   Created build blink: 0 cards
[2026-08-06T03:14:09.059Z] [457/770] Orah, Skyclave Hierophant
[2026-08-06T03:14:09.059Z]   Processing Orah, Skyclave Hierophant (3552 decks)
[2026-08-06T03:14:09.239Z]   Found 4 themes: clerics, lifegain, aristocrats, reanimator
[2026-08-06T03:14:11.206Z]   Error inserting cards batch: duplicate key value violates unique constraint "ref_build_cards_build_id_card_name_key"
[2026-08-06T03:14:11.206Z]   Created build clerics: 0 cards
[2026-08-06T03:14:13.123Z]   Error inserting cards batch: duplicate key value violates unique constraint "ref_build_cards_build_id_card_name_key"
[2026-08-06T03:14:13.123Z]   Created build lifegain: 0 cards
[2026-08-06T03:14:15.066Z]   Error inserting cards batch: duplicate key value violates unique constraint "ref_build_cards_build_id_card_name_key"
[2026-08-06T03:14:15.066Z]   Created build aristocrats: 0 cards
[2026-08-06T03:14:17.241Z]   Created build reanimator: 100 cards
[2026-08-06T03:14:17.241Z] [458/770] Commander Mustard
[2026-08-06T03:14:17.241Z]   Processing Commander Mustard (3547 decks)
[2026-08-06T03:14:17.419Z]   Found 2 themes: soldiers, tokens
[2026-08-06T03:14:19.454Z]   Error inserting cards batch: duplicate key value violates unique constraint "ref_build_cards_build_id_card_name_key"
[2026-08-06T03:14:19.454Z]   Created build soldiers: 0 cards
[2026-08-06T03:14:21.462Z]   Error inserting cards batch: duplicate key value violates unique constraint "ref_build_cards_build_id_card_name_key"
[2026-08-06T03:14:21.462Z]   Created build tokens: 0 cards
[2026-08-06T03:14:21.462Z] [459/770] Adeline, Resplendent Cathar
[2026-08-06T03:14:21.462Z]   Processing Adeline, Resplendent Cathar (3533 decks)
[2026-08-06T03:14:21.651Z]   Found 3 themes: tokens, aggro, humans
[2026-08-06T03:14:23.645Z]   Error inserting cards batch: duplicate key value violates unique constraint "ref_build_cards_build_id_card_name_key"
[2026-08-06T03:14:23.645Z]   Created build tokens: 0 cards
[2026-08-06T03:14:25.576Z]   Error inserting cards batch: duplicate key value violates unique constraint "ref_build_cards_build_id_card_name_key"
[2026-08-06T03:14:25.576Z]   Created build aggro: 0 cards
[2026-08-06T03:14:27.495Z]   Error inserting cards batch: duplicate key value violates unique constraint "ref_build_cards_build_id_card_name_key"
[2026-08-06T03:14:27.495Z]   Created build humans: 0 cards
[2026-08-06T03:14:27.495Z] [460/770] Shiko, Paragon of the Way
[2026-08-06T03:14:27.495Z]   Processing Shiko, Paragon of the Way (3526 decks)
[2026-08-06T03:14:27.692Z]   Found 3 themes: blink, spellslinger, combo
[2026-08-06T03:14:29.654Z]   Error inserting cards batch: duplicate key value violates unique constraint "ref_build_cards_build_id_card_name_key"
[2026-08-06T03:14:29.654Z]   Created build blink: 0 cards
[2026-08-06T03:14:31.593Z]   Error inserting cards batch: duplicate key value violates unique constraint "ref_build_cards_build_id_card_name_key"
[2026-08-06T03:14:31.593Z]   Created build spellslinger: 0 cards
[2026-08-06T03:14:33.555Z]   Error inserting cards batch: duplicate key value violates unique constraint "ref_build_cards_build_id_card_name_key"
[2026-08-06T03:14:33.555Z]   Created build combo: 0 cards
[2026-08-06T03:14:33.555Z] [461/770] Ranar the Ever-Watchful
[2026-08-06T03:14:33.555Z]   Processing Ranar the Ever-Watchful (3522 decks)
[2026-08-06T03:14:33.741Z]   Found 5 themes: foretell, blink, tokens, spirits, flying
[2026-08-06T03:14:35.627Z]   Error inserting cards batch: duplicate key value violates unique constraint "ref_build_cards_build_id_card_name_key"
[2026-08-06T03:14:35.627Z]   Created build foretell: 0 cards
[2026-08-06T03:14:37.560Z]   Error inserting cards batch: duplicate key value violates unique constraint "ref_build_cards_build_id_card_name_key"
[2026-08-06T03:14:37.560Z]   Created build blink: 0 cards
[2026-08-06T03:14:39.428Z]   Error inserting cards batch: duplicate key value violates unique constraint "ref_build_cards_build_id_card_name_key"
[2026-08-06T03:14:39.428Z]   Created build tokens: 0 cards
[2026-08-06T03:14:41.354Z]   Error inserting cards batch: duplicate key value violates unique constraint "ref_build_cards_build_id_card_name_key"
[2026-08-06T03:14:41.354Z]   Created build spirits: 0 cards
[2026-08-06T03:14:41.354Z]   Skipping ignored tag: flying
[2026-08-06T03:14:41.354Z] [462/770] Phelddagrif
[2026-08-06T03:14:41.354Z]   Processing Phelddagrif (3521 decks)
[2026-08-06T03:14:41.543Z]   Found 3 themes: group-hug, combo, pillow-fort
[2026-08-06T03:14:43.435Z]   Error inserting cards batch: duplicate key value violates unique constraint "ref_build_cards_build_id_card_name_key"
[2026-08-06T03:14:43.435Z]   Created build group-hug: 0 cards
[2026-08-06T03:14:45.352Z]   Error inserting cards batch: duplicate key value violates unique constraint "ref_build_cards_build_id_card_name_key"
[2026-08-06T03:14:45.352Z]   Created build combo: 0 cards
[2026-08-06T03:14:47.233Z]   Created build pillow-fort: 100 cards
[2026-08-06T03:14:47.233Z] [463/770] Zurzoth, Chaos Rider
[2026-08-06T03:14:47.233Z]   Processing Zurzoth, Chaos Rider (3514 decks)
[2026-08-06T03:14:47.417Z]   Found 6 themes: wheels, burn, devils, chaos, tokens, discard
[2026-08-06T03:14:49.312Z]   Error inserting cards batch: duplicate key value violates unique constraint "ref_build_cards_build_id_card_name_key"
[2026-08-06T03:14:49.312Z]   Created build wheels: 0 cards
[2026-08-06T03:14:51.147Z]   Error inserting cards batch: duplicate key value violates unique constraint "ref_build_cards_build_id_card_name_key"
[2026-08-06T03:14:51.147Z]   Created build burn: 0 cards
[2026-08-06T03:14:51.147Z]   Skipping ignored tag: devils
[2026-08-06T03:14:53.038Z]   Error inserting cards batch: duplicate key value violates unique constraint "ref_build_cards_build_id_card_name_key"
[2026-08-06T03:14:53.038Z]   Created build chaos: 0 cards
[2026-08-06T03:14:54.183Z]   Created build tokens: 100 cards
[2026-08-06T03:14:56.067Z]   Error inserting cards batch: duplicate key value violates unique constraint "ref_build_cards_build_id_card_name_key"
[2026-08-06T03:14:56.067Z]   Created build discard: 0 cards
[2026-08-06T03:14:56.067Z] [464/770] Gyome, Master Chef
[2026-08-06T03:14:56.067Z]   Processing Gyome, Master Chef (3504 decks)
[2026-08-06T03:14:56.241Z]   Found 5 themes: sacrifice, tokens, food, lifegain, artifacts
[2026-08-06T03:14:58.123Z]   Error inserting cards batch: duplicate key value violates unique constraint "ref_build_cards_build_id_card_name_key"
[2026-08-06T03:14:58.123Z]   Created build sacrifice: 0 cards
[2026-08-06T03:15:00.046Z]   Error inserting cards batch: duplicate key value violates unique constraint "ref_build_cards_build_id_card_name_key"
[2026-08-06T03:15:00.046Z]   Created build tokens: 0 cards
[2026-08-06T03:15:01.908Z]   Error inserting cards batch: duplicate key value violates unique constraint "ref_build_cards_build_id_card_name_key"
[2026-08-06T03:15:01.909Z]   Created build food: 0 cards
[2026-08-06T03:15:03.775Z]   Error inserting cards batch: duplicate key value violates unique constraint "ref_build_cards_build_id_card_name_key"
[2026-08-06T03:15:03.775Z]   Created build lifegain: 0 cards
[2026-08-06T03:15:05.679Z]   Error inserting cards batch: duplicate key value violates unique constraint "ref_build_cards_build_id_card_name_key"
[2026-08-06T03:15:05.679Z]   Created build artifacts: 0 cards
[2026-08-06T03:15:05.679Z] [465/770] Ghired, Conclave Exile
[2026-08-06T03:15:05.679Z]   Processing Ghired, Conclave Exile (3501 decks)
[2026-08-06T03:15:05.851Z]   Found 2 themes: tokens, populate
[2026-08-06T03:15:07.757Z]   Error inserting cards batch: duplicate key value violates unique constraint "ref_build_cards_build_id_card_name_key"
[2026-08-06T03:15:07.757Z]   Created build tokens: 0 cards
[2026-08-06T03:15:09.631Z]   Error inserting cards batch: duplicate key value violates unique constraint "ref_build_cards_build_id_card_name_key"
[2026-08-06T03:15:09.631Z]   Created build populate: 0 cards
[2026-08-06T03:15:09.631Z] [466/770] Mm'menon, the Right Hand
[2026-08-06T03:15:09.631Z]   Processing Mm'menon, the Right Hand (3499 decks)
[2026-08-06T03:15:09.810Z]   Found 2 themes: artifacts, combo
[2026-08-06T03:15:11.758Z]   Error inserting cards batch: duplicate key value violates unique constraint "ref_build_cards_build_id_card_name_key"
[2026-08-06T03:15:11.758Z]   Created build artifacts: 0 cards
[2026-08-06T03:15:13.690Z]   Error inserting cards batch: duplicate key value violates unique constraint "ref_build_cards_build_id_card_name_key"
[2026-08-06T03:15:13.690Z]   Created build combo: 0 cards
[2026-08-06T03:15:13.690Z] [467/770] Marath, Will of the Wild
[2026-08-06T03:15:13.691Z]   Processing Marath, Will of the Wild (3497 decks)
[2026-08-06T03:15:13.875Z]   Found 3 themes: plus-1-plus-1-counters, combo, tokens
[2026-08-06T03:15:15.836Z]   Error inserting cards batch: duplicate key value violates unique constraint "ref_build_cards_build_id_card_name_key"
[2026-08-06T03:15:15.836Z]   Created build plus-1-plus-1-counters: 0 cards
[2026-08-06T03:15:17.645Z]   Error inserting cards batch: duplicate key value violates unique constraint "ref_build_cards_build_id_card_name_key"
[2026-08-06T03:15:17.645Z]   Created build combo: 0 cards
[2026-08-06T03:15:19.503Z]   Error inserting cards batch: duplicate key value violates unique constraint "ref_build_cards_build_id_card_name_key"
[2026-08-06T03:15:19.503Z]   Created build tokens: 0 cards
[2026-08-06T03:15:19.503Z] [468/770] Mazirek, Kraul Death Priest
[2026-08-06T03:15:19.503Z]   Processing Mazirek, Kraul Death Priest (3484 decks)
[2026-08-06T03:15:19.693Z]   Found 4 themes: sacrifice, plus-1-plus-1-counters, aristocrats, tokens
[2026-08-06T03:15:21.522Z]   Error inserting cards batch: duplicate key value violates unique constraint "ref_build_cards_build_id_card_name_key"
[2026-08-06T03:15:21.522Z]   Created build sacrifice: 0 cards
[2026-08-06T03:15:23.389Z]   Error inserting cards batch: duplicate key value violates unique constraint "ref_build_cards_build_id_card_name_key"
[2026-08-06T03:15:23.389Z]   Created build plus-1-plus-1-counters: 0 cards
[2026-08-06T03:15:25.247Z]   Error inserting cards batch: duplicate key value violates unique constraint "ref_build_cards_build_id_card_name_key"
[2026-08-06T03:15:25.247Z]   Created build aristocrats: 0 cards
[2026-08-06T03:15:27.116Z]   Error inserting cards batch: duplicate key value violates unique constraint "ref_build_cards_build_id_card_name_key"
[2026-08-06T03:15:27.116Z]   Created build tokens: 0 cards
[2026-08-06T03:15:27.116Z] [469/770] Damia, Sage of Stone
[2026-08-06T03:15:27.116Z]   Processing Damia, Sage of Stone (3483 decks)
[2026-08-06T03:15:27.300Z]   Found 2 themes: lands-matter, discard
[2026-08-06T03:15:29.206Z]   Error inserting cards batch: duplicate key value violates unique constraint "ref_build_cards_build_id_card_name_key"
[2026-08-06T03:15:29.206Z]   Created build lands-matter: 0 cards
[2026-08-06T03:15:31.045Z]   Error inserting cards batch: duplicate key value violates unique constraint "ref_build_cards_build_id_card_name_key"
[2026-08-06T03:15:31.045Z]   Created build discard: 0 cards
[2026-08-06T03:15:31.045Z] [470/770] Bruna, Light of Alabaster
[2026-08-06T03:15:31.045Z]   Processing Bruna, Light of Alabaster (3475 decks)
[2026-08-06T03:15:31.221Z]   Found 3 themes: auras, voltron, enchantress
[2026-08-06T03:15:33.048Z]   Created build auras: 100 cards
[2026-08-06T03:15:34.961Z]   Error inserting cards batch: duplicate key value violates unique constraint "ref_build_cards_build_id_card_name_key"
[2026-08-06T03:15:34.961Z]   Created build voltron: 0 cards
[2026-08-06T03:15:36.872Z]   Error inserting cards batch: duplicate key value violates unique constraint "ref_build_cards_build_id_card_name_key"
[2026-08-06T03:15:36.872Z]   Created build enchantress: 0 cards
[2026-08-06T03:15:36.872Z] [471/770] Iroh, Tea Master
[2026-08-06T03:15:36.872Z]   Processing Iroh, Tea Master (3473 decks)
[2026-08-06T03:15:37.073Z]   Found 3 themes: donate, group-hug, tokens
[2026-08-06T03:15:38.980Z]   Error inserting cards batch: duplicate key value violates unique constraint "ref_build_cards_build_id_card_name_key"
[2026-08-06T03:15:38.980Z]   Created build donate: 0 cards
[2026-08-06T03:15:40.907Z]   Created build group-hug: 100 cards
[2026-08-06T03:15:42.753Z]   Error inserting cards batch: duplicate key value violates unique constraint "ref_build_cards_build_id_card_name_key"
[2026-08-06T03:15:42.753Z]   Created build tokens: 0 cards
[2026-08-06T03:15:42.753Z] [472/770] Errant and Giada
[2026-08-06T03:15:42.753Z]   Processing Errant and Giada (3471 decks)
[2026-08-06T03:15:42.922Z]   Found 2 themes: flying, flash
[2026-08-06T03:15:42.922Z]   Skipping ignored tag: flying
[2026-08-06T03:15:42.922Z]   Skipping ignored tag: flash
[2026-08-06T03:15:42.922Z] [473/770] Lord Xander, the Collector
[2026-08-06T03:15:42.922Z]   Processing Lord Xander, the Collector (3471 decks)
[2026-08-06T03:15:43.141Z]   Found 1 themes: mill
[2026-08-06T03:15:45.214Z]   Error inserting cards batch: duplicate key value violates unique constraint "ref_build_cards_build_id_card_name_key"
[2026-08-06T03:15:45.214Z]   Created build mill: 0 cards
[2026-08-06T03:15:45.214Z] [474/770] Edric, Spymaster of Trest
[2026-08-06T03:15:45.215Z]   Processing Edric, Spymaster of Trest (3468 decks)
[2026-08-06T03:15:45.396Z]   Found 2 themes: extra-turns, aggro
[2026-08-06T03:15:47.419Z]   Error inserting cards batch: duplicate key value violates unique constraint "ref_build_cards_build_id_card_name_key"
[2026-08-06T03:15:47.419Z]   Created build extra-turns: 0 cards
[2026-08-06T03:15:49.270Z]   Error inserting cards batch: duplicate key value violates unique constraint "ref_build_cards_build_id_card_name_key"
[2026-08-06T03:15:49.270Z]   Created build aggro: 0 cards
[2026-08-06T03:15:49.270Z] [475/770] Vadrik, Astral Archmage
[2026-08-06T03:15:49.270Z]   Processing Vadrik, Astral Archmage (3462 decks)
[2026-08-06T03:15:49.461Z]   Found 5 themes: spellslinger, storm, treasure, combo, x-spells
[2026-08-06T03:15:51.251Z]   Error inserting cards batch: duplicate key value violates unique constraint "ref_build_cards_build_id_card_name_key"
[2026-08-06T03:15:51.251Z]   Created build spellslinger: 0 cards
[2026-08-06T03:15:53.126Z]   Error inserting cards batch: duplicate key value violates unique constraint "ref_build_cards_build_id_card_name_key"
[2026-08-06T03:15:53.126Z]   Created build storm: 0 cards
[2026-08-06T03:15:55.036Z]   Error inserting cards batch: duplicate key value violates unique constraint "ref_build_cards_build_id_card_name_key"
[2026-08-06T03:15:55.036Z]   Created build treasure: 0 cards
[2026-08-06T03:15:56.884Z]   Error inserting cards batch: duplicate key value violates unique constraint "ref_build_cards_build_id_card_name_key"
[2026-08-06T03:15:56.884Z]   Created build combo: 0 cards
[2026-08-06T03:15:58.769Z]   Error inserting cards batch: duplicate key value violates unique constraint "ref_build_cards_build_id_card_name_key"
[2026-08-06T03:15:58.769Z]   Created build x-spells: 0 cards
[2026-08-06T03:15:58.769Z] [476/770] Liesa, Forgotten Archangel
[2026-08-06T03:15:58.769Z]   Processing Liesa, Forgotten Archangel (3451 decks)
[2026-08-06T03:15:58.959Z]   Found 3 themes: aristocrats, lifegain, angels
[2026-08-06T03:16:00.805Z]   Error inserting cards batch: duplicate key value violates unique constraint "ref_build_cards_build_id_card_name_key"
[2026-08-06T03:16:00.805Z]   Created build aristocrats: 0 cards
[2026-08-06T03:16:02.719Z]   Error inserting cards batch: duplicate key value violates unique constraint "ref_build_cards_build_id_card_name_key"
[2026-08-06T03:16:02.719Z]   Created build lifegain: 0 cards
[2026-08-06T03:16:04.595Z]   Error inserting cards batch: duplicate key value violates unique constraint "ref_build_cards_build_id_card_name_key"
[2026-08-06T03:16:04.595Z]   Created build angels: 0 cards
[2026-08-06T03:16:04.595Z] [477/770] Wort, the Raidmother
[2026-08-06T03:16:04.595Z]   Processing Wort, the Raidmother (3426 decks)
[2026-08-06T03:16:04.774Z]   Found 3 themes: spellslinger, tokens, spell-copy
[2026-08-06T03:16:06.601Z]   Error inserting cards batch: duplicate key value violates unique constraint "ref_build_cards_build_id_card_name_key"
[2026-08-06T03:16:06.601Z]   Created build spellslinger: 0 cards
[2026-08-06T03:16:08.524Z]   Error inserting cards batch: duplicate key value violates unique constraint "ref_build_cards_build_id_card_name_key"
[2026-08-06T03:16:08.524Z]   Created build tokens: 0 cards
[2026-08-06T03:16:10.450Z]   Error inserting cards batch: duplicate key value violates unique constraint "ref_build_cards_build_id_card_name_key"
[2026-08-06T03:16:10.450Z]   Created build spell-copy: 0 cards
[2026-08-06T03:16:10.450Z] [478/770] Zabaz, the Glimmerwasp
[2026-08-06T03:16:10.450Z]   Processing Zabaz, the Glimmerwasp (3412 decks)
[2026-08-06T03:16:10.623Z]   Found 3 themes: plus-1-plus-1-counters, artifacts, modular
[2026-08-06T03:16:12.456Z]   Error inserting cards batch: duplicate key value violates unique constraint "ref_build_cards_build_id_card_name_key"
[2026-08-06T03:16:12.456Z]   Created build plus-1-plus-1-counters: 0 cards
[2026-08-06T03:16:14.301Z]   Error inserting cards batch: duplicate key value violates unique constraint "ref_build_cards_build_id_card_name_key"
[2026-08-06T03:16:14.301Z]   Created build artifacts: 0 cards
[2026-08-06T03:16:16.266Z]   Error inserting cards batch: duplicate key value violates unique constraint "ref_build_cards_build_id_card_name_key"
[2026-08-06T03:16:16.266Z]   Created build modular: 0 cards
[2026-08-06T03:16:16.266Z] [479/770] Thrun, Breaker of Silence
[2026-08-06T03:16:16.266Z]   Processing Thrun, Breaker of Silence (3392 decks)
[2026-08-06T03:16:16.499Z]   Found 4 themes: auras, voltron, enchantress, equipment
[2026-08-06T03:16:18.263Z]   Error inserting cards batch: duplicate key value violates unique constraint "ref_build_cards_build_id_card_name_key"
[2026-08-06T03:16:18.263Z]   Created build auras: 0 cards
[2026-08-06T03:16:20.062Z]   Error inserting cards batch: duplicate key value violates unique constraint "ref_build_cards_build_id_card_name_key"
[2026-08-06T03:16:20.062Z]   Created build voltron: 0 cards
[2026-08-06T03:16:21.857Z]   Error inserting cards batch: duplicate key value violates unique constraint "ref_build_cards_build_id_card_name_key"
[2026-08-06T03:16:21.857Z]   Created build enchantress: 0 cards
[2026-08-06T03:16:23.744Z]   Error inserting cards batch: duplicate key value violates unique constraint "ref_build_cards_build_id_card_name_key"
[2026-08-06T03:16:23.744Z]   Created build equipment: 0 cards
[2026-08-06T03:16:23.744Z] [480/770] Chainer, Nightmare Adept
[2026-08-06T03:16:23.744Z]   Processing Chainer, Nightmare Adept (3378 decks)
[2026-08-06T03:16:23.915Z]   Found 3 themes: reanimator, graveyard, discard
[2026-08-06T03:16:25.796Z]   Error inserting cards batch: duplicate key value violates unique constraint "ref_build_cards_build_id_card_name_key"
[2026-08-06T03:16:25.796Z]   Created build reanimator: 0 cards
[2026-08-06T03:16:27.655Z]   Error inserting cards batch: duplicate key value violates unique constraint "ref_build_cards_build_id_card_name_key"
[2026-08-06T03:16:27.655Z]   Created build graveyard: 0 cards
[2026-08-06T03:16:29.514Z]   Error inserting cards batch: duplicate key value violates unique constraint "ref_build_cards_build_id_card_name_key"
[2026-08-06T03:16:29.514Z]   Created build discard: 0 cards
[2026-08-06T03:16:29.514Z] [481/770] Ashcoat of the Shadow Swarm
[2026-08-06T03:16:29.514Z]   Processing Ashcoat of the Shadow Swarm (3373 decks)
[2026-08-06T03:16:29.701Z]   Found 2 themes: rat-colony, rats
[2026-08-06T03:16:31.442Z]   Error inserting cards batch: duplicate key value violates unique constraint "ref_build_cards_build_id_card_name_key"
[2026-08-06T03:16:31.442Z]   Created build rat-colony: 0 cards
[2026-08-06T03:16:33.302Z]   Created build rats: 100 cards
[2026-08-06T03:16:33.302Z] [482/770] Lavinia, Azorius Renegade
[2026-08-06T03:16:33.302Z]   Processing Lavinia, Azorius Renegade (3362 decks)
[2026-08-06T03:16:33.491Z]   Found 2 themes: stax, control
[2026-08-06T03:16:35.308Z]   Error inserting cards batch: duplicate key value violates unique constraint "ref_build_cards_build_id_card_name_key"
[2026-08-06T03:16:35.309Z]   Created build stax: 0 cards
[2026-08-06T03:16:37.133Z]   Error inserting cards batch: duplicate key value violates unique constraint "ref_build_cards_build_id_card_name_key"
[2026-08-06T03:16:37.133Z]   Created build control: 0 cards
[2026-08-06T03:16:37.133Z] [483/770] Primo, the Unbounded
[2026-08-06T03:16:37.133Z]   Processing Primo, the Unbounded (3357 decks)
[2026-08-06T03:16:37.306Z]   Found 3 themes: plus-1-plus-1-counters, tokens, x-spells
[2026-08-06T03:16:39.229Z]   Error inserting cards batch: duplicate key value violates unique constraint "ref_build_cards_build_id_card_name_key"
[2026-08-06T03:16:39.229Z]   Created build plus-1-plus-1-counters: 0 cards
[2026-08-06T03:16:41.156Z]   Error inserting cards batch: duplicate key value violates unique constraint "ref_build_cards_build_id_card_name_key"
[2026-08-06T03:16:41.156Z]   Created build tokens: 0 cards
[2026-08-06T03:16:42.752Z]   Error inserting cards batch: duplicate key value violates unique constraint "ref_build_cards_build_id_card_name_key"
[2026-08-06T03:16:42.752Z]   Created build x-spells: 0 cards
[2026-08-06T03:16:42.752Z] [484/770] Killian, Ink Duelist
[2026-08-06T03:16:42.752Z]   Processing Killian, Ink Duelist (3348 decks)
[2026-08-06T03:16:42.944Z]   Found 3 themes: auras, voltron, enchantress
[2026-08-06T03:16:44.846Z]   Error inserting cards batch: duplicate key value violates unique constraint "ref_build_cards_build_id_card_name_key"
[2026-08-06T03:16:44.846Z]   Created build auras: 0 cards
[2026-08-06T03:16:46.711Z]   Error inserting cards batch: duplicate key value violates unique constraint "ref_build_cards_build_id_card_name_key"
[2026-08-06T03:16:46.711Z]   Created build voltron: 0 cards
[2026-08-06T03:16:48.662Z]   Error inserting cards batch: duplicate key value violates unique constraint "ref_build_cards_build_id_card_name_key"
[2026-08-06T03:16:48.662Z]   Created build enchantress: 0 cards
[2026-08-06T03:16:48.662Z] [485/770] Tameshi, Reality Architect
[2026-08-06T03:16:48.662Z]   Processing Tameshi, Reality Architect (3337 decks)
[2026-08-06T03:16:48.867Z]   Found 6 themes: artifacts, combo, control, enchantress, unnatural, lands-matter
[2026-08-06T03:16:50.751Z]   Error inserting cards batch: duplicate key value violates unique constraint "ref_build_cards_build_id_card_name_key"
[2026-08-06T03:16:50.751Z]   Created build artifacts: 0 cards
[2026-08-06T03:16:52.674Z]   Created build combo: 100 cards
[2026-08-06T03:16:54.577Z]   Error inserting cards batch: duplicate key value violates unique constraint "ref_build_cards_build_id_card_name_key"
[2026-08-06T03:16:54.577Z]   Created build control: 0 cards
[2026-08-06T03:16:56.468Z]   Error inserting cards batch: duplicate key value violates unique constraint "ref_build_cards_build_id_card_name_key"
[2026-08-06T03:16:56.468Z]   Created build enchantress: 0 cards
[2026-08-06T03:16:56.468Z]   Skipping ignored tag: unnatural
[2026-08-06T03:16:58.401Z]   Created build lands-matter: 100 cards
[2026-08-06T03:16:58.401Z] [486/770] Horde of Notions
[2026-08-06T03:16:58.401Z]   Processing Horde of Notions (3320 decks)
[2026-08-06T03:16:58.583Z]   Found 3 themes: elementals, lands-matter, reanimator
[2026-08-06T03:17:00.559Z]   Error inserting cards batch: duplicate key value violates unique constraint "ref_build_cards_build_id_card_name_key"
[2026-08-06T03:17:00.559Z]   Created build elementals: 0 cards
[2026-08-06T03:17:02.416Z]   Error inserting cards batch: duplicate key value violates unique constraint "ref_build_cards_build_id_card_name_key"
[2026-08-06T03:17:02.416Z]   Created build lands-matter: 0 cards
[2026-08-06T03:17:04.289Z]   Error inserting cards batch: duplicate key value violates unique constraint "ref_build_cards_build_id_card_name_key"
[2026-08-06T03:17:04.289Z]   Created build reanimator: 0 cards
[2026-08-06T03:17:04.289Z] [487/770] Bright-Palm, Soul Awakener
[2026-08-06T03:17:04.289Z]   Processing Bright-Palm, Soul Awakener (3301 decks)
[2026-08-06T03:17:04.469Z]   Found 1 themes: plus-1-plus-1-counters
[2026-08-06T03:17:06.422Z]   Created build plus-1-plus-1-counters: 100 cards
[2026-08-06T03:17:06.422Z] [488/770] Sephiroth, Fallen Hero
[2026-08-06T03:17:06.422Z]   Processing Sephiroth, Fallen Hero (3297 decks)
[2026-08-06T03:17:06.607Z]   Found 3 themes: equipment, plus-1-plus-1-counters, aggro
[2026-08-06T03:17:08.494Z]   Error inserting cards batch: duplicate key value violates unique constraint "ref_build_cards_build_id_card_name_key"
[2026-08-06T03:17:08.494Z]   Created build equipment: 0 cards
[2026-08-06T03:17:10.332Z]   Error inserting cards batch: duplicate key value violates unique constraint "ref_build_cards_build_id_card_name_key"
[2026-08-06T03:17:10.332Z]   Created build plus-1-plus-1-counters: 0 cards
[2026-08-06T03:17:12.216Z]   Created build aggro: 100 cards
[2026-08-06T03:17:12.217Z] [489/770] Gandalf of the Secret Fire
[2026-08-06T03:17:12.217Z]   Processing Gandalf of the Secret Fire (3294 decks)
[2026-08-06T03:17:12.394Z]   Found 1 themes: spellslinger
[2026-08-06T03:17:14.308Z]   Error inserting cards batch: duplicate key value violates unique constraint "ref_build_cards_build_id_card_name_key"
[2026-08-06T03:17:14.308Z]   Created build spellslinger: 0 cards
[2026-08-06T03:17:14.308Z] [490/770] Rionya, Fire Dancer
[2026-08-06T03:17:14.308Z]   Processing Rionya, Fire Dancer (3291 decks)
[2026-08-06T03:17:14.494Z]   Found 6 themes: treasure, extra-combats, spellslinger, clones, storm, combo
[2026-08-06T03:17:16.369Z]   Error inserting cards batch: duplicate key value violates unique constraint "ref_build_cards_build_id_card_name_key"
[2026-08-06T03:17:16.369Z]   Created build treasure: 0 cards
[2026-08-06T03:17:18.249Z]   Error inserting cards batch: duplicate key value violates unique constraint "ref_build_cards_build_id_card_name_key"
[2026-08-06T03:17:18.249Z]   Created build extra-combats: 0 cards
[2026-08-06T03:17:20.074Z]   Error inserting cards batch: duplicate key value violates unique constraint "ref_build_cards_build_id_card_name_key"
[2026-08-06T03:17:20.074Z]   Created build spellslinger: 0 cards
[2026-08-06T03:17:21.953Z]   Error inserting cards batch: duplicate key value violates unique constraint "ref_build_cards_build_id_card_name_key"
[2026-08-06T03:17:21.954Z]   Created build clones: 0 cards
[2026-08-06T03:17:23.864Z]   Error inserting cards batch: duplicate key value violates unique constraint "ref_build_cards_build_id_card_name_key"
[2026-08-06T03:17:23.864Z]   Created build storm: 0 cards
[2026-08-06T03:17:25.812Z]   Error inserting cards batch: duplicate key value violates unique constraint "ref_build_cards_build_id_card_name_key"
[2026-08-06T03:17:25.812Z]   Created build combo: 0 cards
[2026-08-06T03:17:25.812Z] [491/770] The Serpent Society
[2026-08-06T03:17:25.812Z]   Processing The Serpent Society (3284 decks)
[2026-08-06T03:17:25.987Z]   Found 2 themes: infect, deathtouch
[2026-08-06T03:17:27.833Z]   Error inserting cards batch: duplicate key value violates unique constraint "ref_build_cards_build_id_card_name_key"
[2026-08-06T03:17:27.833Z]   Created build infect: 0 cards
[2026-08-06T03:17:27.833Z]   Skipping ignored tag: deathtouch
[2026-08-06T03:17:27.833Z] [492/770] Mog, Moogle Warrior
[2026-08-06T03:17:27.833Z]   Processing Mog, Moogle Warrior (3283 decks)
[2026-08-06T03:17:28.025Z]   Found 2 themes: tokens, plus-1-plus-1-counters
[2026-08-06T03:17:29.815Z]   Error inserting cards batch: duplicate key value violates unique constraint "ref_build_cards_build_id_card_name_key"
[2026-08-06T03:17:29.815Z]   Created build tokens: 0 cards
[2026-08-06T03:17:31.762Z]   Created build plus-1-plus-1-counters: 100 cards
[2026-08-06T03:17:31.762Z] [493/770] Samwise Gamgee
[2026-08-06T03:17:31.762Z]   Processing Samwise Gamgee (3276 decks)
[2026-08-06T03:17:31.941Z]   Found 5 themes: lifegain, tokens, legends, food, historic
[2026-08-06T03:17:33.869Z]   Error inserting cards batch: duplicate key value violates unique constraint "ref_build_cards_build_id_card_name_key"
[2026-08-06T03:17:33.869Z]   Created build lifegain: 0 cards
[2026-08-06T03:17:35.782Z]   Error inserting cards batch: duplicate key value violates unique constraint "ref_build_cards_build_id_card_name_key"
[2026-08-06T03:17:35.782Z]   Created build tokens: 0 cards
[2026-08-06T03:17:37.648Z]   Error inserting cards batch: duplicate key value violates unique constraint "ref_build_cards_build_id_card_name_key"
[2026-08-06T03:17:37.648Z]   Created build legends: 0 cards
[2026-08-06T03:17:39.533Z]   Error inserting cards batch: duplicate key value violates unique constraint "ref_build_cards_build_id_card_name_key"
[2026-08-06T03:17:39.533Z]   Created build food: 0 cards
[2026-08-06T03:17:41.378Z]   Error inserting cards batch: duplicate key value violates unique constraint "ref_build_cards_build_id_card_name_key"
[2026-08-06T03:17:41.378Z]   Created build historic: 0 cards
[2026-08-06T03:17:41.378Z] [494/770] Charix, the Raging Isle
[2026-08-06T03:17:41.378Z]   Processing Charix, the Raging Isle (3274 decks)
[2026-08-06T03:17:41.547Z]   Found 4 themes: crabs, toughness-matters, voltron, equipment
[2026-08-06T03:17:41.547Z]   Skipping ignored tag: crabs
[2026-08-06T03:17:43.474Z]   Created build toughness-matters: 100 cards
[2026-08-06T03:17:45.339Z]   Error inserting cards batch: duplicate key value violates unique constraint "ref_build_cards_build_id_card_name_key"
[2026-08-06T03:17:45.339Z]   Created build voltron: 0 cards
[2026-08-06T03:17:47.227Z]   Error inserting cards batch: duplicate key value violates unique constraint "ref_build_cards_build_id_card_name_key"
[2026-08-06T03:17:47.227Z]   Created build equipment: 0 cards
[2026-08-06T03:17:47.227Z] [495/770] Arahbo, the First Fang
[2026-08-06T03:17:47.227Z]   Processing Arahbo, the First Fang (3271 decks)
[2026-08-06T03:17:47.401Z]   Found 3 themes: cats, tokens, lifegain
[2026-08-06T03:17:49.306Z]   Created build cats: 100 cards
[2026-08-06T03:17:51.175Z]   Error inserting cards batch: duplicate key value violates unique constraint "ref_build_cards_build_id_card_name_key"
[2026-08-06T03:17:51.175Z]   Created build tokens: 0 cards
[2026-08-06T03:17:53.065Z]   Error inserting cards batch: duplicate key value violates unique constraint "ref_build_cards_build_id_card_name_key"
[2026-08-06T03:17:53.065Z]   Created build lifegain: 0 cards
[2026-08-06T03:17:53.065Z] [496/770] Nathan Drake, Treasure Hunter
[2026-08-06T03:17:53.065Z]   Processing Nathan Drake, Treasure Hunter (3271 decks)
[2026-08-06T03:17:53.249Z]   Found 1 themes: theft
[2026-08-06T03:17:55.109Z]   Error inserting cards batch: duplicate key value violates unique constraint "ref_build_cards_build_id_card_name_key"
[2026-08-06T03:17:55.110Z]   Created build theft: 0 cards
[2026-08-06T03:17:55.110Z] [497/770] Shadrix Silverquill
[2026-08-06T03:17:55.110Z]   Processing Shadrix Silverquill (3267 decks)
[2026-08-06T03:17:55.295Z]   Found 3 themes: tokens, plus-1-plus-1-counters, group-hug
[2026-08-06T03:17:57.151Z]   Error inserting cards batch: duplicate key value violates unique constraint "ref_build_cards_build_id_card_name_key"
[2026-08-06T03:17:57.151Z]   Created build tokens: 0 cards
[2026-08-06T03:17:59.050Z]   Error inserting cards batch: duplicate key value violates unique constraint "ref_build_cards_build_id_card_name_key"
[2026-08-06T03:17:59.050Z]   Created build plus-1-plus-1-counters: 0 cards
[2026-08-06T03:18:01.043Z]   Error inserting cards batch: duplicate key value violates unique constraint "ref_build_cards_build_id_card_name_key"
[2026-08-06T03:18:01.043Z]   Created build group-hug: 0 cards
[2026-08-06T03:18:01.043Z] [498/770] Daretti, Scrap Savant
[2026-08-06T03:18:01.043Z]   Processing Daretti, Scrap Savant (3264 decks)
[2026-08-06T03:18:01.236Z]   Found 2 themes: artifacts, reanimator
[2026-08-06T03:18:03.077Z]   Error inserting cards batch: duplicate key value violates unique constraint "ref_build_cards_build_id_card_name_key"
[2026-08-06T03:18:03.077Z]   Created build artifacts: 0 cards
[2026-08-06T03:18:04.969Z]   Error inserting cards batch: duplicate key value violates unique constraint "ref_build_cards_build_id_card_name_key"
[2026-08-06T03:18:04.969Z]   Created build reanimator: 0 cards
[2026-08-06T03:18:04.969Z] [499/770] Aegar, the Freezing Flame
[2026-08-06T03:18:04.969Z]   Processing Aegar, the Freezing Flame (3261 decks)
[2026-08-06T03:18:05.151Z]   Found 3 themes: giants, burn, spellslinger
[2026-08-06T03:18:07.151Z]   Error inserting cards batch: duplicate key value violates unique constraint "ref_build_cards_build_id_card_name_key"
[2026-08-06T03:18:07.151Z]   Created build giants: 0 cards
[2026-08-06T03:18:09.085Z]   Error inserting cards batch: duplicate key value violates unique constraint "ref_build_cards_build_id_card_name_key"
[2026-08-06T03:18:09.085Z]   Created build burn: 0 cards
[2026-08-06T03:18:11.878Z]   Error inserting cards batch: duplicate key value violates unique constraint "ref_build_cards_build_id_card_name_key"
[2026-08-06T03:18:11.878Z]   Created build spellslinger: 0 cards
[2026-08-06T03:18:11.878Z] [500/770] Phage the Untouchable
[2026-08-06T03:18:11.878Z]   Processing Phage the Untouchable (3254 decks)
[2026-08-06T03:18:12.067Z]   No themes found for Phage the Untouchable
[2026-08-06T03:18:12.067Z] 
[2026-08-06T03:18:12.067Z] Progress: 498 processed, 1866 builds, 134100 cards
[2026-08-06T03:18:12.067Z] 
[2026-08-06T03:18:12.067Z] [501/770] Three Dog, Galaxy News DJ
[2026-08-06T03:18:12.067Z]   Processing Three Dog, Galaxy News DJ (3251 decks)
[2026-08-06T03:18:12.253Z]   Found 3 themes: auras, tokens, enchantress
[2026-08-06T03:18:14.150Z]   Created build auras: 100 cards
[2026-08-06T03:18:16.031Z]   Created build tokens: 100 cards
[2026-08-06T03:18:17.885Z]   Created build enchantress: 100 cards
[2026-08-06T03:18:17.885Z] [502/770] The Celestial Toymaker
[2026-08-06T03:18:17.885Z]   Processing The Celestial Toymaker (3250 decks)
[2026-08-06T03:18:18.070Z]   No themes found for The Celestial Toymaker
[2026-08-06T03:18:18.071Z] [503/770] Etrata, Deadly Fugitive
[2026-08-06T03:18:18.071Z]   Processing Etrata, Deadly Fugitive (3243 decks)
[2026-08-06T03:18:18.256Z]   Found 3 themes: assassins, morph, theft
[2026-08-06T03:18:20.094Z]   Error inserting cards batch: duplicate key value violates unique constraint "ref_build_cards_build_id_card_name_key"
[2026-08-06T03:18:20.094Z]   Created build assassins: 0 cards
[2026-08-06T03:18:22.057Z]   Error inserting cards batch: duplicate key value violates unique constraint "ref_build_cards_build_id_card_name_key"
[2026-08-06T03:18:22.058Z]   Created build morph: 0 cards
[2026-08-06T03:18:23.903Z]   Error inserting cards batch: duplicate key value violates unique constraint "ref_build_cards_build_id_card_name_key"
[2026-08-06T03:18:23.903Z]   Created build theft: 0 cards
[2026-08-06T03:18:23.903Z] [504/770] The Pride of Hull Clade
[2026-08-06T03:18:23.903Z]   Processing The Pride of Hull Clade (3235 decks)
[2026-08-06T03:18:24.077Z]   Found 2 themes: toughness-matters, defenders
[2026-08-06T03:18:26.012Z]   Error inserting cards batch: duplicate key value violates unique constraint "ref_build_cards_build_id_card_name_key"
[2026-08-06T03:18:26.012Z]   Created build toughness-matters: 0 cards
[2026-08-06T03:18:27.835Z]   Error inserting cards batch: duplicate key value violates unique constraint "ref_build_cards_build_id_card_name_key"
[2026-08-06T03:18:27.836Z]   Created build defenders: 0 cards
[2026-08-06T03:18:27.836Z] [505/770] Licia, Sanguine Tribune
[2026-08-06T03:18:27.836Z]   Processing Licia, Sanguine Tribune (3229 decks)
[2026-08-06T03:18:28.031Z]   Found 3 themes: lifegain, vampires, self-damage
[2026-08-06T03:18:30.094Z]   Created build lifegain: 100 cards
[2026-08-06T03:18:32.023Z]   Created build vampires: 100 cards
[2026-08-06T03:18:33.924Z]   Created build self-damage: 100 cards
[2026-08-06T03:18:33.924Z] [506/770] Aragorn, Hornburg Hero
[2026-08-06T03:18:33.924Z]   Processing Aragorn, Hornburg Hero (3221 decks)
[2026-08-06T03:18:34.109Z]   Found 2 themes: plus-1-plus-1-counters, aggro
[2026-08-06T03:18:36.017Z]   Error inserting cards batch: duplicate key value violates unique constraint "ref_build_cards_build_id_card_name_key"
[2026-08-06T03:18:36.017Z]   Created build plus-1-plus-1-counters: 0 cards
[2026-08-06T03:18:37.938Z]   Error inserting cards batch: duplicate key value violates unique constraint "ref_build_cards_build_id_card_name_key"
[2026-08-06T03:18:37.938Z]   Created build aggro: 0 cards
[2026-08-06T03:18:37.938Z] [507/770] Namor the Sub-Mariner
[2026-08-06T03:18:37.938Z]   Processing Namor the Sub-Mariner (3214 decks)
[2026-08-06T03:18:38.138Z]   Found 3 themes: tokens, merfolk, spellslinger
[2026-08-06T03:18:39.902Z]   Error inserting cards batch: duplicate key value violates unique constraint "ref_build_cards_build_id_card_name_key"
[2026-08-06T03:18:39.902Z]   Created build tokens: 0 cards
[2026-08-06T03:18:41.780Z]   Error inserting cards batch: duplicate key value violates unique constraint "ref_build_cards_build_id_card_name_key"
[2026-08-06T03:18:41.780Z]   Created build merfolk: 0 cards
[2026-08-06T03:18:43.700Z]   Error inserting cards batch: duplicate key value violates unique constraint "ref_build_cards_build_id_card_name_key"
[2026-08-06T03:18:43.700Z]   Created build spellslinger: 0 cards
[2026-08-06T03:18:43.700Z] [508/770] Ashaya, Soul of the Wild
[2026-08-06T03:18:43.700Z]   Processing Ashaya, Soul of the Wild (3212 decks)
[2026-08-06T03:18:43.880Z]   Found 3 themes: lands-matter, landfall, ramp
[2026-08-06T03:18:45.733Z]   Error inserting cards batch: duplicate key value violates unique constraint "ref_build_cards_build_id_card_name_key"
[2026-08-06T03:18:45.733Z]   Created build lands-matter: 0 cards
[2026-08-06T03:18:47.576Z]   Error inserting cards batch: duplicate key value violates unique constraint "ref_build_cards_build_id_card_name_key"
[2026-08-06T03:18:47.576Z]   Created build landfall: 0 cards
[2026-08-06T03:18:49.502Z]   Error inserting cards batch: duplicate key value violates unique constraint "ref_build_cards_build_id_card_name_key"
[2026-08-06T03:18:49.502Z]   Created build ramp: 0 cards
[2026-08-06T03:18:49.502Z] [509/770] The Astonishing Ant-Man
[2026-08-06T03:18:49.502Z]   Processing The Astonishing Ant-Man (3206 decks)
[2026-08-06T03:18:49.687Z]   Found 3 themes: plus-1-plus-1-counters, tokens, card-draw
[2026-08-06T03:18:51.585Z]   Error inserting cards batch: duplicate key value violates unique constraint "ref_build_cards_build_id_card_name_key"
[2026-08-06T03:18:51.585Z]   Created build plus-1-plus-1-counters: 0 cards
[2026-08-06T03:18:53.402Z]   Error inserting cards batch: duplicate key value violates unique constraint "ref_build_cards_build_id_card_name_key"
[2026-08-06T03:18:53.402Z]   Created build tokens: 0 cards
[2026-08-06T03:18:55.323Z]   Created build card-draw: 100 cards
[2026-08-06T03:18:55.323Z] [510/770] Ruxa, Patient Professor
[2026-08-06T03:18:55.324Z]   Processing Ruxa, Patient Professor (3202 decks)
[2026-08-06T03:18:55.510Z]   Found 1 themes: vanilla
[2026-08-06T03:18:55.510Z]   Skipping ignored tag: vanilla
[2026-08-06T03:18:55.510Z] [511/770] Baeloth Barrityl, Entertainer + Noble Heritage
[2026-08-06T03:18:55.510Z]   Processing Baeloth Barrityl, Entertainer + Noble Heritage (3200 decks)
[2026-08-06T03:18:55.676Z]   Found 3 themes: forced-combat, equipment, plus-1-plus-1-counters
[2026-08-06T03:18:57.594Z]   Error inserting cards batch: duplicate key value violates unique constraint "ref_build_cards_build_id_card_name_key"
[2026-08-06T03:18:57.594Z]   Created build forced-combat: 0 cards
[2026-08-06T03:18:59.503Z]   Error inserting cards batch: duplicate key value violates unique constraint "ref_build_cards_build_id_card_name_key"
[2026-08-06T03:18:59.503Z]   Created build equipment: 0 cards
[2026-08-06T03:19:01.409Z]   Error inserting cards batch: duplicate key value violates unique constraint "ref_build_cards_build_id_card_name_key"
[2026-08-06T03:19:01.409Z]   Created build plus-1-plus-1-counters: 0 cards
[2026-08-06T03:19:01.409Z] [512/770] Sephiroth, Planet's Heir
[2026-08-06T03:19:01.409Z]   Processing Sephiroth, Planet's Heir (3193 decks)
[2026-08-06T03:19:01.595Z]   No themes found for Sephiroth, Planet's Heir
[2026-08-06T03:19:01.595Z] [513/770] Sai, Master Thopterist
[2026-08-06T03:19:01.595Z]   Processing Sai, Master Thopterist (3184 decks)
[2026-08-06T03:19:01.796Z]   Found 2 themes: artifacts, tokens
[2026-08-06T03:19:03.699Z]   Error inserting cards batch: duplicate key value violates unique constraint "ref_build_cards_build_id_card_name_key"
[2026-08-06T03:19:03.699Z]   Created build artifacts: 0 cards
[2026-08-06T03:19:06.217Z]   Error inserting cards batch: duplicate key value violates unique constraint "ref_build_cards_build_id_card_name_key"
[2026-08-06T03:19:06.217Z]   Created build tokens: 0 cards
[2026-08-06T03:19:06.217Z] [514/770] Gimbal, Gremlin Prodigy
[2026-08-06T03:19:06.217Z]   Processing Gimbal, Gremlin Prodigy (3179 decks)
[2026-08-06T03:19:06.418Z]   Found 3 themes: artifacts, tokens, treasure
[2026-08-06T03:19:07.729Z]   Error inserting cards batch: duplicate key value violates unique constraint "ref_build_cards_build_id_card_name_key"
[2026-08-06T03:19:07.729Z]   Created build artifacts: 0 cards
[2026-08-06T03:19:09.631Z]   Created build tokens: 100 cards
[2026-08-06T03:19:11.573Z]   Error inserting cards batch: duplicate key value violates unique constraint "ref_build_cards_build_id_card_name_key"
[2026-08-06T03:19:11.573Z]   Created build treasure: 0 cards
[2026-08-06T03:19:11.573Z] [515/770] Círdan the Shipwright
[2026-08-06T03:19:11.573Z]   Processing Círdan the Shipwright (3172 decks)
[2026-08-06T03:19:11.755Z]   Found 2 themes: politics, group-hug
[2026-08-06T03:19:13.656Z]   Error inserting cards batch: duplicate key value violates unique constraint "ref_build_cards_build_id_card_name_key"
[2026-08-06T03:19:13.656Z]   Created build politics: 0 cards
[2026-08-06T03:19:15.541Z]   Error inserting cards batch: duplicate key value violates unique constraint "ref_build_cards_build_id_card_name_key"
[2026-08-06T03:19:15.541Z]   Created build group-hug: 0 cards
[2026-08-06T03:19:15.542Z] [516/770] Old Stickfingers
[2026-08-06T03:19:15.542Z]   Processing Old Stickfingers (3171 decks)
[2026-08-06T03:19:15.762Z]   Found 4 themes: reanimator, graveyard, mill, self-mill
[2026-08-06T03:19:17.747Z]   Error inserting cards batch: duplicate key value violates unique constraint "ref_build_cards_build_id_card_name_key"
[2026-08-06T03:19:17.748Z]   Created build reanimator: 0 cards
[2026-08-06T03:19:19.611Z]   Error inserting cards batch: duplicate key value violates unique constraint "ref_build_cards_build_id_card_name_key"
[2026-08-06T03:19:19.611Z]   Created build graveyard: 0 cards
[2026-08-06T03:19:21.491Z]   Error inserting cards batch: duplicate key value violates unique constraint "ref_build_cards_build_id_card_name_key"
[2026-08-06T03:19:21.491Z]   Created build mill: 0 cards
[2026-08-06T03:19:23.422Z]   Error inserting cards batch: duplicate key value violates unique constraint "ref_build_cards_build_id_card_name_key"
[2026-08-06T03:19:23.422Z]   Created build self-mill: 0 cards
[2026-08-06T03:19:23.422Z] [517/770] Ghen, Arcanum Weaver
[2026-08-06T03:19:23.422Z]   Processing Ghen, Arcanum Weaver (3157 decks)
[2026-08-06T03:19:23.597Z]   Found 2 themes: enchantress, reanimator
[2026-08-06T03:19:25.427Z]   Error inserting cards batch: duplicate key value violates unique constraint "ref_build_cards_build_id_card_name_key"
[2026-08-06T03:19:25.427Z]   Created build enchantress: 0 cards
[2026-08-06T03:19:27.282Z]   Error inserting cards batch: duplicate key value violates unique constraint "ref_build_cards_build_id_card_name_key"
[2026-08-06T03:19:27.282Z]   Created build reanimator: 0 cards
[2026-08-06T03:19:27.282Z] [518/770] Calix, Guided by Fate
[2026-08-06T03:19:27.282Z]   Processing Calix, Guided by Fate (3154 decks)
[2026-08-06T03:19:27.478Z]   Found 3 themes: auras, enchantress, plus-1-plus-1-counters
[2026-08-06T03:19:29.449Z]   Error inserting cards batch: duplicate key value violates unique constraint "ref_build_cards_build_id_card_name_key"
[2026-08-06T03:19:29.449Z]   Created build auras: 0 cards
[2026-08-06T03:19:31.323Z]   Error inserting cards batch: duplicate key value violates unique constraint "ref_build_cards_build_id_card_name_key"
[2026-08-06T03:19:31.323Z]   Created build enchantress: 0 cards
[2026-08-06T03:19:33.042Z]   Error inserting cards batch: duplicate key value violates unique constraint "ref_build_cards_build_id_card_name_key"
[2026-08-06T03:19:33.042Z]   Created build plus-1-plus-1-counters: 0 cards
[2026-08-06T03:19:33.042Z] [519/770] Sarulf, Realm Eater
[2026-08-06T03:19:33.042Z]   Processing Sarulf, Realm Eater (3153 decks)
[2026-08-06T03:19:33.223Z]   Found 2 themes: plus-1-plus-1-counters, control
[2026-08-06T03:19:35.155Z]   Error inserting cards batch: duplicate key value violates unique constraint "ref_build_cards_build_id_card_name_key"
[2026-08-06T03:19:35.155Z]   Created build plus-1-plus-1-counters: 0 cards
[2026-08-06T03:19:37.026Z]   Error inserting cards batch: duplicate key value violates unique constraint "ref_build_cards_build_id_card_name_key"
[2026-08-06T03:19:37.026Z]   Created build control: 0 cards
[2026-08-06T03:19:37.026Z] [520/770] Lara Croft, Tomb Raider
[2026-08-06T03:19:37.026Z]   Processing Lara Croft, Tomb Raider (3152 decks)
[2026-08-06T03:19:37.206Z]   Found 6 themes: historic, artifacts, legends, treasure, equipment, voltron
[2026-08-06T03:19:39.112Z]   Error inserting cards batch: duplicate key value violates unique constraint "ref_build_cards_build_id_card_name_key"
[2026-08-06T03:19:39.112Z]   Created build historic: 0 cards
[2026-08-06T03:19:40.999Z]   Error inserting cards batch: duplicate key value violates unique constraint "ref_build_cards_build_id_card_name_key"
[2026-08-06T03:19:40.999Z]   Created build artifacts: 0 cards
[2026-08-06T03:19:42.853Z]   Error inserting cards batch: duplicate key value violates unique constraint "ref_build_cards_build_id_card_name_key"
[2026-08-06T03:19:42.853Z]   Created build legends: 0 cards
[2026-08-06T03:19:44.791Z]   Created build treasure: 100 cards
[2026-08-06T03:19:46.709Z]   Error inserting cards batch: duplicate key value violates unique constraint "ref_build_cards_build_id_card_name_key"
[2026-08-06T03:19:46.709Z]   Created build equipment: 0 cards
[2026-08-06T03:19:48.581Z]   Error inserting cards batch: duplicate key value violates unique constraint "ref_build_cards_build_id_card_name_key"
[2026-08-06T03:19:48.582Z]   Created build voltron: 0 cards
[2026-08-06T03:19:48.582Z] [521/770] Elenda, Saint of Dusk
[2026-08-06T03:19:48.582Z]   Processing Elenda, Saint of Dusk (3143 decks)
[2026-08-06T03:19:48.759Z]   Found 2 themes: lifegain, vampires
[2026-08-06T03:19:50.668Z]   Error inserting cards batch: duplicate key value violates unique constraint "ref_build_cards_build_id_card_name_key"
[2026-08-06T03:19:50.668Z]   Created build lifegain: 0 cards
[2026-08-06T03:19:52.546Z]   Error inserting cards batch: duplicate key value violates unique constraint "ref_build_cards_build_id_card_name_key"
[2026-08-06T03:19:52.546Z]   Created build vampires: 0 cards
[2026-08-06T03:19:52.546Z] [522/770] Malcolm, Keen-Eyed Navigator & Vial Smasher the Fierce
[2026-08-06T03:19:52.546Z]   Processing Malcolm, Keen-Eyed Navigator & Vial Smasher the Fierce (3125 decks)
[2026-08-06T03:19:52.719Z]   Found 3 themes: cedh, combo, treasure
[2026-08-06T03:19:52.719Z]   Skipping ignored tag: cedh
[2026-08-06T03:19:54.559Z]   Error inserting cards batch: duplicate key value violates unique constraint "ref_build_cards_build_id_card_name_key"
[2026-08-06T03:19:54.559Z]   Created build combo: 0 cards
[2026-08-06T03:19:56.486Z]   Error inserting cards batch: duplicate key value violates unique constraint "ref_build_cards_build_id_card_name_key"
[2026-08-06T03:19:56.486Z]   Created build treasure: 0 cards
[2026-08-06T03:19:56.486Z] [523/770] Skithiryx, the Blight Dragon
[2026-08-06T03:19:56.486Z]   Processing Skithiryx, the Blight Dragon (3124 decks)
[2026-08-06T03:19:56.671Z]   Found 2 themes: infect, voltron
[2026-08-06T03:19:58.582Z]   Created build infect: 100 cards
[2026-08-06T03:20:00.468Z]   Error inserting cards batch: duplicate key value violates unique constraint "ref_build_cards_build_id_card_name_key"
[2026-08-06T03:20:00.468Z]   Created build voltron: 0 cards
[2026-08-06T03:20:00.468Z] [524/770] Thurid, Mare of Destiny
[2026-08-06T03:20:00.468Z]   Processing Thurid, Mare of Destiny (3116 decks)
[2026-08-06T03:20:00.653Z]   Found 2 themes: lifegain, tokens
[2026-08-06T03:20:02.542Z]   Error inserting cards batch: duplicate key value violates unique constraint "ref_build_cards_build_id_card_name_key"
[2026-08-06T03:20:02.542Z]   Created build lifegain: 0 cards
[2026-08-06T03:20:04.323Z]   Error inserting cards batch: duplicate key value violates unique constraint "ref_build_cards_build_id_card_name_key"
[2026-08-06T03:20:04.323Z]   Created build tokens: 0 cards
[2026-08-06T03:20:04.323Z] [525/770] Super Shredder
[2026-08-06T03:20:04.323Z]   Processing Super Shredder (3106 decks)
[2026-08-06T03:20:04.509Z]   Found 1 themes: plus-1-plus-1-counters
[2026-08-06T03:20:06.378Z]   Error inserting cards batch: duplicate key value violates unique constraint "ref_build_cards_build_id_card_name_key"
[2026-08-06T03:20:06.378Z]   Created build plus-1-plus-1-counters: 0 cards
[2026-08-06T03:20:06.378Z] [526/770] Jared Carthalion, True Heir
[2026-08-06T03:20:06.378Z]   Processing Jared Carthalion, True Heir (3100 decks)
[2026-08-06T03:20:06.555Z]   Found 3 themes: monarch, plus-1-plus-1-counters, voltron
[2026-08-06T03:20:08.578Z]   Error inserting cards batch: duplicate key value violates unique constraint "ref_build_cards_build_id_card_name_key"
[2026-08-06T03:20:08.578Z]   Created build monarch: 0 cards
[2026-08-06T03:20:10.502Z]   Error inserting cards batch: duplicate key value violates unique constraint "ref_build_cards_build_id_card_name_key"
[2026-08-06T03:20:10.502Z]   Created build plus-1-plus-1-counters: 0 cards
[2026-08-06T03:20:12.361Z]   Error inserting cards batch: duplicate key value violates unique constraint "ref_build_cards_build_id_card_name_key"
[2026-08-06T03:20:12.362Z]   Created build voltron: 0 cards
[2026-08-06T03:20:12.362Z] [527/770] Balmor, Battlemage Captain
[2026-08-06T03:20:12.362Z]   Processing Balmor, Battlemage Captain (3083 decks)
[2026-08-06T03:20:12.540Z]   Found 4 themes: spellslinger, aggro, wizards, tokens
[2026-08-06T03:20:14.441Z]   Error inserting cards batch: duplicate key value violates unique constraint "ref_build_cards_build_id_card_name_key"
[2026-08-06T03:20:14.441Z]   Created build spellslinger: 0 cards
[2026-08-06T03:20:16.343Z]   Error inserting cards batch: duplicate key value violates unique constraint "ref_build_cards_build_id_card_name_key"
[2026-08-06T03:20:16.343Z]   Created build aggro: 0 cards
[2026-08-06T03:20:18.110Z]   Error inserting cards batch: duplicate key value violates unique constraint "ref_build_cards_build_id_card_name_key"
[2026-08-06T03:20:18.110Z]   Created build wizards: 0 cards
[2026-08-06T03:20:20.044Z]   Error inserting cards batch: duplicate key value violates unique constraint "ref_build_cards_build_id_card_name_key"
[2026-08-06T03:20:20.044Z]   Created build tokens: 0 cards
[2026-08-06T03:20:20.044Z] [528/770] Borborygmos Enraged
[2026-08-06T03:20:20.044Z]   Processing Borborygmos Enraged (3081 decks)
[2026-08-06T03:20:20.218Z]   Found 3 themes: lands-matter, burn, ramp
[2026-08-06T03:20:22.027Z]   Error inserting cards batch: duplicate key value violates unique constraint "ref_build_cards_build_id_card_name_key"
[2026-08-06T03:20:22.027Z]   Created build lands-matter: 0 cards
[2026-08-06T03:20:23.923Z]   Error inserting cards batch: duplicate key value violates unique constraint "ref_build_cards_build_id_card_name_key"
[2026-08-06T03:20:23.923Z]   Created build burn: 0 cards
[2026-08-06T03:20:25.831Z]   Created build ramp: 100 cards
[2026-08-06T03:20:25.831Z] [529/770] Jenson Carthalion, Druid Exile
[2026-08-06T03:20:25.831Z]   Processing Jenson Carthalion, Druid Exile (3080 decks)
[2026-08-06T03:20:26.021Z]   No themes found for Jenson Carthalion, Druid Exile
[2026-08-06T03:20:26.021Z] [530/770] Jeleva, Nephalia's Scourge
[2026-08-06T03:20:26.021Z]   Processing Jeleva, Nephalia's Scourge (3080 decks)
[2026-08-06T03:20:26.201Z]   Found 2 themes: spellslinger, exile
[2026-08-06T03:20:28.107Z]   Error inserting cards batch: duplicate key value violates unique constraint "ref_build_cards_build_id_card_name_key"
[2026-08-06T03:20:28.107Z]   Created build spellslinger: 0 cards
[2026-08-06T03:20:29.950Z]   Error inserting cards batch: duplicate key value violates unique constraint "ref_build_cards_build_id_card_name_key"
[2026-08-06T03:20:29.950Z]   Created build exile: 0 cards
[2026-08-06T03:20:29.950Z] [531/770] Sharuum the Hegemon
[2026-08-06T03:20:29.951Z]   Processing Sharuum the Hegemon (3075 decks)
[2026-08-06T03:20:30.132Z]   Found 6 themes: artifacts, reanimator, combo, blink, control, discard
[2026-08-06T03:20:32.084Z]   Error inserting cards batch: duplicate key value violates unique constraint "ref_build_cards_build_id_card_name_key"
[2026-08-06T03:20:32.084Z]   Created build artifacts: 0 cards
[2026-08-06T03:20:33.927Z]   Error inserting cards batch: duplicate key value violates unique constraint "ref_build_cards_build_id_card_name_key"
[2026-08-06T03:20:33.928Z]   Created build reanimator: 0 cards
[2026-08-06T03:20:35.797Z]   Error inserting cards batch: duplicate key value violates unique constraint "ref_build_cards_build_id_card_name_key"
[2026-08-06T03:20:35.797Z]   Created build combo: 0 cards
[2026-08-06T03:20:37.707Z]   Error inserting cards batch: duplicate key value violates unique constraint "ref_build_cards_build_id_card_name_key"
[2026-08-06T03:20:37.707Z]   Created build blink: 0 cards
[2026-08-06T03:20:39.540Z]   Error inserting cards batch: duplicate key value violates unique constraint "ref_build_cards_build_id_card_name_key"
[2026-08-06T03:20:39.540Z]   Created build control: 0 cards
[2026-08-06T03:20:41.208Z]   Error inserting cards batch: duplicate key value violates unique constraint "ref_build_cards_build_id_card_name_key"
[2026-08-06T03:20:41.208Z]   Created build discard: 0 cards
[2026-08-06T03:20:41.208Z] [532/770] Pir, Imaginative Rascal & Toothy, Imaginary Friend
[2026-08-06T03:20:41.208Z]   Processing Pir, Imaginative Rascal & Toothy, Imaginary Friend (3073 decks)
[2026-08-06T03:20:41.389Z]   Found 2 themes: plus-1-plus-1-counters, card-draw
[2026-08-06T03:20:43.262Z]   Error inserting cards batch: duplicate key value violates unique constraint "ref_build_cards_build_id_card_name_key"
[2026-08-06T03:20:43.262Z]   Created build plus-1-plus-1-counters: 0 cards
[2026-08-06T03:20:45.137Z]   Error inserting cards batch: duplicate key value violates unique constraint "ref_build_cards_build_id_card_name_key"
[2026-08-06T03:20:45.137Z]   Created build card-draw: 0 cards
[2026-08-06T03:20:45.137Z] [533/770] Zidane, Tantalus Thief
[2026-08-06T03:20:45.138Z]   Processing Zidane, Tantalus Thief (3069 decks)
[2026-08-06T03:20:45.299Z]   Found 2 themes: theft, blink
[2026-08-06T03:20:47.186Z]   Error inserting cards batch: duplicate key value violates unique constraint "ref_build_cards_build_id_card_name_key"
[2026-08-06T03:20:47.187Z]   Created build theft: 0 cards
[2026-08-06T03:20:49.081Z]   Error inserting cards batch: duplicate key value violates unique constraint "ref_build_cards_build_id_card_name_key"
[2026-08-06T03:20:49.081Z]   Created build blink: 0 cards
[2026-08-06T03:20:49.081Z] [534/770] Six
[2026-08-06T03:20:49.081Z]   Processing Six (3062 decks)
[2026-08-06T03:20:49.277Z]   Found 3 themes: lands-matter, mill, self-mill
[2026-08-06T03:20:51.099Z]   Error inserting cards batch: duplicate key value violates unique constraint "ref_build_cards_build_id_card_name_key"
[2026-08-06T03:20:51.099Z]   Created build lands-matter: 0 cards
[2026-08-06T03:20:52.966Z]   Error inserting cards batch: duplicate key value violates unique constraint "ref_build_cards_build_id_card_name_key"
[2026-08-06T03:20:52.967Z]   Created build mill: 0 cards
[2026-08-06T03:20:54.742Z]   Error inserting cards batch: duplicate key value violates unique constraint "ref_build_cards_build_id_card_name_key"
[2026-08-06T03:20:54.742Z]   Created build self-mill: 0 cards
[2026-08-06T03:20:54.742Z] [535/770] Preston, the Vanisher
[2026-08-06T03:20:54.742Z]   Processing Preston, the Vanisher (3056 decks)
[2026-08-06T03:20:54.916Z]   Found 2 themes: blink, tokens
[2026-08-06T03:20:56.791Z]   Error inserting cards batch: duplicate key value violates unique constraint "ref_build_cards_build_id_card_name_key"
[2026-08-06T03:20:56.791Z]   Created build blink: 0 cards
[2026-08-06T03:20:58.664Z]   Error inserting cards batch: duplicate key value violates unique constraint "ref_build_cards_build_id_card_name_key"
[2026-08-06T03:20:58.664Z]   Created build tokens: 0 cards
[2026-08-06T03:20:58.664Z] [536/770] Xira, the Golden Sting
[2026-08-06T03:20:58.665Z]   Processing Xira, the Golden Sting (3054 decks)
[2026-08-06T03:20:58.857Z]   Found 3 themes: aristocrats, insects, tokens
[2026-08-06T03:21:00.694Z]   Error inserting cards batch: duplicate key value violates unique constraint "ref_build_cards_build_id_card_name_key"
[2026-08-06T03:21:00.694Z]   Created build aristocrats: 0 cards
[2026-08-06T03:21:00.694Z]   Skipping ignored tag: insects
[2026-08-06T03:21:02.570Z]   Error inserting cards batch: duplicate key value violates unique constraint "ref_build_cards_build_id_card_name_key"
[2026-08-06T03:21:02.570Z]   Created build tokens: 0 cards
[2026-08-06T03:21:02.570Z] [537/770] Alena, Kessig Trapper & Gilanra, Caller of Wirewood
[2026-08-06T03:21:02.570Z]   Processing Alena, Kessig Trapper & Gilanra, Caller of Wirewood (3054 decks)
[2026-08-06T03:21:02.758Z]   Found 1 themes: ramp
[2026-08-06T03:21:04.376Z]   Error inserting cards batch: duplicate key value violates unique constraint "ref_build_cards_build_id_card_name_key"
[2026-08-06T03:21:04.377Z]   Created build ramp: 0 cards
[2026-08-06T03:21:04.377Z] [538/770] Yedora, Grave Gardener
[2026-08-06T03:21:04.377Z]   Processing Yedora, Grave Gardener (3050 decks)
[2026-08-06T03:21:04.557Z]   Found 4 themes: lands-matter, morph, combo, ramp
[2026-08-06T03:21:06.403Z]   Error inserting cards batch: duplicate key value violates unique constraint "ref_build_cards_build_id_card_name_key"
[2026-08-06T03:21:06.403Z]   Created build lands-matter: 0 cards
[2026-08-06T03:21:08.234Z]   Error inserting cards batch: duplicate key value violates unique constraint "ref_build_cards_build_id_card_name_key"
[2026-08-06T03:21:08.234Z]   Created build morph: 0 cards
[2026-08-06T03:21:10.115Z]   Error inserting cards batch: duplicate key value violates unique constraint "ref_build_cards_build_id_card_name_key"
[2026-08-06T03:21:10.115Z]   Created build combo: 0 cards
[2026-08-06T03:21:11.946Z]   Created build ramp: 100 cards
[2026-08-06T03:21:11.946Z] [539/770] Ashnod the Uncaring
[2026-08-06T03:21:11.946Z]   Processing Ashnod the Uncaring (3042 decks)
[2026-08-06T03:21:12.129Z]   Found 3 themes: artifacts, sacrifice, aristocrats
[2026-08-06T03:21:14.059Z]   Error inserting cards batch: duplicate key value violates unique constraint "ref_build_cards_build_id_card_name_key"
[2026-08-06T03:21:14.059Z]   Created build artifacts: 0 cards
[2026-08-06T03:21:15.950Z]   Error inserting cards batch: duplicate key value violates unique constraint "ref_build_cards_build_id_card_name_key"
[2026-08-06T03:21:15.950Z]   Created build sacrifice: 0 cards
[2026-08-06T03:21:17.925Z]   Error inserting cards batch: duplicate key value violates unique constraint "ref_build_cards_build_id_card_name_key"
[2026-08-06T03:21:17.925Z]   Created build aristocrats: 0 cards
[2026-08-06T03:21:17.925Z] [540/770] Abigale, Eloquent First-Year
[2026-08-06T03:21:17.925Z]   Processing Abigale, Eloquent First-Year (3041 decks)
[2026-08-06T03:21:18.124Z]   Found 2 themes: blink, lifegain
[2026-08-06T03:21:20.018Z]   Error inserting cards batch: duplicate key value violates unique constraint "ref_build_cards_build_id_card_name_key"
[2026-08-06T03:21:20.018Z]   Created build blink: 0 cards
[2026-08-06T03:21:21.721Z]   Error inserting cards batch: duplicate key value violates unique constraint "ref_build_cards_build_id_card_name_key"
[2026-08-06T03:21:21.721Z]   Created build lifegain: 0 cards
[2026-08-06T03:21:21.721Z] [541/770] Aerith Gainsborough
[2026-08-06T03:21:21.721Z]   Processing Aerith Gainsborough (3040 decks)
[2026-08-06T03:21:21.895Z]   Found 3 themes: lifegain, plus-1-plus-1-counters, legends
[2026-08-06T03:21:23.748Z]   Error inserting cards batch: duplicate key value violates unique constraint "ref_build_cards_build_id_card_name_key"
[2026-08-06T03:21:23.748Z]   Created build lifegain: 0 cards
[2026-08-06T03:21:25.665Z]   Error inserting cards batch: duplicate key value violates unique constraint "ref_build_cards_build_id_card_name_key"
[2026-08-06T03:21:25.665Z]   Created build plus-1-plus-1-counters: 0 cards
[2026-08-06T03:21:27.518Z]   Error inserting cards batch: duplicate key value violates unique constraint "ref_build_cards_build_id_card_name_key"
[2026-08-06T03:21:27.518Z]   Created build legends: 0 cards
[2026-08-06T03:21:27.518Z] [542/770] Alaundo the Seer
[2026-08-06T03:21:27.518Z]   Processing Alaundo the Seer (3039 decks)
[2026-08-06T03:21:27.693Z]   No themes found for Alaundo the Seer
[2026-08-06T03:21:27.693Z] [543/770] Sigurd, Jarl of Ravensthorpe
[2026-08-06T03:21:27.693Z]   Processing Sigurd, Jarl of Ravensthorpe (3037 decks)
[2026-08-06T03:21:27.862Z]   Found 3 themes: sagas, enchantress, plus-1-plus-1-counters
[2026-08-06T03:21:29.710Z]   Error inserting cards batch: duplicate key value violates unique constraint "ref_build_cards_build_id_card_name_key"
[2026-08-06T03:21:29.710Z]   Created build sagas: 0 cards
[2026-08-06T03:21:31.595Z]   Error inserting cards batch: duplicate key value violates unique constraint "ref_build_cards_build_id_card_name_key"
[2026-08-06T03:21:31.595Z]   Created build enchantress: 0 cards
[2026-08-06T03:21:33.515Z]   Error inserting cards batch: duplicate key value violates unique constraint "ref_build_cards_build_id_card_name_key"
[2026-08-06T03:21:33.515Z]   Created build plus-1-plus-1-counters: 0 cards
[2026-08-06T03:21:33.515Z] [544/770] Xolatoyac, the Smiling Flood
[2026-08-06T03:21:33.515Z]   Processing Xolatoyac, the Smiling Flood (3028 decks)
[2026-08-06T03:21:33.691Z]   Found 1 themes: plus-1-plus-1-counters
[2026-08-06T03:21:35.603Z]   Error inserting cards batch: duplicate key value violates unique constraint "ref_build_cards_build_id_card_name_key"
[2026-08-06T03:21:35.603Z]   Created build plus-1-plus-1-counters: 0 cards
[2026-08-06T03:21:35.603Z] [545/770] Electro, Assaulting Battery
[2026-08-06T03:21:35.603Z]   Processing Electro, Assaulting Battery (3028 decks)
[2026-08-06T03:21:35.789Z]   Found 2 themes: spellslinger, burn
[2026-08-06T03:21:37.697Z]   Error inserting cards batch: duplicate key value violates unique constraint "ref_build_cards_build_id_card_name_key"
[2026-08-06T03:21:37.698Z]   Created build spellslinger: 0 cards
[2026-08-06T03:21:39.578Z]   Error inserting cards batch: duplicate key value violates unique constraint "ref_build_cards_build_id_card_name_key"
[2026-08-06T03:21:39.578Z]   Created build burn: 0 cards
[2026-08-06T03:21:39.578Z] [546/770] Obyra, Dreaming Duelist
[2026-08-06T03:21:39.578Z]   Processing Obyra, Dreaming Duelist (3027 decks)
[2026-08-06T03:21:39.749Z]   Found 2 themes: faeries, flying
[2026-08-06T03:21:41.640Z]   Error inserting cards batch: duplicate key value violates unique constraint "ref_build_cards_build_id_card_name_key"
[2026-08-06T03:21:41.640Z]   Created build faeries: 0 cards
[2026-08-06T03:21:41.640Z]   Skipping ignored tag: flying
[2026-08-06T03:21:41.640Z] [547/770] Gogo, Master of Mimicry
[2026-08-06T03:21:41.640Z]   Processing Gogo, Master of Mimicry (3027 decks)
[2026-08-06T03:21:41.818Z]   Found 1 themes: ramp
[2026-08-06T03:21:43.756Z]   Error inserting cards batch: duplicate key value violates unique constraint "ref_build_cards_build_id_card_name_key"
[2026-08-06T03:21:43.756Z]   Created build ramp: 0 cards
[2026-08-06T03:21:43.756Z] [548/770] Tegwyll, Duke of Splendor
[2026-08-06T03:21:43.756Z]   Processing Tegwyll, Duke of Splendor (3026 decks)
[2026-08-06T03:21:43.934Z]   Found 2 themes: faeries, flying
[2026-08-06T03:21:45.785Z]   Error inserting cards batch: duplicate key value violates unique constraint "ref_build_cards_build_id_card_name_key"
[2026-08-06T03:21:45.785Z]   Created build faeries: 0 cards
[2026-08-06T03:21:45.785Z]   Skipping ignored tag: flying
[2026-08-06T03:21:45.785Z] [549/770] Mimeoplasm, Revered One
[2026-08-06T03:21:45.785Z]   Processing Mimeoplasm, Revered One (3022 decks)
[2026-08-06T03:21:45.972Z]   Found 2 themes: mill, plus-1-plus-1-counters
[2026-08-06T03:21:47.780Z]   Error inserting cards batch: duplicate key value violates unique constraint "ref_build_cards_build_id_card_name_key"
[2026-08-06T03:21:47.780Z]   Created build mill: 0 cards
[2026-08-06T03:21:49.658Z]   Error inserting cards batch: duplicate key value violates unique constraint "ref_build_cards_build_id_card_name_key"
[2026-08-06T03:21:49.658Z]   Created build plus-1-plus-1-counters: 0 cards
[2026-08-06T03:21:49.658Z] [550/770] Mathas, Fiend Seeker
[2026-08-06T03:21:49.658Z]   Processing Mathas, Fiend Seeker (3020 decks)
[2026-08-06T03:21:49.838Z]   Found 1 themes: forced-combat
[2026-08-06T03:21:51.763Z]   Error inserting cards batch: duplicate key value violates unique constraint "ref_build_cards_build_id_card_name_key"
[2026-08-06T03:21:51.763Z]   Created build forced-combat: 0 cards
[2026-08-06T03:21:51.763Z] 
[2026-08-06T03:21:51.763Z] Progress: 544 processed, 1978 builds, 135300 cards
[2026-08-06T03:21:51.763Z] 
[2026-08-06T03:21:51.763Z] [551/770] The Swarmlord
[2026-08-06T03:21:51.763Z]   Processing The Swarmlord (3016 decks)
[2026-08-06T03:21:51.942Z]   Found 2 themes: plus-1-plus-1-counters, tyranids
[2026-08-06T03:21:53.661Z]   Error inserting cards batch: duplicate key value violates unique constraint "ref_build_cards_build_id_card_name_key"
[2026-08-06T03:21:53.661Z]   Created build plus-1-plus-1-counters: 0 cards
[2026-08-06T03:21:53.661Z]   Skipping ignored tag: tyranids
[2026-08-06T03:21:53.662Z] [552/770] Legolas, Master Archer
[2026-08-06T03:21:53.662Z]   Processing Legolas, Master Archer (3012 decks)
[2026-08-06T03:21:53.850Z]   Found 3 themes: plus-1-plus-1-counters, fight, voltron
[2026-08-06T03:21:55.849Z]   Error inserting cards batch: duplicate key value violates unique constraint "ref_build_cards_build_id_card_name_key"
[2026-08-06T03:21:55.849Z]   Created build plus-1-plus-1-counters: 0 cards
[2026-08-06T03:21:55.849Z]   Skipping ignored tag: fight
[2026-08-06T03:21:57.751Z]   Error inserting cards batch: duplicate key value violates unique constraint "ref_build_cards_build_id_card_name_key"
[2026-08-06T03:21:57.751Z]   Created build voltron: 0 cards
[2026-08-06T03:21:57.751Z] [553/770] Lazav, Dimir Mastermind
[2026-08-06T03:21:57.751Z]   Processing Lazav, Dimir Mastermind (3011 decks)
[2026-08-06T03:21:57.931Z]   Found 2 themes: mill, clones
[2026-08-06T03:21:59.723Z]   Error inserting cards batch: duplicate key value violates unique constraint "ref_build_cards_build_id_card_name_key"
[2026-08-06T03:21:59.723Z]   Created build mill: 0 cards
[2026-08-06T03:22:01.578Z]   Created build clones: 100 cards
[2026-08-06T03:22:01.578Z] [554/770] Ragavan, Nimble Pilferer
[2026-08-06T03:22:01.578Z]   Processing Ragavan, Nimble Pilferer (3011 decks)
[2026-08-06T03:22:01.760Z]   Found 2 themes: treasure, aggro
[2026-08-06T03:22:03.656Z]   Error inserting cards batch: duplicate key value violates unique constraint "ref_build_cards_build_id_card_name_key"
[2026-08-06T03:22:03.656Z]   Created build treasure: 0 cards
[2026-08-06T03:22:05.546Z]   Error inserting cards batch: duplicate key value violates unique constraint "ref_build_cards_build_id_card_name_key"
[2026-08-06T03:22:05.546Z]   Created build aggro: 0 cards
[2026-08-06T03:22:05.546Z] [555/770] Mishra, Claimed by Gix
[2026-08-06T03:22:05.546Z]   Processing Mishra, Claimed by Gix (3007 decks)
[2026-08-06T03:22:05.739Z]   Found 2 themes: tokens, aggro
[2026-08-06T03:22:07.603Z]   Error inserting cards batch: duplicate key value violates unique constraint "ref_build_cards_build_id_card_name_key"
[2026-08-06T03:22:07.603Z]   Created build tokens: 0 cards
[2026-08-06T03:22:09.484Z]   Error inserting cards batch: duplicate key value violates unique constraint "ref_build_cards_build_id_card_name_key"
[2026-08-06T03:22:09.484Z]   Created build aggro: 0 cards
[2026-08-06T03:22:09.484Z] [556/770] Xanathar, Guild Kingpin
[2026-08-06T03:22:09.484Z]   Processing Xanathar, Guild Kingpin (3006 decks)
[2026-08-06T03:22:09.662Z]   Found 1 themes: theft
[2026-08-06T03:22:11.559Z]   Error inserting cards batch: duplicate key value violates unique constraint "ref_build_cards_build_id_card_name_key"
[2026-08-06T03:22:11.559Z]   Created build theft: 0 cards
[2026-08-06T03:22:11.559Z] [557/770] Katara, Waterbending Master
[2026-08-06T03:22:11.559Z]   Processing Katara, Waterbending Master (2990 decks)
[2026-08-06T03:22:11.726Z]   Found 1 themes: control
[2026-08-06T03:22:13.695Z]   Error inserting cards batch: duplicate key value violates unique constraint "ref_build_cards_build_id_card_name_key"
[2026-08-06T03:22:13.695Z]   Created build control: 0 cards
[2026-08-06T03:22:13.695Z] [558/770] Sydri, Galvanic Genius
[2026-08-06T03:22:13.695Z]   Processing Sydri, Galvanic Genius (2980 decks)
[2026-08-06T03:22:13.866Z]   Found 2 themes: artifacts, vehicles
[2026-08-06T03:22:15.831Z]   Error inserting cards batch: duplicate key value violates unique constraint "ref_build_cards_build_id_card_name_key"
[2026-08-06T03:22:15.831Z]   Created build artifacts: 0 cards
[2026-08-06T03:22:17.845Z]   Error inserting cards batch: duplicate key value violates unique constraint "ref_build_cards_build_id_card_name_key"
[2026-08-06T03:22:17.845Z]   Created build vehicles: 0 cards
[2026-08-06T03:22:17.845Z] [559/770] Tetsuo, Imperial Champion
[2026-08-06T03:22:17.845Z]   Processing Tetsuo, Imperial Champion (2975 decks)
[2026-08-06T03:22:18.031Z]   Found 3 themes: equipment, voltron, spellslinger
[2026-08-06T03:22:20.027Z]   Error inserting cards batch: duplicate key value violates unique constraint "ref_build_cards_build_id_card_name_key"
[2026-08-06T03:22:20.027Z]   Created build equipment: 0 cards
[2026-08-06T03:22:22.074Z]   Created build voltron: 100 cards
[2026-08-06T03:22:24.109Z]   Error inserting cards batch: duplicate key value violates unique constraint "ref_build_cards_build_id_card_name_key"
[2026-08-06T03:22:24.110Z]   Created build spellslinger: 0 cards
[2026-08-06T03:22:24.110Z] [560/770] Mondrak, Glory Dominus
[2026-08-06T03:22:24.110Z]   Processing Mondrak, Glory Dominus (2967 decks)
[2026-08-06T03:22:24.290Z]   Found 1 themes: tokens
[2026-08-06T03:22:26.249Z]   Error inserting cards batch: duplicate key value violates unique constraint "ref_build_cards_build_id_card_name_key"
[2026-08-06T03:22:26.249Z]   Created build tokens: 0 cards
[2026-08-06T03:22:26.249Z] [561/770] T'Challa, the Black Panther
[2026-08-06T03:22:26.249Z]   Processing T'Challa, the Black Panther (2959 decks)
[2026-08-06T03:22:26.429Z]   Found 2 themes: artifacts, plus-1-plus-1-counters
[2026-08-06T03:22:29.875Z]   Error inserting cards batch: duplicate key value violates unique constraint "ref_build_cards_build_id_card_name_key"
[2026-08-06T03:22:29.875Z]   Created build artifacts: 0 cards
[2026-08-06T03:22:33.110Z]   Error inserting cards batch: duplicate key value violates unique constraint "ref_build_cards_build_id_card_name_key"
[2026-08-06T03:22:33.110Z]   Created build plus-1-plus-1-counters: 0 cards
[2026-08-06T03:22:33.110Z] [562/770] Neerdiv, Devious Diver
[2026-08-06T03:22:33.110Z]   Processing Neerdiv, Devious Diver (2957 decks)
[2026-08-06T03:22:33.392Z]   Found 1 themes: mill
[2026-08-06T03:22:35.470Z]   Created build mill: 100 cards
[2026-08-06T03:22:35.470Z] [563/770] Elenda and Azor
[2026-08-06T03:22:35.470Z]   Processing Elenda and Azor (2951 decks)
[2026-08-06T03:22:35.678Z]   Found 5 themes: wheels, tokens, lifegain, card-draw, vampires
[2026-08-06T03:22:37.742Z]   Error inserting cards batch: duplicate key value violates unique constraint "ref_build_cards_build_id_card_name_key"
[2026-08-06T03:22:37.742Z]   Created build wheels: 0 cards
[2026-08-06T03:22:39.832Z]   Error inserting cards batch: duplicate key value violates unique constraint "ref_build_cards_build_id_card_name_key"
[2026-08-06T03:22:39.832Z]   Created build tokens: 0 cards
[2026-08-06T03:22:41.835Z]   Error inserting cards batch: duplicate key value violates unique constraint "ref_build_cards_build_id_card_name_key"
[2026-08-06T03:22:41.835Z]   Created build lifegain: 0 cards
[2026-08-06T03:22:43.826Z]   Error inserting cards batch: duplicate key value violates unique constraint "ref_build_cards_build_id_card_name_key"
[2026-08-06T03:22:43.826Z]   Created build card-draw: 0 cards
[2026-08-06T03:22:45.814Z]   Error inserting cards batch: duplicate key value violates unique constraint "ref_build_cards_build_id_card_name_key"
[2026-08-06T03:22:45.814Z]   Created build vampires: 0 cards
[2026-08-06T03:22:45.814Z] [564/770] Arcum Dagsson
[2026-08-06T03:22:45.814Z]   Processing Arcum Dagsson (2947 decks)
[2026-08-06T03:22:45.995Z]   Found 2 themes: artifacts, combo
[2026-08-06T03:22:47.922Z]   Error inserting cards batch: duplicate key value violates unique constraint "ref_build_cards_build_id_card_name_key"
[2026-08-06T03:22:47.923Z]   Created build artifacts: 0 cards
[2026-08-06T03:22:49.836Z]   Error inserting cards batch: duplicate key value violates unique constraint "ref_build_cards_build_id_card_name_key"
[2026-08-06T03:22:49.836Z]   Created build combo: 0 cards
[2026-08-06T03:22:49.836Z] [565/770] The Most Dangerous Gamer
[2026-08-06T03:22:49.836Z]   Processing The Most Dangerous Gamer (2947 decks)
[2026-08-06T03:22:50.005Z]   Found 2 themes: attractions, plus-1-plus-1-counters
[2026-08-06T03:22:50.006Z]   Skipping ignored tag: attractions
[2026-08-06T03:22:52.041Z]   Error inserting cards batch: duplicate key value violates unique constraint "ref_build_cards_build_id_card_name_key"
[2026-08-06T03:22:52.041Z]   Created build plus-1-plus-1-counters: 0 cards
[2026-08-06T03:22:52.041Z] [566/770] Kaust, Eyes of the Glade
[2026-08-06T03:22:52.041Z]   Processing Kaust, Eyes of the Glade (2942 decks)
[2026-08-06T03:22:52.218Z]   Found 1 themes: morph
[2026-08-06T03:22:53.954Z]   Error inserting cards batch: duplicate key value violates unique constraint "ref_build_cards_build_id_card_name_key"
[2026-08-06T03:22:53.954Z]   Created build morph: 0 cards
[2026-08-06T03:22:53.954Z] [567/770] Pia Nalaar, Consul of Revival
[2026-08-06T03:22:53.954Z]   Processing Pia Nalaar, Consul of Revival (2940 decks)
[2026-08-06T03:22:54.136Z]   Found 4 themes: exile, tokens, artifacts, aggro
[2026-08-06T03:22:56.049Z]   Error inserting cards batch: duplicate key value violates unique constraint "ref_build_cards_build_id_card_name_key"
[2026-08-06T03:22:56.049Z]   Created build exile: 0 cards
[2026-08-06T03:22:57.988Z]   Error inserting cards batch: duplicate key value violates unique constraint "ref_build_cards_build_id_card_name_key"
[2026-08-06T03:22:57.988Z]   Created build tokens: 0 cards
[2026-08-06T03:22:59.881Z]   Error inserting cards batch: duplicate key value violates unique constraint "ref_build_cards_build_id_card_name_key"
[2026-08-06T03:22:59.881Z]   Created build artifacts: 0 cards
[2026-08-06T03:23:01.843Z]   Error inserting cards batch: duplicate key value violates unique constraint "ref_build_cards_build_id_card_name_key"
[2026-08-06T03:23:01.843Z]   Created build aggro: 0 cards
[2026-08-06T03:23:01.843Z] [568/770] Freyalise, Llanowar's Fury
[2026-08-06T03:23:01.843Z]   Processing Freyalise, Llanowar's Fury (2937 decks)
[2026-08-06T03:23:02.023Z]   Found 1 themes: elves
[2026-08-06T03:23:03.946Z]   Error inserting cards batch: duplicate key value violates unique constraint "ref_build_cards_build_id_card_name_key"
[2026-08-06T03:23:03.946Z]   Created build elves: 0 cards
[2026-08-06T03:23:03.946Z] [569/770] Gisela, Blade of Goldnight
[2026-08-06T03:23:03.946Z]   Processing Gisela, Blade of Goldnight (2929 decks)
[2026-08-06T03:23:04.117Z]   Found 2 themes: angels, burn
[2026-08-06T03:23:06.049Z]   Error inserting cards batch: duplicate key value violates unique constraint "ref_build_cards_build_id_card_name_key"
[2026-08-06T03:23:06.049Z]   Created build angels: 0 cards
[2026-08-06T03:23:08.083Z]   Error inserting cards batch: duplicate key value violates unique constraint "ref_build_cards_build_id_card_name_key"
[2026-08-06T03:23:08.084Z]   Created build burn: 0 cards
[2026-08-06T03:23:08.084Z] [570/770] Sokka and Suki
[2026-08-06T03:23:08.084Z]   Processing Sokka and Suki (2920 decks)
[2026-08-06T03:23:08.265Z]   Found 2 themes: equipment, tokens
[2026-08-06T03:23:10.255Z]   Created build equipment: 100 cards
[2026-08-06T03:23:12.204Z]   Error inserting cards batch: duplicate key value violates unique constraint "ref_build_cards_build_id_card_name_key"
[2026-08-06T03:23:12.204Z]   Created build tokens: 0 cards
[2026-08-06T03:23:12.204Z] [571/770] Svella, Ice Shaper
[2026-08-06T03:23:12.204Z]   Processing Svella, Ice Shaper (2920 decks)
[2026-08-06T03:23:12.399Z]   Found 2 themes: land-destruction, big-mana
[2026-08-06T03:23:14.280Z]   Error inserting cards batch: duplicate key value violates unique constraint "ref_build_cards_build_id_card_name_key"
[2026-08-06T03:23:14.280Z]   Created build land-destruction: 0 cards
[2026-08-06T03:23:16.176Z]   Error inserting cards batch: duplicate key value violates unique constraint "ref_build_cards_build_id_card_name_key"
[2026-08-06T03:23:16.176Z]   Created build big-mana: 0 cards
[2026-08-06T03:23:16.176Z] [572/770] Tazri, Beacon of Unity
[2026-08-06T03:23:16.176Z]   Processing Tazri, Beacon of Unity (2919 decks)
[2026-08-06T03:23:16.356Z]   Found 2 themes: party, dungeon
[2026-08-06T03:23:16.356Z]   Skipping ignored tag: party
[2026-08-06T03:23:18.173Z]   Error inserting cards batch: duplicate key value violates unique constraint "ref_build_cards_build_id_card_name_key"
[2026-08-06T03:23:18.173Z]   Created build dungeon: 0 cards
[2026-08-06T03:23:18.173Z] [573/770] Zul Ashur, Lich Lord
[2026-08-06T03:23:18.173Z]   Processing Zul Ashur, Lich Lord (2917 decks)
[2026-08-06T03:23:18.350Z]   Found 2 themes: zombies, reanimator
[2026-08-06T03:23:20.263Z]   Error inserting cards batch: duplicate key value violates unique constraint "ref_build_cards_build_id_card_name_key"
[2026-08-06T03:23:20.263Z]   Created build zombies: 0 cards
[2026-08-06T03:23:22.167Z]   Error inserting cards batch: duplicate key value violates unique constraint "ref_build_cards_build_id_card_name_key"
[2026-08-06T03:23:22.167Z]   Created build reanimator: 0 cards
[2026-08-06T03:23:22.167Z] [574/770] Wort, Boggart Auntie
[2026-08-06T03:23:22.167Z]   Processing Wort, Boggart Auntie (2917 decks)
[2026-08-06T03:23:22.340Z]   Found 3 themes: goblins, tokens, aggro
[2026-08-06T03:23:24.233Z]   Created build goblins: 100 cards
[2026-08-06T03:23:26.121Z]   Error inserting cards batch: duplicate key value violates unique constraint "ref_build_cards_build_id_card_name_key"
[2026-08-06T03:23:26.121Z]   Created build tokens: 0 cards
[2026-08-06T03:23:28.008Z]   Error inserting cards batch: duplicate key value violates unique constraint "ref_build_cards_build_id_card_name_key"
[2026-08-06T03:23:28.008Z]   Created build aggro: 0 cards
[2026-08-06T03:23:28.008Z] [575/770] Trelasarra, Moon Dancer
[2026-08-06T03:23:28.008Z]   Processing Trelasarra, Moon Dancer (2916 decks)
[2026-08-06T03:23:28.173Z]   Found 2 themes: lifegain, plus-1-plus-1-counters
[2026-08-06T03:23:30.055Z]   Error inserting cards batch: duplicate key value violates unique constraint "ref_build_cards_build_id_card_name_key"
[2026-08-06T03:23:30.055Z]   Created build lifegain: 0 cards
[2026-08-06T03:23:31.915Z]   Error inserting cards batch: duplicate key value violates unique constraint "ref_build_cards_build_id_card_name_key"
[2026-08-06T03:23:31.915Z]   Created build plus-1-plus-1-counters: 0 cards
[2026-08-06T03:23:31.915Z] [576/770] Gandalf the White
[2026-08-06T03:23:31.915Z]   Processing Gandalf the White (2904 decks)
[2026-08-06T03:23:32.097Z]   Found 2 themes: artifacts, historic
[2026-08-06T03:23:34.025Z]   Created build artifacts: 100 cards
[2026-08-06T03:23:35.977Z]   Created build historic: 100 cards
[2026-08-06T03:23:35.977Z] [577/770] Ruhan of the Fomori
[2026-08-06T03:23:35.977Z]   Processing Ruhan of the Fomori (2898 decks)
[2026-08-06T03:23:36.141Z]   Found 3 themes: equipment, voltron, giants
[2026-08-06T03:23:38.005Z]   Error inserting cards batch: duplicate key value violates unique constraint "ref_build_cards_build_id_card_name_key"
[2026-08-06T03:23:38.005Z]   Created build equipment: 0 cards
[2026-08-06T03:23:39.956Z]   Error inserting cards batch: duplicate key value violates unique constraint "ref_build_cards_build_id_card_name_key"
[2026-08-06T03:23:39.956Z]   Created build voltron: 0 cards
[2026-08-06T03:23:41.739Z]   Error inserting cards batch: duplicate key value violates unique constraint "ref_build_cards_build_id_card_name_key"
[2026-08-06T03:23:41.739Z]   Created build giants: 0 cards
[2026-08-06T03:23:41.739Z] [578/770] Thromok the Insatiable
[2026-08-06T03:23:41.739Z]   Processing Thromok the Insatiable (2895 decks)
[2026-08-06T03:23:41.916Z]   Found 2 themes: tokens, plus-1-plus-1-counters
[2026-08-06T03:23:43.794Z]   Error inserting cards batch: duplicate key value violates unique constraint "ref_build_cards_build_id_card_name_key"
[2026-08-06T03:23:43.794Z]   Created build tokens: 0 cards
[2026-08-06T03:23:45.690Z]   Error inserting cards batch: duplicate key value violates unique constraint "ref_build_cards_build_id_card_name_key"
[2026-08-06T03:23:45.690Z]   Created build plus-1-plus-1-counters: 0 cards
[2026-08-06T03:23:45.690Z] [579/770] Teysa, Opulent Oligarch
[2026-08-06T03:23:45.690Z]   Processing Teysa, Opulent Oligarch (2893 decks)
[2026-08-06T03:23:45.875Z]   Found 5 themes: aristocrats, tokens, clues, artifacts, lifegain
[2026-08-06T03:23:47.754Z]   Error inserting cards batch: duplicate key value violates unique constraint "ref_build_cards_build_id_card_name_key"
[2026-08-06T03:23:47.754Z]   Created build aristocrats: 0 cards
[2026-08-06T03:23:49.622Z]   Error inserting cards batch: duplicate key value violates unique constraint "ref_build_cards_build_id_card_name_key"
[2026-08-06T03:23:49.622Z]   Created build tokens: 0 cards
[2026-08-06T03:23:50.960Z]   Error inserting cards batch: duplicate key value violates unique constraint "ref_build_cards_build_id_card_name_key"
[2026-08-06T03:23:50.960Z]   Created build clues: 0 cards
[2026-08-06T03:23:52.840Z]   Error inserting cards batch: duplicate key value violates unique constraint "ref_build_cards_build_id_card_name_key"
[2026-08-06T03:23:52.840Z]   Created build artifacts: 0 cards
[2026-08-06T03:23:54.685Z]   Error inserting cards batch: duplicate key value violates unique constraint "ref_build_cards_build_id_card_name_key"
[2026-08-06T03:23:54.685Z]   Created build lifegain: 0 cards
[2026-08-06T03:23:54.685Z] [580/770] Vrondiss, Rage of Ancients
[2026-08-06T03:23:54.685Z]   Processing Vrondiss, Rage of Ancients (2885 decks)
[2026-08-06T03:23:54.856Z]   Found 3 themes: dragons, tokens, die-roll
[2026-08-06T03:23:56.720Z]   Error inserting cards batch: duplicate key value violates unique constraint "ref_build_cards_build_id_card_name_key"
[2026-08-06T03:23:56.720Z]   Created build dragons: 0 cards
[2026-08-06T03:23:58.587Z]   Error inserting cards batch: duplicate key value violates unique constraint "ref_build_cards_build_id_card_name_key"
[2026-08-06T03:23:58.587Z]   Created build tokens: 0 cards
[2026-08-06T03:24:00.496Z]   Error inserting cards batch: duplicate key value violates unique constraint "ref_build_cards_build_id_card_name_key"
[2026-08-06T03:24:00.496Z]   Created build die-roll: 0 cards
[2026-08-06T03:24:00.496Z] [581/770] Merieke Ri Berit
[2026-08-06T03:24:00.496Z]   Processing Merieke Ri Berit (2867 decks)
[2026-08-06T03:24:00.674Z]   Found 2 themes: theft, control
[2026-08-06T03:24:02.521Z]   Error inserting cards batch: duplicate key value violates unique constraint "ref_build_cards_build_id_card_name_key"
[2026-08-06T03:24:02.521Z]   Created build theft: 0 cards
[2026-08-06T03:24:04.433Z]   Error inserting cards batch: duplicate key value violates unique constraint "ref_build_cards_build_id_card_name_key"
[2026-08-06T03:24:04.433Z]   Created build control: 0 cards
[2026-08-06T03:24:04.433Z] [582/770] Glissa, the Traitor
[2026-08-06T03:24:04.433Z]   Processing Glissa, the Traitor (2863 decks)
[2026-08-06T03:24:04.604Z]   Found 2 themes: artifacts, sacrifice
[2026-08-06T03:24:06.446Z]   Created build artifacts: 100 cards
[2026-08-06T03:24:08.486Z]   Error inserting cards batch: duplicate key value violates unique constraint "ref_build_cards_build_id_card_name_key"
[2026-08-06T03:24:08.486Z]   Created build sacrifice: 0 cards
[2026-08-06T03:24:08.486Z] [583/770] Ezuri, Renegade Leader
[2026-08-06T03:24:08.486Z]   Processing Ezuri, Renegade Leader (2861 decks)
[2026-08-06T03:24:08.687Z]   Found 2 themes: elves, aggro
[2026-08-06T03:24:10.530Z]   Error inserting cards batch: duplicate key value violates unique constraint "ref_build_cards_build_id_card_name_key"
[2026-08-06T03:24:10.530Z]   Created build elves: 0 cards
[2026-08-06T03:24:12.255Z]   Created build aggro: 100 cards
[2026-08-06T03:24:12.255Z] [584/770] Iroas, God of Victory
[2026-08-06T03:24:12.255Z]   Processing Iroas, God of Victory (2857 decks)
[2026-08-06T03:24:12.441Z]   Found 2 themes: aggro, tokens
[2026-08-06T03:24:14.348Z]   Error inserting cards batch: duplicate key value violates unique constraint "ref_build_cards_build_id_card_name_key"
[2026-08-06T03:24:14.348Z]   Created build aggro: 0 cards
[2026-08-06T03:24:16.406Z]   Error inserting cards batch: duplicate key value violates unique constraint "ref_build_cards_build_id_card_name_key"
[2026-08-06T03:24:16.406Z]   Created build tokens: 0 cards
[2026-08-06T03:24:16.406Z] [585/770] Nalia de'Arnise
[2026-08-06T03:24:16.406Z]   Processing Nalia de'Arnise (2852 decks)
[2026-08-06T03:24:16.581Z]   Found 2 themes: party, plus-1-plus-1-counters
[2026-08-06T03:24:16.582Z]   Skipping ignored tag: party
[2026-08-06T03:24:18.277Z]   Error inserting cards batch: duplicate key value violates unique constraint "ref_build_cards_build_id_card_name_key"
[2026-08-06T03:24:18.277Z]   Created build plus-1-plus-1-counters: 0 cards
[2026-08-06T03:24:18.277Z] [586/770] Gale, Waterdeep Prodigy + Scion of Halaster
[2026-08-06T03:24:18.277Z]   Processing Gale, Waterdeep Prodigy + Scion of Halaster (2848 decks)
[2026-08-06T03:24:18.454Z]   Found 1 themes: spellslinger
[2026-08-06T03:24:20.471Z]   Error inserting cards batch: duplicate key value violates unique constraint "ref_build_cards_build_id_card_name_key"
[2026-08-06T03:24:20.471Z]   Created build spellslinger: 0 cards
[2026-08-06T03:24:20.471Z] [587/770] Amy Rose
[2026-08-06T03:24:20.471Z]   Processing Amy Rose (2844 decks)
[2026-08-06T03:24:20.654Z]   Found 2 themes: equipment, voltron
[2026-08-06T03:24:22.587Z]   Error inserting cards batch: duplicate key value violates unique constraint "ref_build_cards_build_id_card_name_key"
[2026-08-06T03:24:22.587Z]   Created build equipment: 0 cards
[2026-08-06T03:24:24.346Z]   Error inserting cards batch: duplicate key value violates unique constraint "ref_build_cards_build_id_card_name_key"
[2026-08-06T03:24:24.346Z]   Created build voltron: 0 cards
[2026-08-06T03:24:24.346Z] [588/770] Tana, the Bloodsower & Tymna the Weaver
[2026-08-06T03:24:24.346Z]   Processing Tana, the Bloodsower & Tymna the Weaver (2841 decks)
[2026-08-06T03:24:24.541Z]   Found 5 themes: birthing-pod, cedh, combo, stax, tokens
[2026-08-06T03:24:26.431Z]   Error inserting cards batch: duplicate key value violates unique constraint "ref_build_cards_build_id_card_name_key"
[2026-08-06T03:24:26.431Z]   Created build birthing-pod: 0 cards
[2026-08-06T03:24:26.431Z]   Skipping ignored tag: cedh
[2026-08-06T03:24:28.309Z]   Error inserting cards batch: duplicate key value violates unique constraint "ref_build_cards_build_id_card_name_key"
[2026-08-06T03:24:28.309Z]   Created build combo: 0 cards
[2026-08-06T03:24:30.037Z]   Created build stax: 100 cards
[2026-08-06T03:24:31.887Z]   Error inserting cards batch: duplicate key value violates unique constraint "ref_build_cards_build_id_card_name_key"
[2026-08-06T03:24:31.887Z]   Created build tokens: 0 cards
[2026-08-06T03:24:31.887Z] [589/770] Crystal, Inhuman Princess
[2026-08-06T03:24:31.887Z]   Processing Crystal, Inhuman Princess (2839 decks)
[2026-08-06T03:24:32.077Z]   Found 3 themes: spellslinger, cedh, combo
[2026-08-06T03:24:33.932Z]   Created build spellslinger: 100 cards
[2026-08-06T03:24:33.932Z]   Skipping ignored tag: cedh
[2026-08-06T03:24:35.686Z]   Error inserting cards batch: duplicate key value violates unique constraint "ref_build_cards_build_id_card_name_key"
[2026-08-06T03:24:35.686Z]   Created build combo: 0 cards
[2026-08-06T03:24:35.686Z] [590/770] Dragonhawk, Fate's Tempest
[2026-08-06T03:24:35.687Z]   Processing Dragonhawk, Fate's Tempest (2833 decks)
[2026-08-06T03:24:35.874Z]   Found 5 themes: burn, treasure, dragons, aggro, extra-combats
[2026-08-06T03:24:37.724Z]   Error inserting cards batch: duplicate key value violates unique constraint "ref_build_cards_build_id_card_name_key"
[2026-08-06T03:24:37.724Z]   Created build burn: 0 cards
[2026-08-06T03:24:39.595Z]   Error inserting cards batch: duplicate key value violates unique constraint "ref_build_cards_build_id_card_name_key"
[2026-08-06T03:24:39.595Z]   Created build treasure: 0 cards
[2026-08-06T03:24:41.503Z]   Error inserting cards batch: duplicate key value violates unique constraint "ref_build_cards_build_id_card_name_key"
[2026-08-06T03:24:41.503Z]   Created build dragons: 0 cards
[2026-08-06T03:24:43.404Z]   Error inserting cards batch: duplicate key value violates unique constraint "ref_build_cards_build_id_card_name_key"
[2026-08-06T03:24:43.404Z]   Created build aggro: 0 cards
[2026-08-06T03:24:45.272Z]   Created build extra-combats: 100 cards
[2026-08-06T03:24:45.272Z] [591/770] Greymond, Avacyn's Stalwart
[2026-08-06T03:24:45.272Z]   Processing Greymond, Avacyn's Stalwart (2832 decks)
[2026-08-06T03:24:45.467Z]   Found 1 themes: humans
[2026-08-06T03:24:47.315Z]   Error inserting cards batch: duplicate key value violates unique constraint "ref_build_cards_build_id_card_name_key"
[2026-08-06T03:24:47.315Z]   Created build humans: 0 cards
[2026-08-06T03:24:47.315Z] [592/770] Oskar, Rubbish Reclaimer
[2026-08-06T03:24:47.315Z]   Processing Oskar, Rubbish Reclaimer (2831 decks)
[2026-08-06T03:24:47.506Z]   Found 2 themes: discard, reanimator
[2026-08-06T03:24:49.375Z]   Error inserting cards batch: duplicate key value violates unique constraint "ref_build_cards_build_id_card_name_key"
[2026-08-06T03:24:49.375Z]   Created build discard: 0 cards
[2026-08-06T03:24:51.212Z]   Error inserting cards batch: duplicate key value violates unique constraint "ref_build_cards_build_id_card_name_key"
[2026-08-06T03:24:51.212Z]   Created build reanimator: 0 cards
[2026-08-06T03:24:51.212Z] [593/770] Me, the Immortal
[2026-08-06T03:24:51.212Z]   Processing Me, the Immortal (2825 decks)
[2026-08-06T03:24:51.405Z]   Found 2 themes: plus-1-plus-1-counters, voltron
[2026-08-06T03:24:53.310Z]   Created build plus-1-plus-1-counters: 100 cards
[2026-08-06T03:24:55.342Z]   Error inserting cards batch: duplicate key value violates unique constraint "ref_build_cards_build_id_card_name_key"
[2026-08-06T03:24:55.342Z]   Created build voltron: 0 cards
[2026-08-06T03:24:55.342Z] [594/770] Lurrus of the Dream-Den
[2026-08-06T03:24:55.342Z]   Processing Lurrus of the Dream-Den (2825 decks)
[2026-08-06T03:24:55.527Z]   Found 3 themes: aristocrats, reanimator, sacrifice
[2026-08-06T03:24:57.425Z]   Error inserting cards batch: duplicate key value violates unique constraint "ref_build_cards_build_id_card_name_key"
[2026-08-06T03:24:57.425Z]   Created build aristocrats: 0 cards
[2026-08-06T03:24:59.303Z]   Error inserting cards batch: duplicate key value violates unique constraint "ref_build_cards_build_id_card_name_key"
[2026-08-06T03:24:59.303Z]   Created build reanimator: 0 cards
[2026-08-06T03:25:01.178Z]   Error inserting cards batch: duplicate key value violates unique constraint "ref_build_cards_build_id_card_name_key"
[2026-08-06T03:25:01.178Z]   Created build sacrifice: 0 cards
[2026-08-06T03:25:01.178Z] [595/770] Gilgamesh, Master-at-Arms
[2026-08-06T03:25:01.178Z]   Processing Gilgamesh, Master-at-Arms (2820 decks)
[2026-08-06T03:25:01.363Z]   Found 2 themes: equipment, voltron
[2026-08-06T03:25:03.278Z]   Error inserting cards batch: duplicate key value violates unique constraint "ref_build_cards_build_id_card_name_key"
[2026-08-06T03:25:03.278Z]   Created build equipment: 0 cards
[2026-08-06T03:25:05.109Z]   Error inserting cards batch: duplicate key value violates unique constraint "ref_build_cards_build_id_card_name_key"
[2026-08-06T03:25:05.109Z]   Created build voltron: 0 cards
[2026-08-06T03:25:05.109Z] [596/770] Cloud, Planet's Champion
[2026-08-06T03:25:05.109Z]   Processing Cloud, Planet's Champion (2807 decks)
[2026-08-06T03:25:05.284Z]   Found 2 themes: equipment, voltron
[2026-08-06T03:25:07.247Z]   Error inserting cards batch: duplicate key value violates unique constraint "ref_build_cards_build_id_card_name_key"
[2026-08-06T03:25:07.247Z]   Created build equipment: 0 cards
[2026-08-06T03:25:09.171Z]   Created build voltron: 100 cards
[2026-08-06T03:25:09.171Z] [597/770] Wyll, Blade of Frontiers + Sword Coast Sailor
[2026-08-06T03:25:09.171Z]   Processing Wyll, Blade of Frontiers + Sword Coast Sailor (2806 decks)
[2026-08-06T03:25:09.353Z]   Found 2 themes: die-roll, treasure
[2026-08-06T03:25:11.116Z]   Error inserting cards batch: duplicate key value violates unique constraint "ref_build_cards_build_id_card_name_key"
[2026-08-06T03:25:11.116Z]   Created build die-roll: 0 cards
[2026-08-06T03:25:13.007Z]   Error inserting cards batch: duplicate key value violates unique constraint "ref_build_cards_build_id_card_name_key"
[2026-08-06T03:25:13.007Z]   Created build treasure: 0 cards
[2026-08-06T03:25:13.007Z] [598/770] Red Death, Shipwrecker
[2026-08-06T03:25:13.007Z]   Processing Red Death, Shipwrecker (2799 decks)
[2026-08-06T03:25:13.206Z]   Found 1 themes: forced-combat
[2026-08-06T03:25:14.998Z]   Error inserting cards batch: duplicate key value violates unique constraint "ref_build_cards_build_id_card_name_key"
[2026-08-06T03:25:14.998Z]   Created build forced-combat: 0 cards
[2026-08-06T03:25:14.998Z] [599/770] Treebeard, Gracious Host
[2026-08-06T03:25:14.998Z]   Processing Treebeard, Gracious Host (2796 decks)
[2026-08-06T03:25:15.182Z]   Found 3 themes: lifegain, plus-1-plus-1-counters, voltron
[2026-08-06T03:25:17.070Z]   Error inserting cards batch: duplicate key value violates unique constraint "ref_build_cards_build_id_card_name_key"
[2026-08-06T03:25:17.070Z]   Created build lifegain: 0 cards
[2026-08-06T03:25:19.003Z]   Error inserting cards batch: duplicate key value violates unique constraint "ref_build_cards_build_id_card_name_key"
[2026-08-06T03:25:19.003Z]   Created build plus-1-plus-1-counters: 0 cards
[2026-08-06T03:25:20.888Z]   Error inserting cards batch: duplicate key value violates unique constraint "ref_build_cards_build_id_card_name_key"
[2026-08-06T03:25:20.888Z]   Created build voltron: 0 cards
[2026-08-06T03:25:20.888Z] [600/770] Ellie and Alan, Paleontologists
[2026-08-06T03:25:20.888Z]   Processing Ellie and Alan, Paleontologists (2786 decks)
[2026-08-06T03:25:21.086Z]   Found 3 themes: discover, cycling, discard
[2026-08-06T03:25:22.972Z]   Error inserting cards batch: duplicate key value violates unique constraint "ref_build_cards_build_id_card_name_key"
[2026-08-06T03:25:22.972Z]   Created build discover: 0 cards
[2026-08-06T03:25:24.874Z]   Created build cycling: 100 cards
[2026-08-06T03:25:26.765Z]   Error inserting cards batch: duplicate key value violates unique constraint "ref_build_cards_build_id_card_name_key"
[2026-08-06T03:25:26.765Z]   Created build discard: 0 cards
[2026-08-06T03:25:26.765Z] 
[2026-08-06T03:25:26.765Z] Progress: 594 processed, 2085 builds, 136800 cards
[2026-08-06T03:25:26.765Z] 
[2026-08-06T03:25:26.765Z] [601/770] Lilah, Undefeated Slickshot
[2026-08-06T03:25:26.765Z]   Processing Lilah, Undefeated Slickshot (2785 decks)
[2026-08-06T03:25:26.938Z]   Found 2 themes: spellslinger, spell-copy
[2026-08-06T03:25:28.791Z]   Error inserting cards batch: duplicate key value violates unique constraint "ref_build_cards_build_id_card_name_key"
[2026-08-06T03:25:28.791Z]   Created build spellslinger: 0 cards
[2026-08-06T03:25:30.692Z]   Error inserting cards batch: duplicate key value violates unique constraint "ref_build_cards_build_id_card_name_key"
[2026-08-06T03:25:30.692Z]   Created build spell-copy: 0 cards
[2026-08-06T03:25:30.692Z] [602/770] Narset, Jeskai Waymaster
[2026-08-06T03:25:30.692Z]   Processing Narset, Jeskai Waymaster (2776 decks)
[2026-08-06T03:25:30.864Z]   Found 1 themes: spellslinger
[2026-08-06T03:25:32.807Z]   Error inserting cards batch: duplicate key value violates unique constraint "ref_build_cards_build_id_card_name_key"
[2026-08-06T03:25:32.807Z]   Created build spellslinger: 0 cards
[2026-08-06T03:25:32.807Z] [603/770] Olivia, Crimson Bride
[2026-08-06T03:25:32.807Z]   Processing Olivia, Crimson Bride (2775 decks)
[2026-08-06T03:25:32.981Z]   Found 2 themes: vampires, reanimator
[2026-08-06T03:25:34.895Z]   Error inserting cards batch: duplicate key value violates unique constraint "ref_build_cards_build_id_card_name_key"
[2026-08-06T03:25:34.895Z]   Created build vampires: 0 cards
[2026-08-06T03:25:36.774Z]   Error inserting cards batch: duplicate key value violates unique constraint "ref_build_cards_build_id_card_name_key"
[2026-08-06T03:25:36.774Z]   Created build reanimator: 0 cards
[2026-08-06T03:25:36.774Z] [604/770] Baeloth Barrityl, Entertainer + Raised by Giants
[2026-08-06T03:25:36.774Z]   Processing Baeloth Barrityl, Entertainer + Raised by Giants (2773 decks)
[2026-08-06T03:25:36.956Z]   Found 1 themes: forced-combat
[2026-08-06T03:25:38.895Z]   Error inserting cards batch: duplicate key value violates unique constraint "ref_build_cards_build_id_card_name_key"
[2026-08-06T03:25:38.895Z]   Created build forced-combat: 0 cards
[2026-08-06T03:25:38.895Z] [605/770] Agent Frank Horrigan
[2026-08-06T03:25:38.895Z]   Processing Agent Frank Horrigan (2764 decks)
[2026-08-06T03:25:39.068Z]   Found 2 themes: infect, plus-1-plus-1-counters
[2026-08-06T03:25:40.910Z]   Error inserting cards batch: duplicate key value violates unique constraint "ref_build_cards_build_id_card_name_key"
[2026-08-06T03:25:40.910Z]   Created build infect: 0 cards
[2026-08-06T03:25:42.799Z]   Error inserting cards batch: duplicate key value violates unique constraint "ref_build_cards_build_id_card_name_key"
[2026-08-06T03:25:42.799Z]   Created build plus-1-plus-1-counters: 0 cards
[2026-08-06T03:25:42.799Z] [606/770] Vannifar, Evolved Enigma
[2026-08-06T03:25:42.799Z]   Processing Vannifar, Evolved Enigma (2736 decks)
[2026-08-06T03:25:42.973Z]   Found 3 themes: morph, blink, plus-1-plus-1-counters
[2026-08-06T03:25:44.167Z]   Error inserting cards batch: duplicate key value violates unique constraint "ref_build_cards_build_id_card_name_key"
[2026-08-06T03:25:44.168Z]   Created build morph: 0 cards
[2026-08-06T03:25:46.094Z]   Error inserting cards batch: duplicate key value violates unique constraint "ref_build_cards_build_id_card_name_key"
[2026-08-06T03:25:46.094Z]   Created build blink: 0 cards
[2026-08-06T03:25:47.905Z]   Error inserting cards batch: duplicate key value violates unique constraint "ref_build_cards_build_id_card_name_key"
[2026-08-06T03:25:47.905Z]   Created build plus-1-plus-1-counters: 0 cards
[2026-08-06T03:25:47.905Z] [607/770] Eladamri, Korvecdal
[2026-08-06T03:25:47.905Z]   Processing Eladamri, Korvecdal (2735 decks)
[2026-08-06T03:25:48.083Z]   Found 1 themes: elves
[2026-08-06T03:25:49.288Z]   Error inserting cards batch: duplicate key value violates unique constraint "ref_build_cards_build_id_card_name_key"
[2026-08-06T03:25:49.289Z]   Created build elves: 0 cards
[2026-08-06T03:25:49.289Z] [608/770] Hogaak, Arisen Necropolis
[2026-08-06T03:25:49.289Z]   Processing Hogaak, Arisen Necropolis (2730 decks)
[2026-08-06T03:25:49.511Z]   Found 5 themes: mill, dredge, self-mill, graveyard, reanimator
[2026-08-06T03:25:51.220Z]   Error inserting cards batch: duplicate key value violates unique constraint "ref_build_cards_build_id_card_name_key"
[2026-08-06T03:25:51.220Z]   Created build mill: 0 cards
[2026-08-06T03:25:53.084Z]   Error inserting cards batch: duplicate key value violates unique constraint "ref_build_cards_build_id_card_name_key"
[2026-08-06T03:25:53.084Z]   Created build dredge: 0 cards
[2026-08-06T03:25:54.963Z]   Error inserting cards batch: duplicate key value violates unique constraint "ref_build_cards_build_id_card_name_key"
[2026-08-06T03:25:54.963Z]   Created build self-mill: 0 cards
[2026-08-06T03:25:56.808Z]   Error inserting cards batch: duplicate key value violates unique constraint "ref_build_cards_build_id_card_name_key"
[2026-08-06T03:25:56.808Z]   Created build graveyard: 0 cards
[2026-08-06T03:25:58.653Z]   Error inserting cards batch: duplicate key value violates unique constraint "ref_build_cards_build_id_card_name_key"
[2026-08-06T03:25:58.653Z]   Created build reanimator: 0 cards
[2026-08-06T03:25:58.653Z] [609/770] Titania, Protector of Argoth
[2026-08-06T03:25:58.653Z]   Processing Titania, Protector of Argoth (2725 decks)
[2026-08-06T03:25:58.843Z]   Found 4 themes: lands-matter, sacrifice, tokens, ramp
[2026-08-06T03:26:00.742Z]   Error inserting cards batch: duplicate key value violates unique constraint "ref_build_cards_build_id_card_name_key"
[2026-08-06T03:26:00.742Z]   Created build lands-matter: 0 cards
[2026-08-06T03:26:02.611Z]   Error inserting cards batch: duplicate key value violates unique constraint "ref_build_cards_build_id_card_name_key"
[2026-08-06T03:26:02.611Z]   Created build sacrifice: 0 cards
[2026-08-06T03:26:04.599Z]   Created build tokens: 100 cards
[2026-08-06T03:26:06.520Z]   Created build ramp: 100 cards
[2026-08-06T03:26:06.520Z] [610/770] Ganax, Astral Hunter + Acolyte of Bahamut
[2026-08-06T03:26:06.520Z]   Processing Ganax, Astral Hunter + Acolyte of Bahamut (2719 decks)
[2026-08-06T03:26:06.689Z]   Found 2 themes: dragons, treasure
[2026-08-06T03:26:08.611Z]   Error inserting cards batch: duplicate key value violates unique constraint "ref_build_cards_build_id_card_name_key"
[2026-08-06T03:26:08.611Z]   Created build dragons: 0 cards
[2026-08-06T03:26:10.498Z]   Created build treasure: 100 cards
[2026-08-06T03:26:10.498Z] [611/770] Wyleth, Soul of Steel
[2026-08-06T03:26:10.498Z]   Processing Wyleth, Soul of Steel (2711 decks)
[2026-08-06T03:26:10.696Z]   Found 3 themes: equipment, voltron, auras
[2026-08-06T03:26:12.587Z]   Error inserting cards batch: duplicate key value violates unique constraint "ref_build_cards_build_id_card_name_key"
[2026-08-06T03:26:12.587Z]   Created build equipment: 0 cards
[2026-08-06T03:26:14.469Z]   Error inserting cards batch: duplicate key value violates unique constraint "ref_build_cards_build_id_card_name_key"
[2026-08-06T03:26:14.469Z]   Created build voltron: 0 cards
[2026-08-06T03:26:16.334Z]   Error inserting cards batch: duplicate key value violates unique constraint "ref_build_cards_build_id_card_name_key"
[2026-08-06T03:26:16.334Z]   Created build auras: 0 cards
[2026-08-06T03:26:16.334Z] [612/770] Kosei, Penitent Warlord
[2026-08-06T03:26:16.334Z]   Processing Kosei, Penitent Warlord (2709 decks)
[2026-08-06T03:26:16.532Z]   Found 4 themes: equipment, voltron, auras, plus-1-plus-1-counters
[2026-08-06T03:26:18.357Z]   Error inserting cards batch: duplicate key value violates unique constraint "ref_build_cards_build_id_card_name_key"
[2026-08-06T03:26:18.357Z]   Created build equipment: 0 cards
[2026-08-06T03:26:20.205Z]   Error inserting cards batch: duplicate key value violates unique constraint "ref_build_cards_build_id_card_name_key"
[2026-08-06T03:26:20.205Z]   Created build voltron: 0 cards
[2026-08-06T03:26:22.071Z]   Error inserting cards batch: duplicate key value violates unique constraint "ref_build_cards_build_id_card_name_key"
[2026-08-06T03:26:22.071Z]   Created build auras: 0 cards
[2026-08-06T03:26:23.890Z]   Created build plus-1-plus-1-counters: 100 cards
[2026-08-06T03:26:23.890Z] [613/770] Zo-Zu the Punisher
[2026-08-06T03:26:23.890Z]   Processing Zo-Zu the Punisher (2707 decks)
[2026-08-06T03:26:24.059Z]   Found 3 themes: land-destruction, burn, group-slug
[2026-08-06T03:26:25.909Z]   Error inserting cards batch: duplicate key value violates unique constraint "ref_build_cards_build_id_card_name_key"
[2026-08-06T03:26:25.909Z]   Created build land-destruction: 0 cards
[2026-08-06T03:26:27.887Z]   Error inserting cards batch: duplicate key value violates unique constraint "ref_build_cards_build_id_card_name_key"
[2026-08-06T03:26:27.887Z]   Created build burn: 0 cards
[2026-08-06T03:26:29.871Z]   Error inserting cards batch: duplicate key value violates unique constraint "ref_build_cards_build_id_card_name_key"
[2026-08-06T03:26:29.871Z]   Created build group-slug: 0 cards
[2026-08-06T03:26:29.871Z] [614/770] Isu the Abominable
[2026-08-06T03:26:29.871Z]   Processing Isu the Abominable (2694 decks)
[2026-08-06T03:26:30.059Z]   Found 1 themes: snow
[2026-08-06T03:26:32.220Z]   Created build snow: 100 cards
[2026-08-06T03:26:32.220Z] [615/770] God-Eternal Oketra
[2026-08-06T03:26:32.220Z]   Processing God-Eternal Oketra (2692 decks)
[2026-08-06T03:26:32.404Z]   Found 1 themes: tokens
[2026-08-06T03:26:34.397Z]   Error inserting cards batch: duplicate key value violates unique constraint "ref_build_cards_build_id_card_name_key"
[2026-08-06T03:26:34.397Z]   Created build tokens: 0 cards
[2026-08-06T03:26:34.397Z] [616/770] Victor, Valgavoth's Seneschal
[2026-08-06T03:26:34.397Z]   Processing Victor, Valgavoth's Seneschal (2680 decks)
[2026-08-06T03:26:34.572Z]   Found 2 themes: enchantress, reanimator
[2026-08-06T03:26:36.623Z]   Created build enchantress: 100 cards
[2026-08-06T03:26:38.554Z]   Created build reanimator: 100 cards
[2026-08-06T03:26:38.554Z] [617/770] Grismold, the Dreadsower
[2026-08-06T03:26:38.554Z]   Processing Grismold, the Dreadsower (2679 decks)
[2026-08-06T03:26:38.745Z]   Found 4 themes: tokens, plus-1-plus-1-counters, aristocrats, voltron
[2026-08-06T03:26:40.634Z]   Error inserting cards batch: duplicate key value violates unique constraint "ref_build_cards_build_id_card_name_key"
[2026-08-06T03:26:40.634Z]   Created build tokens: 0 cards
[2026-08-06T03:26:42.484Z]   Error inserting cards batch: duplicate key value violates unique constraint "ref_build_cards_build_id_card_name_key"
[2026-08-06T03:26:42.484Z]   Created build plus-1-plus-1-counters: 0 cards
[2026-08-06T03:26:44.377Z]   Error inserting cards batch: duplicate key value violates unique constraint "ref_build_cards_build_id_card_name_key"
[2026-08-06T03:26:44.377Z]   Created build aristocrats: 0 cards
[2026-08-06T03:26:46.268Z]   Error inserting cards batch: duplicate key value violates unique constraint "ref_build_cards_build_id_card_name_key"
[2026-08-06T03:26:46.269Z]   Created build voltron: 0 cards
[2026-08-06T03:26:46.269Z] [618/770] Francisco, Fowl Marauder & Malcolm, Keen-Eyed Navigator
[2026-08-06T03:26:46.269Z]   Processing Francisco, Fowl Marauder & Malcolm, Keen-Eyed Navigator (2678 decks)
[2026-08-06T03:26:46.447Z]   Found 3 themes: pirates, treasure, combo
[2026-08-06T03:26:48.321Z]   Error inserting cards batch: duplicate key value violates unique constraint "ref_build_cards_build_id_card_name_key"
[2026-08-06T03:26:48.321Z]   Created build pirates: 0 cards
[2026-08-06T03:26:50.349Z]   Created build treasure: 100 cards
[2026-08-06T03:26:52.293Z]   Error inserting cards batch: duplicate key value violates unique constraint "ref_build_cards_build_id_card_name_key"
[2026-08-06T03:26:52.293Z]   Created build combo: 0 cards
[2026-08-06T03:26:52.293Z] [619/770] Aurelia, the Law Above
[2026-08-06T03:26:52.293Z]   Processing Aurelia, the Law Above (2677 decks)
[2026-08-06T03:26:52.487Z]   Found 3 themes: forced-combat, tokens, aggro
[2026-08-06T03:26:53.597Z]   Error inserting cards batch: duplicate key value violates unique constraint "ref_build_cards_build_id_card_name_key"
[2026-08-06T03:26:53.597Z]   Created build forced-combat: 0 cards
[2026-08-06T03:26:55.510Z]   Created build tokens: 100 cards
[2026-08-06T03:26:57.504Z]   Created build aggro: 100 cards
[2026-08-06T03:26:57.504Z] [620/770] Cynette, Jelly Drover
[2026-08-06T03:26:57.504Z]   Processing Cynette, Jelly Drover (2672 decks)
[2026-08-06T03:26:57.706Z]   Found 4 themes: clones, flying, tokens, blink
[2026-08-06T03:26:59.561Z]   Created build clones: 100 cards
[2026-08-06T03:26:59.561Z]   Skipping ignored tag: flying
[2026-08-06T03:27:01.448Z]   Error inserting cards batch: duplicate key value violates unique constraint "ref_build_cards_build_id_card_name_key"
[2026-08-06T03:27:01.449Z]   Created build tokens: 0 cards
[2026-08-06T03:27:03.169Z]   Created build blink: 100 cards
[2026-08-06T03:27:03.169Z] [621/770] The Scorpion God
[2026-08-06T03:27:03.170Z]   Processing The Scorpion God (2672 decks)
[2026-08-06T03:27:03.351Z]   Found 1 themes: minus-1-minus-1-counters
[2026-08-06T03:27:05.231Z]   Created build minus-1-minus-1-counters: 100 cards
[2026-08-06T03:27:05.231Z] [622/770] Liberator, Urza's Battlethopter
[2026-08-06T03:27:05.231Z]   Processing Liberator, Urza's Battlethopter (2670 decks)
[2026-08-06T03:27:05.416Z]   Found 1 themes: artifacts
[2026-08-06T03:27:07.361Z]   Error inserting cards batch: duplicate key value violates unique constraint "ref_build_cards_build_id_card_name_key"
[2026-08-06T03:27:07.361Z]   Created build artifacts: 0 cards
[2026-08-06T03:27:07.361Z] [623/770] The Archimandrite
[2026-08-06T03:27:07.361Z]   Processing The Archimandrite (2668 decks)
[2026-08-06T03:27:07.541Z]   Found 2 themes: lifegain, monks
[2026-08-06T03:27:09.531Z]   Error inserting cards batch: duplicate key value violates unique constraint "ref_build_cards_build_id_card_name_key"
[2026-08-06T03:27:09.531Z]   Created build lifegain: 0 cards
[2026-08-06T03:27:09.531Z]   Skipping ignored tag: monks
[2026-08-06T03:27:09.532Z] [624/770] Katilda, Dawnhart Prime
[2026-08-06T03:27:09.532Z]   Processing Katilda, Dawnhart Prime (2667 decks)
[2026-08-06T03:27:09.710Z]   Found 3 themes: humans, plus-1-plus-1-counters, ramp
[2026-08-06T03:27:11.578Z]   Error inserting cards batch: duplicate key value violates unique constraint "ref_build_cards_build_id_card_name_key"
[2026-08-06T03:27:11.578Z]   Created build humans: 0 cards
[2026-08-06T03:27:13.548Z]   Created build plus-1-plus-1-counters: 100 cards
[2026-08-06T03:27:15.523Z]   Error inserting cards batch: duplicate key value violates unique constraint "ref_build_cards_build_id_card_name_key"
[2026-08-06T03:27:15.523Z]   Created build ramp: 0 cards
[2026-08-06T03:27:15.523Z] [625/770] Dawnsire, Sunstar Dreadnought
[2026-08-06T03:27:15.523Z]   Processing Dawnsire, Sunstar Dreadnought (2663 decks)
[2026-08-06T03:27:15.699Z]   Found 1 themes: artifacts
[2026-08-06T03:27:17.589Z]   Error inserting cards batch: duplicate key value violates unique constraint "ref_build_cards_build_id_card_name_key"
[2026-08-06T03:27:17.589Z]   Created build artifacts: 0 cards
[2026-08-06T03:27:17.589Z] [626/770] Raiyuu, Storm's Edge
[2026-08-06T03:27:17.589Z]   Processing Raiyuu, Storm's Edge (2649 decks)
[2026-08-06T03:27:17.761Z]   Found 4 themes: equipment, samurai, extra-combats, voltron
[2026-08-06T03:27:19.634Z]   Error inserting cards batch: duplicate key value violates unique constraint "ref_build_cards_build_id_card_name_key"
[2026-08-06T03:27:19.634Z]   Created build equipment: 0 cards
[2026-08-06T03:27:19.634Z]   Skipping ignored tag: samurai
[2026-08-06T03:27:21.679Z]   Error inserting cards batch: duplicate key value violates unique constraint "ref_build_cards_build_id_card_name_key"
[2026-08-06T03:27:21.679Z]   Created build extra-combats: 0 cards
[2026-08-06T03:27:23.603Z]   Error inserting cards batch: duplicate key value violates unique constraint "ref_build_cards_build_id_card_name_key"
[2026-08-06T03:27:23.603Z]   Created build voltron: 0 cards
[2026-08-06T03:27:23.603Z] [627/770] Dargo, the Shipwrecker & Tymna the Weaver
[2026-08-06T03:27:23.603Z]   Processing Dargo, the Shipwrecker & Tymna the Weaver (2646 decks)
[2026-08-06T03:27:23.782Z]   Found 2 themes: cedh, combo
[2026-08-06T03:27:23.782Z]   Skipping ignored tag: cedh
[2026-08-06T03:27:25.420Z]   Error inserting cards batch: duplicate key value violates unique constraint "ref_build_cards_build_id_card_name_key"
[2026-08-06T03:27:25.420Z]   Created build combo: 0 cards
[2026-08-06T03:27:25.420Z] [628/770] Captain Sisay
[2026-08-06T03:27:25.420Z]   Processing Captain Sisay (2634 decks)
[2026-08-06T03:27:25.627Z]   Found 3 themes: legends, toolbox, historic
[2026-08-06T03:27:27.530Z]   Error inserting cards batch: duplicate key value violates unique constraint "ref_build_cards_build_id_card_name_key"
[2026-08-06T03:27:27.530Z]   Created build legends: 0 cards
[2026-08-06T03:27:29.444Z]   Created build toolbox: 100 cards
[2026-08-06T03:27:31.314Z]   Error inserting cards batch: duplicate key value violates unique constraint "ref_build_cards_build_id_card_name_key"
[2026-08-06T03:27:31.314Z]   Created build historic: 0 cards
[2026-08-06T03:27:31.314Z] [629/770] Olivia Voldaren
[2026-08-06T03:27:31.314Z]   Processing Olivia Voldaren (2625 decks)
[2026-08-06T03:27:31.507Z]   Found 1 themes: vampires
[2026-08-06T03:27:33.387Z]   Error inserting cards batch: duplicate key value violates unique constraint "ref_build_cards_build_id_card_name_key"
[2026-08-06T03:27:33.387Z]   Created build vampires: 0 cards
[2026-08-06T03:27:33.387Z] [630/770] General Kreat, the Boltbringer
[2026-08-06T03:27:33.387Z]   Processing General Kreat, the Boltbringer (2624 decks)
[2026-08-06T03:27:33.580Z]   Found 4 themes: goblins, tokens, aggro, burn
[2026-08-06T03:27:35.249Z]   Created build goblins: 100 cards
[2026-08-06T03:27:37.116Z]   Error inserting cards batch: duplicate key value violates unique constraint "ref_build_cards_build_id_card_name_key"
[2026-08-06T03:27:37.116Z]   Created build tokens: 0 cards
[2026-08-06T03:27:38.971Z]   Error inserting cards batch: duplicate key value violates unique constraint "ref_build_cards_build_id_card_name_key"
[2026-08-06T03:27:38.971Z]   Created build aggro: 0 cards
[2026-08-06T03:27:40.665Z]   Error inserting cards batch: duplicate key value violates unique constraint "ref_build_cards_build_id_card_name_key"
[2026-08-06T03:27:40.665Z]   Created build burn: 0 cards
[2026-08-06T03:27:40.665Z] [631/770] Ureni, the Song Unending
[2026-08-06T03:27:40.665Z]   Processing Ureni, the Song Unending (2622 decks)
[2026-08-06T03:27:40.847Z]   Found 1 themes: lands-matter
[2026-08-06T03:27:42.719Z]   Created build lands-matter: 100 cards
[2026-08-06T03:27:42.719Z] [632/770] Delina, Wild Mage
[2026-08-06T03:27:42.719Z]   Processing Delina, Wild Mage (2615 decks)
[2026-08-06T03:27:42.883Z]   Found 2 themes: treasure, clones
[2026-08-06T03:27:44.756Z]   Error inserting cards batch: duplicate key value violates unique constraint "ref_build_cards_build_id_card_name_key"
[2026-08-06T03:27:44.756Z]   Created build treasure: 0 cards
[2026-08-06T03:27:46.614Z]   Error inserting cards batch: duplicate key value violates unique constraint "ref_build_cards_build_id_card_name_key"
[2026-08-06T03:27:46.614Z]   Created build clones: 0 cards
[2026-08-06T03:27:46.614Z] [633/770] Yorion, Sky Nomad
[2026-08-06T03:27:46.614Z]   Processing Yorion, Sky Nomad (2611 decks)
[2026-08-06T03:27:46.808Z]   Found 1 themes: blink
[2026-08-06T03:27:48.737Z]   Error inserting cards batch: duplicate key value violates unique constraint "ref_build_cards_build_id_card_name_key"
[2026-08-06T03:27:48.737Z]   Created build blink: 0 cards
[2026-08-06T03:27:48.737Z] [634/770] Aatchik, Emerald Radian
[2026-08-06T03:27:48.737Z]   Processing Aatchik, Emerald Radian (2600 decks)
[2026-08-06T03:27:48.917Z]   Found 2 themes: tokens, insects
[2026-08-06T03:27:50.781Z]   Error inserting cards batch: duplicate key value violates unique constraint "ref_build_cards_build_id_card_name_key"
[2026-08-06T03:27:50.782Z]   Created build tokens: 0 cards
[2026-08-06T03:27:50.782Z]   Skipping ignored tag: insects
[2026-08-06T03:27:50.782Z] [635/770] Kotori, Pilot Prodigy
[2026-08-06T03:27:50.782Z]   Processing Kotori, Pilot Prodigy (2596 decks)
[2026-08-06T03:27:50.958Z]   Found 2 themes: vehicles, artifacts
[2026-08-06T03:27:53.252Z]   Error inserting cards batch: duplicate key value violates unique constraint "ref_build_cards_build_id_card_name_key"
[2026-08-06T03:27:53.252Z]   Created build vehicles: 0 cards
[2026-08-06T03:27:55.276Z]   Error inserting cards batch: duplicate key value violates unique constraint "ref_build_cards_build_id_card_name_key"
[2026-08-06T03:27:55.276Z]   Created build artifacts: 0 cards
[2026-08-06T03:27:55.276Z] [636/770] Thalisse, Reverent Medium
[2026-08-06T03:27:55.276Z]   Processing Thalisse, Reverent Medium (2596 decks)
[2026-08-06T03:27:55.481Z]   Found 2 themes: tokens, aristocrats
[2026-08-06T03:27:57.404Z]   Error inserting cards batch: duplicate key value violates unique constraint "ref_build_cards_build_id_card_name_key"
[2026-08-06T03:27:57.404Z]   Created build tokens: 0 cards
[2026-08-06T03:27:59.307Z]   Error inserting cards batch: duplicate key value violates unique constraint "ref_build_cards_build_id_card_name_key"
[2026-08-06T03:27:59.307Z]   Created build aristocrats: 0 cards
[2026-08-06T03:27:59.307Z] [637/770] Omarthis, Ghostfire Initiate
[2026-08-06T03:27:59.307Z]   Processing Omarthis, Ghostfire Initiate (2592 decks)
[2026-08-06T03:27:59.507Z]   Found 2 themes: plus-1-plus-1-counters, artifacts
[2026-08-06T03:28:01.402Z]   Error inserting cards batch: duplicate key value violates unique constraint "ref_build_cards_build_id_card_name_key"
[2026-08-06T03:28:01.402Z]   Created build plus-1-plus-1-counters: 0 cards
[2026-08-06T03:28:03.299Z]   Error inserting cards batch: duplicate key value violates unique constraint "ref_build_cards_build_id_card_name_key"
[2026-08-06T03:28:03.299Z]   Created build artifacts: 0 cards
[2026-08-06T03:28:03.299Z] [638/770] Rielle, the Everwise
[2026-08-06T03:28:03.299Z]   Processing Rielle, the Everwise (2587 decks)
[2026-08-06T03:28:03.484Z]   Found 3 themes: discard, wheels, spellslinger
[2026-08-06T03:28:05.357Z]   Error inserting cards batch: duplicate key value violates unique constraint "ref_build_cards_build_id_card_name_key"
[2026-08-06T03:28:05.357Z]   Created build discard: 0 cards
[2026-08-06T03:28:07.357Z]   Error inserting cards batch: duplicate key value violates unique constraint "ref_build_cards_build_id_card_name_key"
[2026-08-06T03:28:07.357Z]   Created build wheels: 0 cards
[2026-08-06T03:28:09.399Z]   Error inserting cards batch: duplicate key value violates unique constraint "ref_build_cards_build_id_card_name_key"
[2026-08-06T03:28:09.399Z]   Created build spellslinger: 0 cards
[2026-08-06T03:28:09.399Z] [639/770] Kyodai, Soul of Kamigawa
[2026-08-06T03:28:09.399Z]   Processing Kyodai, Soul of Kamigawa (2584 decks)
[2026-08-06T03:28:09.573Z]   Found 1 themes: spirits
[2026-08-06T03:28:11.476Z]   Error inserting cards batch: duplicate key value violates unique constraint "ref_build_cards_build_id_card_name_key"
[2026-08-06T03:28:11.476Z]   Created build spirits: 0 cards
[2026-08-06T03:28:11.476Z] [640/770] Lyse Hext
[2026-08-06T03:28:11.477Z]   Processing Lyse Hext (2583 decks)
[2026-08-06T03:28:11.669Z]   Found 2 themes: voltron, spellslinger
[2026-08-06T03:28:13.512Z]   Error inserting cards batch: duplicate key value violates unique constraint "ref_build_cards_build_id_card_name_key"
[2026-08-06T03:28:13.512Z]   Created build voltron: 0 cards
[2026-08-06T03:28:15.386Z]   Error inserting cards batch: duplicate key value violates unique constraint "ref_build_cards_build_id_card_name_key"
[2026-08-06T03:28:15.386Z]   Created build spellslinger: 0 cards
[2026-08-06T03:28:15.386Z] [641/770] Jhoira, Ageless Innovator
[2026-08-06T03:28:15.386Z]   Processing Jhoira, Ageless Innovator (2582 decks)
[2026-08-06T03:28:15.564Z]   Found 1 themes: artifacts
[2026-08-06T03:28:17.461Z]   Error inserting cards batch: duplicate key value violates unique constraint "ref_build_cards_build_id_card_name_key"
[2026-08-06T03:28:17.461Z]   Created build artifacts: 0 cards
[2026-08-06T03:28:17.461Z] [642/770] Lae'zel, Vlaakith's Champion + Master Chef
[2026-08-06T03:28:17.461Z]   Processing Lae'zel, Vlaakith's Champion + Master Chef (2581 decks)
[2026-08-06T03:28:17.636Z]   Found 1 themes: plus-1-plus-1-counters
[2026-08-06T03:28:19.585Z]   Error inserting cards batch: duplicate key value violates unique constraint "ref_build_cards_build_id_card_name_key"
[2026-08-06T03:28:19.585Z]   Created build plus-1-plus-1-counters: 0 cards
[2026-08-06T03:28:19.585Z] [643/770] Ashling the Pilgrim
[2026-08-06T03:28:19.585Z]   Processing Ashling the Pilgrim (2577 decks)
[2026-08-06T03:28:19.777Z]   Found 2 themes: burn, plus-1-plus-1-counters
[2026-08-06T03:28:21.581Z]   Error inserting cards batch: duplicate key value violates unique constraint "ref_build_cards_build_id_card_name_key"
[2026-08-06T03:28:21.581Z]   Created build burn: 0 cards
[2026-08-06T03:28:23.460Z]   Error inserting cards batch: duplicate key value violates unique constraint "ref_build_cards_build_id_card_name_key"
[2026-08-06T03:28:23.460Z]   Created build plus-1-plus-1-counters: 0 cards
[2026-08-06T03:28:23.460Z] [644/770] Maralen of the Mornsong
[2026-08-06T03:28:23.460Z]   Processing Maralen of the Mornsong (2573 decks)
[2026-08-06T03:28:23.646Z]   No themes found for Maralen of the Mornsong
[2026-08-06T03:28:23.646Z] [645/770] Inquisitor Greyfax
[2026-08-06T03:28:23.646Z]   Processing Inquisitor Greyfax (2569 decks)
[2026-08-06T03:28:23.818Z]   Found 2 themes: clues, tokens
[2026-08-06T03:28:25.701Z]   Error inserting cards batch: duplicate key value violates unique constraint "ref_build_cards_build_id_card_name_key"
[2026-08-06T03:28:25.701Z]   Created build clues: 0 cards
[2026-08-06T03:28:27.597Z]   Error inserting cards batch: duplicate key value violates unique constraint "ref_build_cards_build_id_card_name_key"
[2026-08-06T03:28:27.597Z]   Created build tokens: 0 cards
[2026-08-06T03:28:27.598Z] [646/770] Alandra, Sky Dreamer
[2026-08-06T03:28:27.598Z]   Processing Alandra, Sky Dreamer (2563 decks)
[2026-08-06T03:28:27.775Z]   Found 4 themes: wheels, tokens, card-draw, cantrips
[2026-08-06T03:28:29.639Z]   Error inserting cards batch: duplicate key value violates unique constraint "ref_build_cards_build_id_card_name_key"
[2026-08-06T03:28:29.639Z]   Created build wheels: 0 cards
[2026-08-06T03:28:31.597Z]   Error inserting cards batch: duplicate key value violates unique constraint "ref_build_cards_build_id_card_name_key"
[2026-08-06T03:28:31.597Z]   Created build tokens: 0 cards
[2026-08-06T03:28:33.539Z]   Error inserting cards batch: duplicate key value violates unique constraint "ref_build_cards_build_id_card_name_key"
[2026-08-06T03:28:33.539Z]   Created build card-draw: 0 cards
[2026-08-06T03:28:35.251Z]   Error inserting cards batch: duplicate key value violates unique constraint "ref_build_cards_build_id_card_name_key"
[2026-08-06T03:28:35.251Z]   Created build cantrips: 0 cards
[2026-08-06T03:28:35.251Z] [647/770] Miles "Tails" Prower
[2026-08-06T03:28:35.251Z]   Processing Miles "Tails" Prower (2561 decks)
[2026-08-06T03:28:35.434Z]   Found 2 themes: vehicles, artifacts
[2026-08-06T03:28:37.320Z]   Error inserting cards batch: duplicate key value violates unique constraint "ref_build_cards_build_id_card_name_key"
[2026-08-06T03:28:37.320Z]   Created build vehicles: 0 cards
[2026-08-06T03:28:39.331Z]   Error inserting cards batch: duplicate key value violates unique constraint "ref_build_cards_build_id_card_name_key"
[2026-08-06T03:28:39.331Z]   Created build artifacts: 0 cards
[2026-08-06T03:28:39.331Z] [648/770] Jyoti, Moag Ancient
[2026-08-06T03:28:39.331Z]   Processing Jyoti, Moag Ancient (2556 decks)
[2026-08-06T03:28:39.522Z]   Found 1 themes: lands-matter
[2026-08-06T03:28:41.371Z]   Error inserting cards batch: duplicate key value violates unique constraint "ref_build_cards_build_id_card_name_key"
[2026-08-06T03:28:41.371Z]   Created build lands-matter: 0 cards
[2026-08-06T03:28:41.371Z] [649/770] Valduk, Keeper of the Flame
[2026-08-06T03:28:41.371Z]   Processing Valduk, Keeper of the Flame (2551 decks)
[2026-08-06T03:28:41.547Z]   Found 4 themes: equipment, voltron, aggro, tokens
[2026-08-06T03:28:43.420Z]   Error inserting cards batch: duplicate key value violates unique constraint "ref_build_cards_build_id_card_name_key"
[2026-08-06T03:28:43.420Z]   Created build equipment: 0 cards
[2026-08-06T03:28:45.319Z]   Error inserting cards batch: duplicate key value violates unique constraint "ref_build_cards_build_id_card_name_key"
[2026-08-06T03:28:45.319Z]   Created build voltron: 0 cards
[2026-08-06T03:28:47.179Z]   Error inserting cards batch: duplicate key value violates unique constraint "ref_build_cards_build_id_card_name_key"
[2026-08-06T03:28:47.179Z]   Created build aggro: 0 cards
[2026-08-06T03:28:49.095Z]   Error inserting cards batch: duplicate key value violates unique constraint "ref_build_cards_build_id_card_name_key"
[2026-08-06T03:28:49.095Z]   Created build tokens: 0 cards
[2026-08-06T03:28:49.095Z] [650/770] Tevesh Szat, Doom of Fools & Thrasios, Triton Hero
[2026-08-06T03:28:49.095Z]   Processing Tevesh Szat, Doom of Fools & Thrasios, Triton Hero (2549 decks)
[2026-08-06T03:28:49.308Z]   Found 4 themes: cedh, birthing-pod, combo, midrange
[2026-08-06T03:28:49.308Z]   Skipping ignored tag: cedh
[2026-08-06T03:28:51.181Z]   Error inserting cards batch: duplicate key value violates unique constraint "ref_build_cards_build_id_card_name_key"
[2026-08-06T03:28:51.181Z]   Created build birthing-pod: 0 cards
[2026-08-06T03:28:53.044Z]   Error inserting cards batch: duplicate key value violates unique constraint "ref_build_cards_build_id_card_name_key"
[2026-08-06T03:28:53.044Z]   Created build combo: 0 cards
[2026-08-06T03:28:53.044Z]   Skipping ignored tag: midrange
[2026-08-06T03:28:53.044Z] 
[2026-08-06T03:28:53.044Z] Progress: 643 processed, 2190 builds, 138500 cards
[2026-08-06T03:28:53.044Z] 
[2026-08-06T03:28:53.044Z] [651/770] Alisaie Leveilleur & Alphinaud Leveilleur
[2026-08-06T03:28:53.045Z]   Processing Alisaie Leveilleur & Alphinaud Leveilleur (2542 decks)
[2026-08-06T03:28:53.224Z]   Found 1 themes: spellslinger
[2026-08-06T03:28:55.128Z]   Error inserting cards batch: duplicate key value violates unique constraint "ref_build_cards_build_id_card_name_key"
[2026-08-06T03:28:55.128Z]   Created build spellslinger: 0 cards
[2026-08-06T03:28:55.128Z] [652/770] Sakashima of a Thousand Faces & Vial Smasher the Fierce
[2026-08-06T03:28:55.128Z]   Processing Sakashima of a Thousand Faces & Vial Smasher the Fierce (2530 decks)
[2026-08-06T03:28:55.299Z]   Found 2 themes: clones, burn
[2026-08-06T03:28:57.155Z]   Error inserting cards batch: duplicate key value violates unique constraint "ref_build_cards_build_id_card_name_key"
[2026-08-06T03:28:57.155Z]   Created build clones: 0 cards
[2026-08-06T03:28:58.982Z]   Error inserting cards batch: duplicate key value violates unique constraint "ref_build_cards_build_id_card_name_key"
[2026-08-06T03:28:58.982Z]   Created build burn: 0 cards
[2026-08-06T03:28:58.982Z] [653/770] Kroxa, Titan of Death's Hunger
[2026-08-06T03:28:58.982Z]   Processing Kroxa, Titan of Death's Hunger (2530 decks)
[2026-08-06T03:28:59.153Z]   Found 1 themes: discard
[2026-08-06T03:29:01.060Z]   Error inserting cards batch: duplicate key value violates unique constraint "ref_build_cards_build_id_card_name_key"
[2026-08-06T03:29:01.060Z]   Created build discard: 0 cards
[2026-08-06T03:29:01.060Z] [654/770] Aziza, Mage Tower Captain
[2026-08-06T03:29:01.060Z]   Processing Aziza, Mage Tower Captain (2524 decks)
[2026-08-06T03:29:01.234Z]   Found 2 themes: tokens, spellslinger
[2026-08-06T03:29:03.097Z]   Error inserting cards batch: duplicate key value violates unique constraint "ref_build_cards_build_id_card_name_key"
[2026-08-06T03:29:03.097Z]   Created build tokens: 0 cards
[2026-08-06T03:29:04.927Z]   Error inserting cards batch: duplicate key value violates unique constraint "ref_build_cards_build_id_card_name_key"
[2026-08-06T03:29:04.927Z]   Created build spellslinger: 0 cards
[2026-08-06T03:29:04.927Z] [655/770] Sivitri, Dragon Master
[2026-08-06T03:29:04.927Z]   Processing Sivitri, Dragon Master (2523 decks)
[2026-08-06T03:29:05.127Z]   Found 1 themes: dragons
[2026-08-06T03:29:07.084Z]   Error inserting cards batch: duplicate key value violates unique constraint "ref_build_cards_build_id_card_name_key"
[2026-08-06T03:29:07.084Z]   Created build dragons: 0 cards
[2026-08-06T03:29:07.084Z] [656/770] Soul of Windgrace
[2026-08-06T03:29:07.084Z]   Processing Soul of Windgrace (2507 decks)
[2026-08-06T03:29:07.290Z]   Found 3 themes: lands-matter, landfall, land-destruction
[2026-08-06T03:29:09.159Z]   Error inserting cards batch: duplicate key value violates unique constraint "ref_build_cards_build_id_card_name_key"
[2026-08-06T03:29:09.159Z]   Created build lands-matter: 0 cards
[2026-08-06T03:29:10.995Z]   Created build landfall: 100 cards
[2026-08-06T03:29:12.900Z]   Error inserting cards batch: duplicate key value violates unique constraint "ref_build_cards_build_id_card_name_key"
[2026-08-06T03:29:12.900Z]   Created build land-destruction: 0 cards
[2026-08-06T03:29:12.900Z] [657/770] Gor Muldrak, Amphinologist
[2026-08-06T03:29:12.900Z]   Processing Gor Muldrak, Amphinologist (2507 decks)
[2026-08-06T03:29:13.087Z]   Found 3 themes: tokens, group-hug, clones
[2026-08-06T03:29:14.991Z]   Error inserting cards batch: duplicate key value violates unique constraint "ref_build_cards_build_id_card_name_key"
[2026-08-06T03:29:14.991Z]   Created build tokens: 0 cards
[2026-08-06T03:29:16.821Z]   Error inserting cards batch: duplicate key value violates unique constraint "ref_build_cards_build_id_card_name_key"
[2026-08-06T03:29:16.821Z]   Created build group-hug: 0 cards
[2026-08-06T03:29:18.660Z]   Error inserting cards batch: duplicate key value violates unique constraint "ref_build_cards_build_id_card_name_key"
[2026-08-06T03:29:18.660Z]   Created build clones: 0 cards
[2026-08-06T03:29:18.660Z] [658/770] Fblthp, Lost on the Range
[2026-08-06T03:29:18.660Z]   Processing Fblthp, Lost on the Range (2506 decks)
[2026-08-06T03:29:18.847Z]   Found 3 themes: cheerios, artifacts, storm
[2026-08-06T03:29:20.723Z]   Error inserting cards batch: duplicate key value violates unique constraint "ref_build_cards_build_id_card_name_key"
[2026-08-06T03:29:20.723Z]   Created build cheerios: 0 cards
[2026-08-06T03:29:22.611Z]   Error inserting cards batch: duplicate key value violates unique constraint "ref_build_cards_build_id_card_name_key"
[2026-08-06T03:29:22.611Z]   Created build artifacts: 0 cards
[2026-08-06T03:29:24.502Z]   Error inserting cards batch: duplicate key value violates unique constraint "ref_build_cards_build_id_card_name_key"
[2026-08-06T03:29:24.502Z]   Created build storm: 0 cards
[2026-08-06T03:29:24.502Z] [659/770] Felisa, Fang of Silverquill
[2026-08-06T03:29:24.502Z]   Processing Felisa, Fang of Silverquill (2504 decks)
[2026-08-06T03:29:24.681Z]   Found 3 themes: plus-1-plus-1-counters, tokens, aristocrats
[2026-08-06T03:29:26.557Z]   Error inserting cards batch: duplicate key value violates unique constraint "ref_build_cards_build_id_card_name_key"
[2026-08-06T03:29:26.557Z]   Created build plus-1-plus-1-counters: 0 cards
[2026-08-06T03:29:28.424Z]   Error inserting cards batch: duplicate key value violates unique constraint "ref_build_cards_build_id_card_name_key"
[2026-08-06T03:29:28.425Z]   Created build tokens: 0 cards
[2026-08-06T03:29:30.308Z]   Error inserting cards batch: duplicate key value violates unique constraint "ref_build_cards_build_id_card_name_key"
[2026-08-06T03:29:30.308Z]   Created build aristocrats: 0 cards
[2026-08-06T03:29:30.308Z] [660/770] Kambal, Consul of Allocation
[2026-08-06T03:29:30.308Z]   Processing Kambal, Consul of Allocation (2500 decks)
[2026-08-06T03:29:30.471Z]   Found 1 themes: lifegain
[2026-08-06T03:29:32.355Z]   Error inserting cards batch: duplicate key value violates unique constraint "ref_build_cards_build_id_card_name_key"
[2026-08-06T03:29:32.355Z]   Created build lifegain: 0 cards
[2026-08-06T03:29:32.355Z] [661/770] Neyali, Suns' Vanguard
[2026-08-06T03:29:32.355Z]   Processing Neyali, Suns' Vanguard (2492 decks)
[2026-08-06T03:29:32.532Z]   Found 1 themes: tokens
[2026-08-06T03:29:34.360Z]   Error inserting cards batch: duplicate key value violates unique constraint "ref_build_cards_build_id_card_name_key"
[2026-08-06T03:29:34.360Z]   Created build tokens: 0 cards
[2026-08-06T03:29:34.360Z] [662/770] Aerith, Last Ancient
[2026-08-06T03:29:34.360Z]   Processing Aerith, Last Ancient (2489 decks)
[2026-08-06T03:29:34.527Z]   Found 3 themes: lifegain, reanimator, plus-1-plus-1-counters
[2026-08-06T03:29:36.435Z]   Created build lifegain: 100 cards
[2026-08-06T03:29:38.292Z]   Error inserting cards batch: duplicate key value violates unique constraint "ref_build_cards_build_id_card_name_key"
[2026-08-06T03:29:38.292Z]   Created build reanimator: 0 cards
[2026-08-06T03:29:40.166Z]   Error inserting cards batch: duplicate key value violates unique constraint "ref_build_cards_build_id_card_name_key"
[2026-08-06T03:29:40.166Z]   Created build plus-1-plus-1-counters: 0 cards
[2026-08-06T03:29:40.166Z] [663/770] Stangg, Echo Warrior
[2026-08-06T03:29:40.166Z]   Processing Stangg, Echo Warrior (2482 decks)
[2026-08-06T03:29:40.356Z]   Found 4 themes: auras, voltron, equipment, enchantress
[2026-08-06T03:29:42.278Z]   Error inserting cards batch: duplicate key value violates unique constraint "ref_build_cards_build_id_card_name_key"
[2026-08-06T03:29:42.278Z]   Created build auras: 0 cards
[2026-08-06T03:29:44.137Z]   Error inserting cards batch: duplicate key value violates unique constraint "ref_build_cards_build_id_card_name_key"
[2026-08-06T03:29:44.137Z]   Created build voltron: 0 cards
[2026-08-06T03:29:46.084Z]   Error inserting cards batch: duplicate key value violates unique constraint "ref_build_cards_build_id_card_name_key"
[2026-08-06T03:29:46.084Z]   Created build equipment: 0 cards
[2026-08-06T03:29:47.989Z]   Error inserting cards batch: duplicate key value violates unique constraint "ref_build_cards_build_id_card_name_key"
[2026-08-06T03:29:47.989Z]   Created build enchantress: 0 cards
[2026-08-06T03:29:47.989Z] [664/770] Redshift, Rocketeer Chief
[2026-08-06T03:29:47.989Z]   Processing Redshift, Rocketeer Chief (2482 decks)
[2026-08-06T03:29:48.183Z]   Found 1 themes: combo
[2026-08-06T03:29:50.032Z]   Created build combo: 100 cards
[2026-08-06T03:29:50.032Z] [665/770] Urza, Prince of Kroog
[2026-08-06T03:29:50.032Z]   Processing Urza, Prince of Kroog (2479 decks)
[2026-08-06T03:29:50.212Z]   Found 1 themes: artifacts
[2026-08-06T03:29:52.077Z]   Error inserting cards batch: duplicate key value violates unique constraint "ref_build_cards_build_id_card_name_key"
[2026-08-06T03:29:52.078Z]   Created build artifacts: 0 cards
[2026-08-06T03:29:52.078Z] [666/770] Neriv, Crackling Vanguard
[2026-08-06T03:29:52.078Z]   Processing Neriv, Crackling Vanguard (2474 decks)
[2026-08-06T03:29:52.269Z]   Found 1 themes: tokens
[2026-08-06T03:29:54.118Z]   Error inserting cards batch: duplicate key value violates unique constraint "ref_build_cards_build_id_card_name_key"
[2026-08-06T03:29:54.118Z]   Created build tokens: 0 cards
[2026-08-06T03:29:54.118Z] [667/770] Zirda, the Dawnwaker
[2026-08-06T03:29:54.118Z]   Processing Zirda, the Dawnwaker (2468 decks)
[2026-08-06T03:29:54.301Z]   Found 2 themes: combo, artifacts
[2026-08-06T03:29:56.143Z]   Error inserting cards batch: duplicate key value violates unique constraint "ref_build_cards_build_id_card_name_key"
[2026-08-06T03:29:56.143Z]   Created build combo: 0 cards
[2026-08-06T03:29:58.002Z]   Error inserting cards batch: duplicate key value violates unique constraint "ref_build_cards_build_id_card_name_key"
[2026-08-06T03:29:58.002Z]   Created build artifacts: 0 cards
[2026-08-06T03:29:58.002Z] [668/770] Thraximundar
[2026-08-06T03:29:58.002Z]   Processing Thraximundar (2468 decks)
[2026-08-06T03:29:58.173Z]   Found 3 themes: sacrifice, zombies, aristocrats
[2026-08-06T03:30:00.082Z]   Error inserting cards batch: duplicate key value violates unique constraint "ref_build_cards_build_id_card_name_key"
[2026-08-06T03:30:00.082Z]   Created build sacrifice: 0 cards
[2026-08-06T03:30:01.908Z]   Error inserting cards batch: duplicate key value violates unique constraint "ref_build_cards_build_id_card_name_key"
[2026-08-06T03:30:01.908Z]   Created build zombies: 0 cards
[2026-08-06T03:30:03.797Z]   Created build aristocrats: 100 cards
[2026-08-06T03:30:03.797Z] [669/770] Missy
[2026-08-06T03:30:03.797Z]   Processing Missy (2461 decks)
[2026-08-06T03:30:03.996Z]   Found 2 themes: morph, artifacts
[2026-08-06T03:30:05.852Z]   Created build morph: 100 cards
[2026-08-06T03:30:07.736Z]   Error inserting cards batch: duplicate key value violates unique constraint "ref_build_cards_build_id_card_name_key"
[2026-08-06T03:30:07.736Z]   Created build artifacts: 0 cards
[2026-08-06T03:30:07.736Z] [670/770] Alibou, Ancient Witness
[2026-08-06T03:30:07.736Z]   Processing Alibou, Ancient Witness (2457 decks)
[2026-08-06T03:30:07.920Z]   Found 1 themes: artifacts
[2026-08-06T03:30:09.768Z]   Error inserting cards batch: duplicate key value violates unique constraint "ref_build_cards_build_id_card_name_key"
[2026-08-06T03:30:09.768Z]   Created build artifacts: 0 cards
[2026-08-06T03:30:09.768Z] [671/770] Toski, Bearer of Secrets
[2026-08-06T03:30:09.768Z]   Processing Toski, Bearer of Secrets (2445 decks)
[2026-08-06T03:30:09.952Z]   No themes found for Toski, Bearer of Secrets
[2026-08-06T03:30:09.952Z] [672/770] Greensleeves, Maro-Sorcerer
[2026-08-06T03:30:09.952Z]   Processing Greensleeves, Maro-Sorcerer (2444 decks)
[2026-08-06T03:30:10.146Z]   Found 4 themes: lands-matter, tokens, landfall, ramp
[2026-08-06T03:30:11.989Z]   Created build lands-matter: 100 cards
[2026-08-06T03:30:13.836Z]   Created build tokens: 100 cards
[2026-08-06T03:30:15.796Z]   Created build landfall: 100 cards
[2026-08-06T03:30:17.739Z]   Error inserting cards batch: duplicate key value violates unique constraint "ref_build_cards_build_id_card_name_key"
[2026-08-06T03:30:17.739Z]   Created build ramp: 0 cards
[2026-08-06T03:30:17.739Z] [673/770] Glissa Sunslayer
[2026-08-06T03:30:17.739Z]   Processing Glissa Sunslayer (2444 decks)
[2026-08-06T03:30:17.930Z]   No themes found for Glissa Sunslayer
[2026-08-06T03:30:17.930Z] [674/770] Balthier and Fran
[2026-08-06T03:30:17.930Z]   Processing Balthier and Fran (2441 decks)
[2026-08-06T03:30:18.131Z]   Found 2 themes: vehicles, extra-combats
[2026-08-06T03:30:20.052Z]   Error inserting cards batch: duplicate key value violates unique constraint "ref_build_cards_build_id_card_name_key"
[2026-08-06T03:30:20.053Z]   Created build vehicles: 0 cards
[2026-08-06T03:30:22.010Z]   Error inserting cards batch: duplicate key value violates unique constraint "ref_build_cards_build_id_card_name_key"
[2026-08-06T03:30:22.010Z]   Created build extra-combats: 0 cards
[2026-08-06T03:30:22.010Z] [675/770] Radha, Heir to Keld
[2026-08-06T03:30:22.010Z]   Processing Radha, Heir to Keld (2441 decks)
[2026-08-06T03:30:22.198Z]   Found 3 themes: ramp, chaos, cascade
[2026-08-06T03:30:23.946Z]   Error inserting cards batch: duplicate key value violates unique constraint "ref_build_cards_build_id_card_name_key"
[2026-08-06T03:30:23.947Z]   Created build ramp: 0 cards
[2026-08-06T03:30:25.609Z]   Error inserting cards batch: duplicate key value violates unique constraint "ref_build_cards_build_id_card_name_key"
[2026-08-06T03:30:25.609Z]   Created build chaos: 0 cards
[2026-08-06T03:30:27.312Z]   Error inserting cards batch: duplicate key value violates unique constraint "ref_build_cards_build_id_card_name_key"
[2026-08-06T03:30:27.312Z]   Created build cascade: 0 cards
[2026-08-06T03:30:27.312Z] [676/770] Cecily, Haunted Mage & Othelm, Sigardian Outcast
[2026-08-06T03:30:27.312Z]   Processing Cecily, Haunted Mage & Othelm, Sigardian Outcast (2435 decks)
[2026-08-06T03:30:27.492Z]   No themes found for Cecily, Haunted Mage & Othelm, Sigardian Outcast
[2026-08-06T03:30:27.492Z] [677/770] Gorion, Wise Mentor
[2026-08-06T03:30:27.493Z]   Processing Gorion, Wise Mentor (2432 decks)
[2026-08-06T03:30:27.700Z]   Found 1 themes: adventures
[2026-08-06T03:30:27.700Z]   Skipping ignored tag: adventures
[2026-08-06T03:30:27.700Z] [678/770] Rograkh, Son of Rohgahh & Yoshimaru, Ever Faithful
[2026-08-06T03:30:27.701Z]   Processing Rograkh, Son of Rohgahh & Yoshimaru, Ever Faithful (2430 decks)
[2026-08-06T03:30:27.863Z]   Found 4 themes: historic, legends, equipment, aggro
[2026-08-06T03:30:29.677Z]   Error inserting cards batch: duplicate key value violates unique constraint "ref_build_cards_build_id_card_name_key"
[2026-08-06T03:30:29.678Z]   Created build historic: 0 cards
[2026-08-06T03:30:31.617Z]   Error inserting cards batch: duplicate key value violates unique constraint "ref_build_cards_build_id_card_name_key"
[2026-08-06T03:30:31.617Z]   Created build legends: 0 cards
[2026-08-06T03:30:33.485Z]   Error inserting cards batch: duplicate key value violates unique constraint "ref_build_cards_build_id_card_name_key"
[2026-08-06T03:30:33.485Z]   Created build equipment: 0 cards
[2026-08-06T03:30:35.310Z]   Error inserting cards batch: duplicate key value violates unique constraint "ref_build_cards_build_id_card_name_key"
[2026-08-06T03:30:35.310Z]   Created build aggro: 0 cards
[2026-08-06T03:30:35.310Z] [679/770] Dyadrine, Synthesis Amalgam
[2026-08-06T03:30:35.310Z]   Processing Dyadrine, Synthesis Amalgam (2429 decks)
[2026-08-06T03:30:35.491Z]   Found 2 themes: plus-1-plus-1-counters, tokens
[2026-08-06T03:30:37.394Z]   Error inserting cards batch: duplicate key value violates unique constraint "ref_build_cards_build_id_card_name_key"
[2026-08-06T03:30:37.394Z]   Created build plus-1-plus-1-counters: 0 cards
[2026-08-06T03:30:39.296Z]   Error inserting cards batch: duplicate key value violates unique constraint "ref_build_cards_build_id_card_name_key"
[2026-08-06T03:30:39.296Z]   Created build tokens: 0 cards
[2026-08-06T03:30:39.296Z] [680/770] Ephara, God of the Polis
[2026-08-06T03:30:39.296Z]   Processing Ephara, God of the Polis (2428 decks)
[2026-08-06T03:30:39.479Z]   Found 2 themes: blink, control
[2026-08-06T03:30:41.304Z]   Error inserting cards batch: duplicate key value violates unique constraint "ref_build_cards_build_id_card_name_key"
[2026-08-06T03:30:41.304Z]   Created build blink: 0 cards
[2026-08-06T03:30:43.187Z]   Error inserting cards batch: duplicate key value violates unique constraint "ref_build_cards_build_id_card_name_key"
[2026-08-06T03:30:43.187Z]   Created build control: 0 cards
[2026-08-06T03:30:43.187Z] [681/770] Bane, Lord of Darkness
[2026-08-06T03:30:43.187Z]   Processing Bane, Lord of Darkness (2426 decks)
[2026-08-06T03:30:43.371Z]   Found 1 themes: aristocrats
[2026-08-06T03:30:45.248Z]   Error inserting cards batch: duplicate key value violates unique constraint "ref_build_cards_build_id_card_name_key"
[2026-08-06T03:30:45.248Z]   Created build aristocrats: 0 cards
[2026-08-06T03:30:45.248Z] [682/770] Tor Wauki the Younger
[2026-08-06T03:30:45.248Z]   Processing Tor Wauki the Younger (2425 decks)
[2026-08-06T03:30:45.437Z]   Found 2 themes: burn, spellslinger
[2026-08-06T03:30:47.294Z]   Error inserting cards batch: duplicate key value violates unique constraint "ref_build_cards_build_id_card_name_key"
[2026-08-06T03:30:47.294Z]   Created build burn: 0 cards
[2026-08-06T03:30:49.151Z]   Created build spellslinger: 100 cards
[2026-08-06T03:30:49.151Z] [683/770] Mr. Orfeo, the Boulder
[2026-08-06T03:30:49.151Z]   Processing Mr. Orfeo, the Boulder (2425 decks)
[2026-08-06T03:30:49.353Z]   Found 1 themes: aggro
[2026-08-06T03:30:51.279Z]   Error inserting cards batch: duplicate key value violates unique constraint "ref_build_cards_build_id_card_name_key"
[2026-08-06T03:30:51.279Z]   Created build aggro: 0 cards
[2026-08-06T03:30:51.279Z] [684/770] Trazyn the Infinite
[2026-08-06T03:30:51.279Z]   Processing Trazyn the Infinite (2419 decks)
[2026-08-06T03:30:51.461Z]   Found 2 themes: artifacts, combo
[2026-08-06T03:30:53.340Z]   Error inserting cards batch: duplicate key value violates unique constraint "ref_build_cards_build_id_card_name_key"
[2026-08-06T03:30:53.340Z]   Created build artifacts: 0 cards
[2026-08-06T03:30:54.643Z]   Created build combo: 100 cards
[2026-08-06T03:30:54.643Z] [685/770] The Goose Mother
[2026-08-06T03:30:54.643Z]   Processing The Goose Mother (2418 decks)
[2026-08-06T03:30:54.825Z]   Found 2 themes: plus-1-plus-1-counters, tokens
[2026-08-06T03:30:56.713Z]   Error inserting cards batch: duplicate key value violates unique constraint "ref_build_cards_build_id_card_name_key"
[2026-08-06T03:30:56.713Z]   Created build plus-1-plus-1-counters: 0 cards
[2026-08-06T03:30:58.603Z]   Created build tokens: 100 cards
[2026-08-06T03:30:58.603Z] [686/770] Ashnod, Flesh Mechanist
[2026-08-06T03:30:58.603Z]   Processing Ashnod, Flesh Mechanist (2415 decks)
[2026-08-06T03:30:58.783Z]   Found 2 themes: artifacts, aristocrats
[2026-08-06T03:31:00.711Z]   Created build artifacts: 100 cards
[2026-08-06T03:31:02.625Z]   Error inserting cards batch: duplicate key value violates unique constraint "ref_build_cards_build_id_card_name_key"
[2026-08-06T03:31:02.625Z]   Created build aristocrats: 0 cards
[2026-08-06T03:31:02.625Z] [687/770] Malcolm, Keen-Eyed Navigator & Tymna the Weaver
[2026-08-06T03:31:02.625Z]   Processing Malcolm, Keen-Eyed Navigator & Tymna the Weaver (2411 decks)
[2026-08-06T03:31:02.798Z]   Found 3 themes: cedh, combo, midrange
[2026-08-06T03:31:02.798Z]   Skipping ignored tag: cedh
[2026-08-06T03:31:04.626Z]   Created build combo: 100 cards
[2026-08-06T03:31:04.626Z]   Skipping ignored tag: midrange
[2026-08-06T03:31:04.626Z] [688/770] Shanid, Sleepers' Scourge
[2026-08-06T03:31:04.626Z]   Processing Shanid, Sleepers' Scourge (2404 decks)
[2026-08-06T03:31:04.804Z]   Found 2 themes: legends, historic
[2026-08-06T03:31:06.774Z]   Error inserting cards batch: duplicate key value violates unique constraint "ref_build_cards_build_id_card_name_key"
[2026-08-06T03:31:06.774Z]   Created build legends: 0 cards
[2026-08-06T03:31:08.695Z]   Created build historic: 100 cards
[2026-08-06T03:31:08.695Z] [689/770] Melek, Reforged Researcher
[2026-08-06T03:31:08.695Z]   Processing Melek, Reforged Researcher (2402 decks)
[2026-08-06T03:31:08.871Z]   Found 1 themes: spellslinger
[2026-08-06T03:31:10.779Z]   Error inserting cards batch: duplicate key value violates unique constraint "ref_build_cards_build_id_card_name_key"
[2026-08-06T03:31:10.779Z]   Created build spellslinger: 0 cards
[2026-08-06T03:31:10.779Z] [690/770] Tekuthal, Inquiry Dominus
[2026-08-06T03:31:10.779Z]   Processing Tekuthal, Inquiry Dominus (2402 decks)
[2026-08-06T03:31:10.954Z]   Found 3 themes: planeswalkers, infect, proliferate
[2026-08-06T03:31:12.874Z]   Error inserting cards batch: duplicate key value violates unique constraint "ref_build_cards_build_id_card_name_key"
[2026-08-06T03:31:12.874Z]   Created build planeswalkers: 0 cards
[2026-08-06T03:31:14.741Z]   Error inserting cards batch: duplicate key value violates unique constraint "ref_build_cards_build_id_card_name_key"
[2026-08-06T03:31:14.741Z]   Created build infect: 0 cards
[2026-08-06T03:31:16.627Z]   Error inserting cards batch: duplicate key value violates unique constraint "ref_build_cards_build_id_card_name_key"
[2026-08-06T03:31:16.627Z]   Created build proliferate: 0 cards
[2026-08-06T03:31:16.627Z] [691/770] Karazikar, the Eye Tyrant
[2026-08-06T03:31:16.627Z]   Processing Karazikar, the Eye Tyrant (2397 decks)
[2026-08-06T03:31:16.810Z]   Found 1 themes: forced-combat
[2026-08-06T03:31:18.658Z]   Error inserting cards batch: duplicate key value violates unique constraint "ref_build_cards_build_id_card_name_key"
[2026-08-06T03:31:18.658Z]   Created build forced-combat: 0 cards
[2026-08-06T03:31:18.658Z] [692/770] Klauth, Unrivaled Ancient
[2026-08-06T03:31:18.658Z]   Processing Klauth, Unrivaled Ancient (2389 decks)
[2026-08-06T03:31:18.845Z]   Found 2 themes: dragons, extra-combats
[2026-08-06T03:31:20.700Z]   Error inserting cards batch: duplicate key value violates unique constraint "ref_build_cards_build_id_card_name_key"
[2026-08-06T03:31:20.700Z]   Created build dragons: 0 cards
[2026-08-06T03:31:22.564Z]   Error inserting cards batch: duplicate key value violates unique constraint "ref_build_cards_build_id_card_name_key"
[2026-08-06T03:31:22.564Z]   Created build extra-combats: 0 cards
[2026-08-06T03:31:22.564Z] [693/770] Shanna, Purifying Blade
[2026-08-06T03:31:22.564Z]   Processing Shanna, Purifying Blade (2369 decks)
[2026-08-06T03:31:22.736Z]   Found 1 themes: lifegain
[2026-08-06T03:31:24.714Z]   Error inserting cards batch: duplicate key value violates unique constraint "ref_build_cards_build_id_card_name_key"
[2026-08-06T03:31:24.714Z]   Created build lifegain: 0 cards
[2026-08-06T03:31:24.714Z] [694/770] Acererak the Archlich
[2026-08-06T03:31:24.714Z]   Processing Acererak the Archlich (2367 decks)
[2026-08-06T03:31:24.901Z]   Found 2 themes: dungeon, combo
[2026-08-06T03:31:26.784Z]   Error inserting cards batch: duplicate key value violates unique constraint "ref_build_cards_build_id_card_name_key"
[2026-08-06T03:31:26.784Z]   Created build dungeon: 0 cards
[2026-08-06T03:31:28.621Z]   Error inserting cards batch: duplicate key value violates unique constraint "ref_build_cards_build_id_card_name_key"
[2026-08-06T03:31:28.621Z]   Created build combo: 0 cards
[2026-08-06T03:31:28.621Z] [695/770] Galadriel, Elven-Queen
[2026-08-06T03:31:28.621Z]   Processing Galadriel, Elven-Queen (2363 decks)
[2026-08-06T03:31:28.795Z]   Found 2 themes: elves, topdeck
[2026-08-06T03:31:30.419Z]   Error inserting cards batch: duplicate key value violates unique constraint "ref_build_cards_build_id_card_name_key"
[2026-08-06T03:31:30.419Z]   Created build elves: 0 cards
[2026-08-06T03:31:32.027Z]   Error inserting cards batch: duplicate key value violates unique constraint "ref_build_cards_build_id_card_name_key"
[2026-08-06T03:31:32.027Z]   Created build topdeck: 0 cards
[2026-08-06T03:31:32.027Z] [696/770] Sephara, Sky's Blade
[2026-08-06T03:31:32.027Z]   Processing Sephara, Sky's Blade (2362 decks)
[2026-08-06T03:31:32.203Z]   Found 2 themes: flying, angels
[2026-08-06T03:31:32.204Z]   Skipping ignored tag: flying
[2026-08-06T03:31:34.018Z]   Error inserting cards batch: duplicate key value violates unique constraint "ref_build_cards_build_id_card_name_key"
[2026-08-06T03:31:34.018Z]   Created build angels: 0 cards
[2026-08-06T03:31:34.018Z] [697/770] Fumulus, the Infestation
[2026-08-06T03:31:34.018Z]   Processing Fumulus, the Infestation (2357 decks)
[2026-08-06T03:31:34.183Z]   Found 2 themes: aristocrats, sacrifice
[2026-08-06T03:31:35.987Z]   Error inserting cards batch: duplicate key value violates unique constraint "ref_build_cards_build_id_card_name_key"
[2026-08-06T03:31:35.987Z]   Created build aristocrats: 0 cards
[2026-08-06T03:31:37.885Z]   Error inserting cards batch: duplicate key value violates unique constraint "ref_build_cards_build_id_card_name_key"
[2026-08-06T03:31:37.885Z]   Created build sacrifice: 0 cards
[2026-08-06T03:31:37.885Z] [698/770] Kethis, the Hidden Hand
[2026-08-06T03:31:37.885Z]   Processing Kethis, the Hidden Hand (2352 decks)
[2026-08-06T03:31:38.061Z]   Found 2 themes: legends, historic
[2026-08-06T03:31:39.917Z]   Error inserting cards batch: duplicate key value violates unique constraint "ref_build_cards_build_id_card_name_key"
[2026-08-06T03:31:39.917Z]   Created build legends: 0 cards
[2026-08-06T03:31:41.933Z]   Error inserting cards batch: duplicate key value violates unique constraint "ref_build_cards_build_id_card_name_key"
[2026-08-06T03:31:41.933Z]   Created build historic: 0 cards
[2026-08-06T03:31:41.933Z] [699/770] Elrond, Master of Healing
[2026-08-06T03:31:41.933Z]   Processing Elrond, Master of Healing (2351 decks)
[2026-08-06T03:31:42.119Z]   Found 4 themes: topdeck, elves, plus-1-plus-1-counters, scry
[2026-08-06T03:31:43.990Z]   Error inserting cards batch: duplicate key value violates unique constraint "ref_build_cards_build_id_card_name_key"
[2026-08-06T03:31:43.990Z]   Created build topdeck: 0 cards
[2026-08-06T03:31:45.923Z]   Error inserting cards batch: duplicate key value violates unique constraint "ref_build_cards_build_id_card_name_key"
[2026-08-06T03:31:45.923Z]   Created build elves: 0 cards
[2026-08-06T03:31:47.813Z]   Error inserting cards batch: duplicate key value violates unique constraint "ref_build_cards_build_id_card_name_key"
[2026-08-06T03:31:47.813Z]   Created build plus-1-plus-1-counters: 0 cards
[2026-08-06T03:31:47.813Z]   Skipping ignored tag: scry
[2026-08-06T03:31:47.813Z] [700/770] Abomination of Llanowar
[2026-08-06T03:31:47.813Z]   Processing Abomination of Llanowar (2344 decks)
[2026-08-06T03:31:47.984Z]   Found 1 themes: elves
[2026-08-06T03:31:49.828Z]   Error inserting cards batch: duplicate key value violates unique constraint "ref_build_cards_build_id_card_name_key"
[2026-08-06T03:31:49.828Z]   Created build elves: 0 cards
[2026-08-06T03:31:49.828Z] 
[2026-08-06T03:31:49.828Z] Progress: 690 processed, 2280 builds, 139900 cards
[2026-08-06T03:31:49.828Z] 
[2026-08-06T03:31:49.828Z] [701/770] Sethron, Hurloon General
[2026-08-06T03:31:49.828Z]   Processing Sethron, Hurloon General (2342 decks)
[2026-08-06T03:31:50.019Z]   Found 2 themes: minotaurs, aggro
[2026-08-06T03:31:50.019Z]   Skipping ignored tag: minotaurs
[2026-08-06T03:31:51.909Z]   Created build aggro: 100 cards
[2026-08-06T03:31:51.909Z] [702/770] Sliver Gravemother
[2026-08-06T03:31:51.909Z]   Processing Sliver Gravemother (2341 decks)
[2026-08-06T03:31:52.086Z]   Found 1 themes: slivers
[2026-08-06T03:31:53.792Z]   Error inserting cards batch: duplicate key value violates unique constraint "ref_build_cards_build_id_card_name_key"
[2026-08-06T03:31:53.792Z]   Created build slivers: 0 cards
[2026-08-06T03:31:53.792Z] [703/770] Vraska, the Silencer
[2026-08-06T03:31:53.792Z]   Processing Vraska, the Silencer (2338 decks)
[2026-08-06T03:31:53.963Z]   Found 1 themes: deathtouch
[2026-08-06T03:31:53.963Z]   Skipping ignored tag: deathtouch
[2026-08-06T03:31:53.963Z] [704/770] Tadeas, Juniper Ascendant
[2026-08-06T03:31:53.963Z]   Processing Tadeas, Juniper Ascendant (2327 decks)
[2026-08-06T03:31:54.137Z]   Found 2 themes: toughness-matters, reach
[2026-08-06T03:31:56.071Z]   Error inserting cards batch: duplicate key value violates unique constraint "ref_build_cards_build_id_card_name_key"
[2026-08-06T03:31:56.071Z]   Created build toughness-matters: 0 cards
[2026-08-06T03:31:56.071Z]   Skipping ignored tag: reach
[2026-08-06T03:31:56.071Z] [705/770] Commissar Severina Raine
[2026-08-06T03:31:56.071Z]   Processing Commissar Severina Raine (2324 decks)
[2026-08-06T03:31:56.256Z]   Found 1 themes: tokens
[2026-08-06T03:31:58.129Z]   Error inserting cards batch: duplicate key value violates unique constraint "ref_build_cards_build_id_card_name_key"
[2026-08-06T03:31:58.129Z]   Created build tokens: 0 cards
[2026-08-06T03:31:58.129Z] [706/770] Rashmi, Eternities Crafter
[2026-08-06T03:31:58.129Z]   Processing Rashmi, Eternities Crafter (2322 decks)
[2026-08-06T03:31:58.334Z]   Found 1 themes: control
[2026-08-06T03:32:00.135Z]   Error inserting cards batch: duplicate key value violates unique constraint "ref_build_cards_build_id_card_name_key"
[2026-08-06T03:32:00.135Z]   Created build control: 0 cards
[2026-08-06T03:32:00.135Z] [707/770] Pearl-Ear, Imperial Advisor
[2026-08-06T03:32:00.135Z]   Processing Pearl-Ear, Imperial Advisor (2320 decks)
[2026-08-06T03:32:00.317Z]   Found 3 themes: auras, enchantress, voltron
[2026-08-06T03:32:02.058Z]   Error inserting cards batch: duplicate key value violates unique constraint "ref_build_cards_build_id_card_name_key"
[2026-08-06T03:32:02.058Z]   Created build auras: 0 cards
[2026-08-06T03:32:03.766Z]   Error inserting cards batch: duplicate key value violates unique constraint "ref_build_cards_build_id_card_name_key"
[2026-08-06T03:32:03.766Z]   Created build enchantress: 0 cards
[2026-08-06T03:32:05.626Z]   Error inserting cards batch: duplicate key value violates unique constraint "ref_build_cards_build_id_card_name_key"
[2026-08-06T03:32:05.626Z]   Created build voltron: 0 cards
[2026-08-06T03:32:05.626Z] [708/770] Yisan, the Wanderer Bard
[2026-08-06T03:32:05.626Z]   Processing Yisan, the Wanderer Bard (2316 decks)
[2026-08-06T03:32:05.803Z]   Found 2 themes: toolbox, combo
[2026-08-06T03:32:07.525Z]   Created build toolbox: 100 cards
[2026-08-06T03:32:09.199Z]   Error inserting cards batch: duplicate key value violates unique constraint "ref_build_cards_build_id_card_name_key"
[2026-08-06T03:32:09.199Z]   Created build combo: 0 cards
[2026-08-06T03:32:09.199Z] [709/770] Etali, Primal Storm
[2026-08-06T03:32:09.199Z]   Processing Etali, Primal Storm (2315 decks)
[2026-08-06T03:32:09.382Z]   Found 1 themes: extra-combats
[2026-08-06T03:32:11.320Z]   Error inserting cards batch: duplicate key value violates unique constraint "ref_build_cards_build_id_card_name_key"
[2026-08-06T03:32:11.321Z]   Created build extra-combats: 0 cards
[2026-08-06T03:32:11.321Z] [710/770] The Rani
[2026-08-06T03:32:11.321Z]   Processing The Rani (2314 decks)
[2026-08-06T03:32:11.522Z]   Found 1 themes: forced-combat
[2026-08-06T03:32:13.364Z]   Error inserting cards batch: duplicate key value violates unique constraint "ref_build_cards_build_id_card_name_key"
[2026-08-06T03:32:13.364Z]   Created build forced-combat: 0 cards
[2026-08-06T03:32:13.364Z] [711/770] Muxus, Goblin Grandee
[2026-08-06T03:32:13.364Z]   Processing Muxus, Goblin Grandee (2312 decks)
[2026-08-06T03:32:13.537Z]   Found 2 themes: goblins, aggro
[2026-08-06T03:32:15.494Z]   Error inserting cards batch: duplicate key value violates unique constraint "ref_build_cards_build_id_card_name_key"
[2026-08-06T03:32:15.494Z]   Created build goblins: 0 cards
[2026-08-06T03:32:17.403Z]   Error inserting cards batch: duplicate key value violates unique constraint "ref_build_cards_build_id_card_name_key"
[2026-08-06T03:32:17.403Z]   Created build aggro: 0 cards
[2026-08-06T03:32:17.403Z] [712/770] Phylath, World Sculptor
[2026-08-06T03:32:17.403Z]   Processing Phylath, World Sculptor (2309 decks)
[2026-08-06T03:32:17.601Z]   Found 3 themes: lands-matter, landfall, plus-1-plus-1-counters
[2026-08-06T03:32:19.456Z]   Error inserting cards batch: duplicate key value violates unique constraint "ref_build_cards_build_id_card_name_key"
[2026-08-06T03:32:19.456Z]   Created build lands-matter: 0 cards
[2026-08-06T03:32:21.325Z]   Error inserting cards batch: duplicate key value violates unique constraint "ref_build_cards_build_id_card_name_key"
[2026-08-06T03:32:21.326Z]   Created build landfall: 0 cards
[2026-08-06T03:32:23.190Z]   Error inserting cards batch: duplicate key value violates unique constraint "ref_build_cards_build_id_card_name_key"
[2026-08-06T03:32:23.190Z]   Created build plus-1-plus-1-counters: 0 cards
[2026-08-06T03:32:23.190Z] [713/770] Mazzy, Truesword Paladin
[2026-08-06T03:32:23.190Z]   Processing Mazzy, Truesword Paladin (2306 decks)
[2026-08-06T03:32:23.385Z]   Found 2 themes: auras, enchantress
[2026-08-06T03:32:25.246Z]   Error inserting cards batch: duplicate key value violates unique constraint "ref_build_cards_build_id_card_name_key"
[2026-08-06T03:32:25.246Z]   Created build auras: 0 cards
[2026-08-06T03:32:26.972Z]   Error inserting cards batch: duplicate key value violates unique constraint "ref_build_cards_build_id_card_name_key"
[2026-08-06T03:32:26.973Z]   Created build enchantress: 0 cards
[2026-08-06T03:32:26.973Z] [714/770] Fangorn, Tree Shepherd
[2026-08-06T03:32:26.973Z]   Processing Fangorn, Tree Shepherd (2297 decks)
[2026-08-06T03:32:27.169Z]   Found 1 themes: treefolk
[2026-08-06T03:32:28.962Z]   Error inserting cards batch: duplicate key value violates unique constraint "ref_build_cards_build_id_card_name_key"
[2026-08-06T03:32:28.962Z]   Created build treefolk: 0 cards
[2026-08-06T03:32:28.962Z] [715/770] Y'shtola Rhul
[2026-08-06T03:32:28.962Z]   Processing Y'shtola Rhul (2294 decks)
[2026-08-06T03:32:29.140Z]   Found 1 themes: blink
[2026-08-06T03:32:31.043Z]   Error inserting cards batch: duplicate key value violates unique constraint "ref_build_cards_build_id_card_name_key"
[2026-08-06T03:32:31.043Z]   Created build blink: 0 cards
[2026-08-06T03:32:31.043Z] [716/770] Basim Ibn Ishaq
[2026-08-06T03:32:31.043Z]   Processing Basim Ibn Ishaq (2293 decks)
[2026-08-06T03:32:31.230Z]   Found 4 themes: equipment, historic, artifacts, voltron
[2026-08-06T03:32:33.156Z]   Error inserting cards batch: duplicate key value violates unique constraint "ref_build_cards_build_id_card_name_key"
[2026-08-06T03:32:33.156Z]   Created build equipment: 0 cards
[2026-08-06T03:32:34.973Z]   Error inserting cards batch: duplicate key value violates unique constraint "ref_build_cards_build_id_card_name_key"
[2026-08-06T03:32:34.973Z]   Created build historic: 0 cards
[2026-08-06T03:32:36.855Z]   Error inserting cards batch: duplicate key value violates unique constraint "ref_build_cards_build_id_card_name_key"
[2026-08-06T03:32:36.855Z]   Created build artifacts: 0 cards
[2026-08-06T03:32:38.743Z]   Error inserting cards batch: duplicate key value violates unique constraint "ref_build_cards_build_id_card_name_key"
[2026-08-06T03:32:38.743Z]   Created build voltron: 0 cards
[2026-08-06T03:32:38.743Z] [717/770] Queen Kayla bin-Kroog
[2026-08-06T03:32:38.743Z]   Processing Queen Kayla bin-Kroog (2284 decks)
[2026-08-06T03:32:38.919Z]   Found 2 themes: artifacts, discard
[2026-08-06T03:32:40.786Z]   Error inserting cards batch: duplicate key value violates unique constraint "ref_build_cards_build_id_card_name_key"
[2026-08-06T03:32:40.786Z]   Created build artifacts: 0 cards
[2026-08-06T03:32:42.646Z]   Created build discard: 100 cards
[2026-08-06T03:32:42.646Z] [718/770] Niv-Mizzet, Supreme
[2026-08-06T03:32:42.646Z]   Processing Niv-Mizzet, Supreme (2275 decks)
[2026-08-06T03:32:42.833Z]   Found 1 themes: spellslinger
[2026-08-06T03:32:44.770Z]   Error inserting cards batch: duplicate key value violates unique constraint "ref_build_cards_build_id_card_name_key"
[2026-08-06T03:32:44.770Z]   Created build spellslinger: 0 cards
[2026-08-06T03:32:44.770Z] [719/770] Uro, Titan of Nature's Wrath
[2026-08-06T03:32:44.770Z]   Processing Uro, Titan of Nature's Wrath (2273 decks)
[2026-08-06T03:32:44.947Z]   Found 2 themes: lands-matter, ramp
[2026-08-06T03:32:46.796Z]   Error inserting cards batch: duplicate key value violates unique constraint "ref_build_cards_build_id_card_name_key"
[2026-08-06T03:32:46.796Z]   Created build lands-matter: 0 cards
[2026-08-06T03:32:48.688Z]   Error inserting cards batch: duplicate key value violates unique constraint "ref_build_cards_build_id_card_name_key"
[2026-08-06T03:32:48.688Z]   Created build ramp: 0 cards
[2026-08-06T03:32:48.688Z] [720/770] Syrix, Carrier of the Flame
[2026-08-06T03:32:48.688Z]   Processing Syrix, Carrier of the Flame (2273 decks)
[2026-08-06T03:32:48.877Z]   Found 3 themes: phoenixes, graveyard, reanimator
[2026-08-06T03:32:50.734Z]   Error inserting cards batch: duplicate key value violates unique constraint "ref_build_cards_build_id_card_name_key"
[2026-08-06T03:32:50.734Z]   Created build phoenixes: 0 cards
[2026-08-06T03:32:52.582Z]   Created build graveyard: 100 cards
[2026-08-06T03:32:54.468Z]   Error inserting cards batch: duplicate key value violates unique constraint "ref_build_cards_build_id_card_name_key"
[2026-08-06T03:32:54.468Z]   Created build reanimator: 0 cards
[2026-08-06T03:32:54.468Z] [721/770] Athreos, Shroud-Veiled
[2026-08-06T03:32:54.468Z]   Processing Athreos, Shroud-Veiled (2272 decks)
[2026-08-06T03:32:54.650Z]   No themes found for Athreos, Shroud-Veiled
[2026-08-06T03:32:54.651Z] [722/770] Kirri, Talented Sprout
[2026-08-06T03:32:54.651Z]   Processing Kirri, Talented Sprout (2264 decks)
[2026-08-06T03:32:54.883Z]   Found 2 themes: lands-matter, plants
[2026-08-06T03:32:56.778Z]   Error inserting cards batch: duplicate key value violates unique constraint "ref_build_cards_build_id_card_name_key"
[2026-08-06T03:32:56.778Z]   Created build lands-matter: 0 cards
[2026-08-06T03:32:56.778Z]   Skipping ignored tag: plants
[2026-08-06T03:32:56.778Z] [723/770] Gylwain, Casting Director
[2026-08-06T03:32:56.778Z]   Processing Gylwain, Casting Director (2263 decks)
[2026-08-06T03:32:56.954Z]   Found 2 themes: auras, enchantress
[2026-08-06T03:32:58.885Z]   Created build auras: 100 cards
[2026-08-06T03:33:00.791Z]   Error inserting cards batch: duplicate key value violates unique constraint "ref_build_cards_build_id_card_name_key"
[2026-08-06T03:33:00.791Z]   Created build enchantress: 0 cards
[2026-08-06T03:33:00.791Z] [724/770] Dark Leo & Shredder
[2026-08-06T03:33:00.791Z]   Processing Dark Leo & Shredder (2260 decks)
[2026-08-06T03:33:00.964Z]   No themes found for Dark Leo & Shredder
[2026-08-06T03:33:00.964Z] [725/770] Oswald Fiddlebender
[2026-08-06T03:33:00.964Z]   Processing Oswald Fiddlebender (2255 decks)
[2026-08-06T03:33:01.204Z]   Found 3 themes: artifacts, combo, stax
[2026-08-06T03:33:03.118Z]   Error inserting cards batch: duplicate key value violates unique constraint "ref_build_cards_build_id_card_name_key"
[2026-08-06T03:33:03.118Z]   Created build artifacts: 0 cards
[2026-08-06T03:33:04.910Z]   Error inserting cards batch: duplicate key value violates unique constraint "ref_build_cards_build_id_card_name_key"
[2026-08-06T03:33:04.910Z]   Created build combo: 0 cards
[2026-08-06T03:33:06.787Z]   Error inserting cards batch: duplicate key value violates unique constraint "ref_build_cards_build_id_card_name_key"
[2026-08-06T03:33:06.787Z]   Created build stax: 0 cards
[2026-08-06T03:33:06.787Z] [726/770] Thanos, the Mad Titan
[2026-08-06T03:33:06.787Z]   Processing Thanos, the Mad Titan (2254 decks)
[2026-08-06T03:33:06.975Z]   No themes found for Thanos, the Mad Titan
[2026-08-06T03:33:06.975Z] [727/770] Tazri, Stalwart Survivor
[2026-08-06T03:33:06.975Z]   Processing Tazri, Stalwart Survivor (2250 decks)
[2026-08-06T03:33:07.183Z]   No themes found for Tazri, Stalwart Survivor
[2026-08-06T03:33:07.183Z] [728/770] Laelia, the Blade Reforged
[2026-08-06T03:33:07.183Z]   Processing Laelia, the Blade Reforged (2244 decks)
[2026-08-06T03:33:07.373Z]   Found 3 themes: exile, voltron, aggro
[2026-08-06T03:33:09.153Z]   Error inserting cards batch: duplicate key value violates unique constraint "ref_build_cards_build_id_card_name_key"
[2026-08-06T03:33:09.154Z]   Created build exile: 0 cards
[2026-08-06T03:33:11.036Z]   Error inserting cards batch: duplicate key value violates unique constraint "ref_build_cards_build_id_card_name_key"
[2026-08-06T03:33:11.036Z]   Created build voltron: 0 cards
[2026-08-06T03:33:12.935Z]   Error inserting cards batch: duplicate key value violates unique constraint "ref_build_cards_build_id_card_name_key"
[2026-08-06T03:33:12.935Z]   Created build aggro: 0 cards
[2026-08-06T03:33:12.935Z] [729/770] Traxos, Scourge of Kroog
[2026-08-06T03:33:12.935Z]   Processing Traxos, Scourge of Kroog (2243 decks)
[2026-08-06T03:33:13.115Z]   Found 2 themes: artifacts, voltron
[2026-08-06T03:33:15.077Z]   Error inserting cards batch: duplicate key value violates unique constraint "ref_build_cards_build_id_card_name_key"
[2026-08-06T03:33:15.077Z]   Created build artifacts: 0 cards
[2026-08-06T03:33:16.911Z]   Error inserting cards batch: duplicate key value violates unique constraint "ref_build_cards_build_id_card_name_key"
[2026-08-06T03:33:16.911Z]   Created build voltron: 0 cards
[2026-08-06T03:33:16.911Z] [730/770] Akul the Unrepentant
[2026-08-06T03:33:16.911Z]   Processing Akul the Unrepentant (2234 decks)
[2026-08-06T03:33:17.122Z]   Found 2 themes: tokens, aristocrats
[2026-08-06T03:33:19.024Z]   Error inserting cards batch: duplicate key value violates unique constraint "ref_build_cards_build_id_card_name_key"
[2026-08-06T03:33:19.024Z]   Created build tokens: 0 cards
[2026-08-06T03:33:20.910Z]   Error inserting cards batch: duplicate key value violates unique constraint "ref_build_cards_build_id_card_name_key"
[2026-08-06T03:33:20.910Z]   Created build aristocrats: 0 cards
[2026-08-06T03:33:20.910Z] [731/770] Feldon of the Third Path
[2026-08-06T03:33:20.910Z]   Processing Feldon of the Third Path (2229 decks)
[2026-08-06T03:33:21.138Z]   Found 2 themes: reanimator, artifacts
[2026-08-06T03:33:23.008Z]   Error inserting cards batch: duplicate key value violates unique constraint "ref_build_cards_build_id_card_name_key"
[2026-08-06T03:33:23.008Z]   Created build reanimator: 0 cards
[2026-08-06T03:33:24.921Z]   Error inserting cards batch: duplicate key value violates unique constraint "ref_build_cards_build_id_card_name_key"
[2026-08-06T03:33:24.921Z]   Created build artifacts: 0 cards
[2026-08-06T03:33:24.921Z] [732/770] Horobi, Death's Wail
[2026-08-06T03:33:24.921Z]   Processing Horobi, Death's Wail (2229 decks)
[2026-08-06T03:33:25.094Z]   Found 1 themes: control
[2026-08-06T03:33:27.012Z]   Error inserting cards batch: duplicate key value violates unique constraint "ref_build_cards_build_id_card_name_key"
[2026-08-06T03:33:27.012Z]   Created build control: 0 cards
[2026-08-06T03:33:27.012Z] [733/770] Mairsil, the Pretender
[2026-08-06T03:33:27.012Z]   Processing Mairsil, the Pretender (2227 decks)
[2026-08-06T03:33:27.183Z]   Found 1 themes: combo
[2026-08-06T03:33:29.009Z]   Error inserting cards batch: duplicate key value violates unique constraint "ref_build_cards_build_id_card_name_key"
[2026-08-06T03:33:29.009Z]   Created build combo: 0 cards
[2026-08-06T03:33:29.009Z] [734/770] Varragoth, Bloodsky Sire
[2026-08-06T03:33:29.009Z]   Processing Varragoth, Bloodsky Sire (2226 decks)
[2026-08-06T03:33:29.223Z]   No themes found for Varragoth, Bloodsky Sire
[2026-08-06T03:33:29.223Z] [735/770] Spider-Man 2099
[2026-08-06T03:33:29.223Z]   Processing Spider-Man 2099 (2223 decks)
[2026-08-06T03:33:29.441Z]   No themes found for Spider-Man 2099
[2026-08-06T03:33:29.441Z] [736/770] Ishai, Ojutai Dragonspeaker & Reyhan, Last of the Abzan
[2026-08-06T03:33:29.441Z]   Processing Ishai, Ojutai Dragonspeaker & Reyhan, Last of the Abzan (2223 decks)
[2026-08-06T03:33:29.637Z]   Found 1 themes: plus-1-plus-1-counters
[2026-08-06T03:33:31.430Z]   Error inserting cards batch: duplicate key value violates unique constraint "ref_build_cards_build_id_card_name_key"
[2026-08-06T03:33:31.430Z]   Created build plus-1-plus-1-counters: 0 cards
[2026-08-06T03:33:31.430Z] [737/770] Memnarch
[2026-08-06T03:33:31.430Z]   Processing Memnarch (2219 decks)
[2026-08-06T03:33:31.625Z]   Found 2 themes: artifacts, theft
[2026-08-06T03:33:33.632Z]   Error inserting cards batch: duplicate key value violates unique constraint "ref_build_cards_build_id_card_name_key"
[2026-08-06T03:33:33.632Z]   Created build artifacts: 0 cards
[2026-08-06T03:33:35.495Z]   Error inserting cards batch: duplicate key value violates unique constraint "ref_build_cards_build_id_card_name_key"
[2026-08-06T03:33:35.495Z]   Created build theft: 0 cards
[2026-08-06T03:33:35.495Z] [738/770] Venom, Deadly Devourer
[2026-08-06T03:33:35.495Z]   Processing Venom, Deadly Devourer (2217 decks)
[2026-08-06T03:33:35.672Z]   Found 1 themes: plus-1-plus-1-counters
[2026-08-06T03:33:37.613Z]   Error inserting cards batch: duplicate key value violates unique constraint "ref_build_cards_build_id_card_name_key"
[2026-08-06T03:33:37.613Z]   Created build plus-1-plus-1-counters: 0 cards
[2026-08-06T03:33:37.613Z] [739/770] The Ghoul, Gunslinger
[2026-08-06T03:33:37.613Z]   Processing The Ghoul, Gunslinger (2216 decks)
[2026-08-06T03:33:37.788Z]   Found 2 themes: reanimator, zombies
[2026-08-06T03:33:39.727Z]   Error inserting cards batch: duplicate key value violates unique constraint "ref_build_cards_build_id_card_name_key"
[2026-08-06T03:33:39.727Z]   Created build reanimator: 0 cards
[2026-08-06T03:33:41.802Z]   Error inserting cards batch: duplicate key value violates unique constraint "ref_build_cards_build_id_card_name_key"
[2026-08-06T03:33:41.802Z]   Created build zombies: 0 cards
[2026-08-06T03:33:41.802Z] [740/770] Squall, Gunblade Duelist
[2026-08-06T03:33:41.802Z]   Processing Squall, Gunblade Duelist (2216 decks)
[2026-08-06T03:33:41.983Z]   Found 2 themes: forced-combat, tokens
[2026-08-06T03:33:43.955Z]   Error inserting cards batch: duplicate key value violates unique constraint "ref_build_cards_build_id_card_name_key"
[2026-08-06T03:33:43.955Z]   Created build forced-combat: 0 cards
[2026-08-06T03:33:45.994Z]   Error inserting cards batch: duplicate key value violates unique constraint "ref_build_cards_build_id_card_name_key"
[2026-08-06T03:33:45.994Z]   Created build tokens: 0 cards
[2026-08-06T03:33:45.994Z] [741/770] Katilda and Lier
[2026-08-06T03:33:45.994Z]   Processing Katilda and Lier (2215 decks)
[2026-08-06T03:33:46.162Z]   Found 2 themes: persistent-petitioners, humans
[2026-08-06T03:33:47.927Z]   Error inserting cards batch: duplicate key value violates unique constraint "ref_build_cards_build_id_card_name_key"
[2026-08-06T03:33:47.927Z]   Created build persistent-petitioners: 0 cards
[2026-08-06T03:33:49.924Z]   Error inserting cards batch: duplicate key value violates unique constraint "ref_build_cards_build_id_card_name_key"
[2026-08-06T03:33:49.924Z]   Created build humans: 0 cards
[2026-08-06T03:33:49.924Z] [742/770] Nissa, Worldsoul Speaker
[2026-08-06T03:33:49.924Z]   Processing Nissa, Worldsoul Speaker (2209 decks)
[2026-08-06T03:33:50.115Z]   Found 2 themes: energy, lands-matter
[2026-08-06T03:33:52.070Z]   Error inserting cards batch: duplicate key value violates unique constraint "ref_build_cards_build_id_card_name_key"
[2026-08-06T03:33:52.070Z]   Created build energy: 0 cards
[2026-08-06T03:33:53.985Z]   Error inserting cards batch: duplicate key value violates unique constraint "ref_build_cards_build_id_card_name_key"
[2026-08-06T03:33:53.985Z]   Created build lands-matter: 0 cards
[2026-08-06T03:33:53.985Z] [743/770] Jenny Flint & Madame Vastra
[2026-08-06T03:33:53.985Z]   Processing Jenny Flint & Madame Vastra (2190 decks)
[2026-08-06T03:33:54.154Z]   Found 3 themes: clues, plus-1-plus-1-counters, tokens
[2026-08-06T03:33:56.102Z]   Error inserting cards batch: duplicate key value violates unique constraint "ref_build_cards_build_id_card_name_key"
[2026-08-06T03:33:56.102Z]   Created build clues: 0 cards
[2026-08-06T03:33:58.007Z]   Error inserting cards batch: duplicate key value violates unique constraint "ref_build_cards_build_id_card_name_key"
[2026-08-06T03:33:58.007Z]   Created build plus-1-plus-1-counters: 0 cards
[2026-08-06T03:33:59.954Z]   Created build tokens: 100 cards
[2026-08-06T03:33:59.955Z] [744/770] Surrak Dragonclaw
[2026-08-06T03:33:59.955Z]   Processing Surrak Dragonclaw (2190 decks)
[2026-08-06T03:34:00.132Z]   No themes found for Surrak Dragonclaw
[2026-08-06T03:34:00.133Z] [745/770] Satoru, the Infiltrator
[2026-08-06T03:34:00.133Z]   Processing Satoru, the Infiltrator (2188 decks)
[2026-08-06T03:34:00.333Z]   Found 2 themes: ninjutsu, ninjas
[2026-08-06T03:34:02.321Z]   Error inserting cards batch: duplicate key value violates unique constraint "ref_build_cards_build_id_card_name_key"
[2026-08-06T03:34:02.321Z]   Created build ninjutsu: 0 cards
[2026-08-06T03:34:04.204Z]   Error inserting cards batch: duplicate key value violates unique constraint "ref_build_cards_build_id_card_name_key"
[2026-08-06T03:34:04.204Z]   Created build ninjas: 0 cards
[2026-08-06T03:34:04.204Z] [746/770] Monk Gyatso
[2026-08-06T03:34:04.204Z]   Processing Monk Gyatso (2187 decks)
[2026-08-06T03:34:04.392Z]   Found 2 themes: combo, blink
[2026-08-06T03:34:06.267Z]   Error inserting cards batch: duplicate key value violates unique constraint "ref_build_cards_build_id_card_name_key"
[2026-08-06T03:34:06.267Z]   Created build combo: 0 cards
[2026-08-06T03:34:08.227Z]   Error inserting cards batch: duplicate key value violates unique constraint "ref_build_cards_build_id_card_name_key"
[2026-08-06T03:34:08.227Z]   Created build blink: 0 cards
[2026-08-06T03:34:08.227Z] [747/770] Ghalta and Mavren
[2026-08-06T03:34:08.227Z]   Processing Ghalta and Mavren (2183 decks)
[2026-08-06T03:34:08.464Z]   Found 1 themes: tokens
[2026-08-06T03:34:10.292Z]   Error inserting cards batch: duplicate key value violates unique constraint "ref_build_cards_build_id_card_name_key"
[2026-08-06T03:34:10.292Z]   Created build tokens: 0 cards
[2026-08-06T03:34:10.292Z] [748/770] Lucy MacLean, Positively Armed
[2026-08-06T03:34:10.292Z]   Processing Lucy MacLean, Positively Armed (2179 decks)
[2026-08-06T03:34:10.476Z]   Found 2 themes: tokens, group-hug
[2026-08-06T03:34:12.363Z]   Created build tokens: 100 cards
[2026-08-06T03:34:14.317Z]   Error inserting cards batch: duplicate key value violates unique constraint "ref_build_cards_build_id_card_name_key"
[2026-08-06T03:34:14.317Z]   Created build group-hug: 0 cards
[2026-08-06T03:34:14.317Z] [749/770] Klothys, God of Destiny
[2026-08-06T03:34:14.317Z]   Processing Klothys, God of Destiny (2179 decks)
[2026-08-06T03:34:14.503Z]   Found 2 themes: burn, land-destruction
[2026-08-06T03:34:16.364Z]   Error inserting cards batch: duplicate key value violates unique constraint "ref_build_cards_build_id_card_name_key"
[2026-08-06T03:34:16.364Z]   Created build burn: 0 cards
[2026-08-06T03:34:18.242Z]   Error inserting cards batch: duplicate key value violates unique constraint "ref_build_cards_build_id_card_name_key"
[2026-08-06T03:34:18.242Z]   Created build land-destruction: 0 cards
[2026-08-06T03:34:18.242Z] [750/770] Toshiro Umezawa
[2026-08-06T03:34:18.242Z]   Processing Toshiro Umezawa (2179 decks)
[2026-08-06T03:34:18.424Z]   Found 2 themes: spellslinger, control
[2026-08-06T03:34:20.315Z]   Error inserting cards batch: duplicate key value violates unique constraint "ref_build_cards_build_id_card_name_key"
[2026-08-06T03:34:20.315Z]   Created build spellslinger: 0 cards
[2026-08-06T03:34:22.041Z]   Error inserting cards batch: duplicate key value violates unique constraint "ref_build_cards_build_id_card_name_key"
[2026-08-06T03:34:22.041Z]   Created build control: 0 cards
[2026-08-06T03:34:22.041Z] 
[2026-08-06T03:34:22.041Z] Progress: 733 processed, 2356 builds, 140600 cards
[2026-08-06T03:34:22.041Z] 
[2026-08-06T03:34:22.041Z] [751/770] Ratonhnhaké꞉ton
[2026-08-06T03:34:22.042Z]   Processing Ratonhnhaké꞉ton (2177 decks)
[2026-08-06T03:34:22.218Z]   Found 1 themes: equipment
[2026-08-06T03:34:24.089Z]   Error inserting cards batch: duplicate key value violates unique constraint "ref_build_cards_build_id_card_name_key"
[2026-08-06T03:34:24.089Z]   Created build equipment: 0 cards
[2026-08-06T03:34:24.089Z] [752/770] The Balrog, Durin's Bane
[2026-08-06T03:34:24.089Z]   Processing The Balrog, Durin's Bane (2169 decks)
[2026-08-06T03:34:24.282Z]   Found 2 themes: treasure, sacrifice
[2026-08-06T03:34:26.171Z]   Error inserting cards batch: duplicate key value violates unique constraint "ref_build_cards_build_id_card_name_key"
[2026-08-06T03:34:26.171Z]   Created build treasure: 0 cards
[2026-08-06T03:34:28.018Z]   Error inserting cards batch: duplicate key value violates unique constraint "ref_build_cards_build_id_card_name_key"
[2026-08-06T03:34:28.018Z]   Created build sacrifice: 0 cards
[2026-08-06T03:34:28.018Z] [753/770] Reyhan, Last of the Abzan & Yoshimaru, Ever Faithful
[2026-08-06T03:34:28.018Z]   Processing Reyhan, Last of the Abzan & Yoshimaru, Ever Faithful (2168 decks)
[2026-08-06T03:34:28.202Z]   Found 2 themes: legends, plus-1-plus-1-counters
[2026-08-06T03:34:30.082Z]   Error inserting cards batch: duplicate key value violates unique constraint "ref_build_cards_build_id_card_name_key"
[2026-08-06T03:34:30.082Z]   Created build legends: 0 cards
[2026-08-06T03:34:32.014Z]   Created build plus-1-plus-1-counters: 100 cards
[2026-08-06T03:34:32.014Z] [754/770] Sygg, River Cutthroat
[2026-08-06T03:34:32.014Z]   Processing Sygg, River Cutthroat (2167 decks)
[2026-08-06T03:34:32.205Z]   No themes found for Sygg, River Cutthroat
[2026-08-06T03:34:32.205Z] [755/770] General Marhault Elsdragon
[2026-08-06T03:34:32.205Z]   Processing General Marhault Elsdragon (2161 decks)
[2026-08-06T03:34:32.502Z]   Found 1 themes: aggro
[2026-08-06T03:34:34.401Z]   Error inserting cards batch: duplicate key value violates unique constraint "ref_build_cards_build_id_card_name_key"
[2026-08-06T03:34:34.402Z]   Created build aggro: 0 cards
[2026-08-06T03:34:34.402Z] [756/770] Kangee, Sky Warden
[2026-08-06T03:34:34.402Z]   Processing Kangee, Sky Warden (2160 decks)
[2026-08-06T03:34:35.207Z]   Found 1 themes: flying
[2026-08-06T03:34:35.207Z]   Skipping ignored tag: flying
[2026-08-06T03:34:35.207Z] [757/770] Zoyowa Lava-Tongue
[2026-08-06T03:34:35.207Z]   Processing Zoyowa Lava-Tongue (2156 decks)
[2026-08-06T03:34:35.398Z]   Found 2 themes: discard, sacrifice
[2026-08-06T03:34:37.141Z]   Error inserting cards batch: duplicate key value violates unique constraint "ref_build_cards_build_id_card_name_key"
[2026-08-06T03:34:37.141Z]   Created build discard: 0 cards
[2026-08-06T03:34:39.004Z]   Error inserting cards batch: duplicate key value violates unique constraint "ref_build_cards_build_id_card_name_key"
[2026-08-06T03:34:39.004Z]   Created build sacrifice: 0 cards
[2026-08-06T03:34:39.004Z] [758/770] Mirri, Weatherlight Duelist
[2026-08-06T03:34:39.004Z]   Processing Mirri, Weatherlight Duelist (2153 decks)
[2026-08-06T03:34:39.206Z]   Found 2 themes: cats, equipment
[2026-08-06T03:34:41.039Z]   Error inserting cards batch: duplicate key value violates unique constraint "ref_build_cards_build_id_card_name_key"
[2026-08-06T03:34:41.039Z]   Created build cats: 0 cards
[2026-08-06T03:34:42.915Z]   Error inserting cards batch: duplicate key value violates unique constraint "ref_build_cards_build_id_card_name_key"
[2026-08-06T03:34:42.915Z]   Created build equipment: 0 cards
[2026-08-06T03:34:42.915Z] [759/770] Piru, the Volatile
[2026-08-06T03:34:42.915Z]   Processing Piru, the Volatile (2145 decks)
[2026-08-06T03:34:43.099Z]   Found 1 themes: lifegain
[2026-08-06T03:34:44.981Z]   Created build lifegain: 100 cards
[2026-08-06T03:34:44.981Z] [760/770] Preston Garvey, Minuteman
[2026-08-06T03:34:44.981Z]   Processing Preston Garvey, Minuteman (2145 decks)
[2026-08-06T03:34:45.163Z]   Found 2 themes: auras, enchantress
[2026-08-06T03:34:47.035Z]   Error inserting cards batch: duplicate key value violates unique constraint "ref_build_cards_build_id_card_name_key"
[2026-08-06T03:34:47.035Z]   Created build auras: 0 cards
[2026-08-06T03:34:48.971Z]   Error inserting cards batch: duplicate key value violates unique constraint "ref_build_cards_build_id_card_name_key"
[2026-08-06T03:34:48.972Z]   Created build enchantress: 0 cards
[2026-08-06T03:34:48.972Z] [761/770] Skrelv, Defector Mite
[2026-08-06T03:34:48.972Z]   Processing Skrelv, Defector Mite (2143 decks)
[2026-08-06T03:34:49.164Z]   Found 1 themes: infect
[2026-08-06T03:34:50.963Z]   Created build infect: 100 cards
[2026-08-06T03:34:50.963Z] [762/770] Massacre Girl
[2026-08-06T03:34:50.963Z]   Processing Massacre Girl (2143 decks)
[2026-08-06T03:34:51.143Z]   Found 1 themes: aristocrats
[2026-08-06T03:34:53.004Z]   Error inserting cards batch: duplicate key value violates unique constraint "ref_build_cards_build_id_card_name_key"
[2026-08-06T03:34:53.004Z]   Created build aristocrats: 0 cards
[2026-08-06T03:34:53.005Z] [763/770] Minwu, White Mage
[2026-08-06T03:34:53.005Z]   Processing Minwu, White Mage (2141 decks)
[2026-08-06T03:34:53.195Z]   Found 3 themes: lifegain, plus-1-plus-1-counters, clerics
[2026-08-06T03:34:54.958Z]   Error inserting cards batch: duplicate key value violates unique constraint "ref_build_cards_build_id_card_name_key"
[2026-08-06T03:34:54.958Z]   Created build lifegain: 0 cards
[2026-08-06T03:34:56.825Z]   Error inserting cards batch: duplicate key value violates unique constraint "ref_build_cards_build_id_card_name_key"
[2026-08-06T03:34:56.825Z]   Created build plus-1-plus-1-counters: 0 cards
[2026-08-06T03:34:58.663Z]   Error inserting cards batch: duplicate key value violates unique constraint "ref_build_cards_build_id_card_name_key"
[2026-08-06T03:34:58.663Z]   Created build clerics: 0 cards
[2026-08-06T03:34:58.664Z] [764/770] Sigarda, Host of Herons
[2026-08-06T03:34:58.664Z]   Processing Sigarda, Host of Herons (2141 decks)
[2026-08-06T03:34:58.854Z]   Found 3 themes: auras, voltron, enchantress
[2026-08-06T03:35:00.793Z]   Error inserting cards batch: duplicate key value violates unique constraint "ref_build_cards_build_id_card_name_key"
[2026-08-06T03:35:00.794Z]   Created build auras: 0 cards
[2026-08-06T03:35:02.720Z]   Error inserting cards batch: duplicate key value violates unique constraint "ref_build_cards_build_id_card_name_key"
[2026-08-06T03:35:02.720Z]   Created build voltron: 0 cards
[2026-08-06T03:35:04.567Z]   Error inserting cards batch: duplicate key value violates unique constraint "ref_build_cards_build_id_card_name_key"
[2026-08-06T03:35:04.567Z]   Created build enchantress: 0 cards
[2026-08-06T03:35:04.567Z] [765/770] Titania, Nature's Force
[2026-08-06T03:35:04.567Z]   Processing Titania, Nature's Force (2131 decks)
[2026-08-06T03:35:05.030Z]   Found 4 themes: lands-matter, ramp, landfall, tokens
[2026-08-06T03:35:06.601Z]   Created build lands-matter: 100 cards
[2026-08-06T03:35:08.548Z]   Error inserting cards batch: duplicate key value violates unique constraint "ref_build_cards_build_id_card_name_key"
[2026-08-06T03:35:08.548Z]   Created build ramp: 0 cards
[2026-08-06T03:35:10.405Z]   Created build landfall: 100 cards
[2026-08-06T03:35:12.338Z]   Error inserting cards batch: duplicate key value violates unique constraint "ref_build_cards_build_id_card_name_key"
[2026-08-06T03:35:12.338Z]   Created build tokens: 0 cards
[2026-08-06T03:35:12.338Z] [766/770] Absolute Virtue
[2026-08-06T03:35:12.338Z]   Processing Absolute Virtue (2128 decks)
[2026-08-06T03:35:12.549Z]   No themes found for Absolute Virtue
[2026-08-06T03:35:12.549Z] [767/770] Sedris, the Traitor King
[2026-08-06T03:35:12.549Z]   Processing Sedris, the Traitor King (2127 decks)
[2026-08-06T03:35:12.737Z]   Found 1 themes: reanimator
[2026-08-06T03:35:14.511Z]   Error inserting cards batch: duplicate key value violates unique constraint "ref_build_cards_build_id_card_name_key"
[2026-08-06T03:35:14.511Z]   Created build reanimator: 0 cards
[2026-08-06T03:35:14.511Z] [768/770] Mass of Mysteries
[2026-08-06T03:35:14.511Z]   Processing Mass of Mysteries (2124 decks)
[2026-08-06T03:35:14.701Z]   Found 1 themes: elementals
[2026-08-06T03:35:16.338Z]   Error inserting cards batch: duplicate key value violates unique constraint "ref_build_cards_build_id_card_name_key"
[2026-08-06T03:35:16.338Z]   Created build elementals: 0 cards
[2026-08-06T03:35:16.338Z] [769/770] Momo, Friendly Flier
[2026-08-06T03:35:16.338Z]   Processing Momo, Friendly Flier (2119 decks)
[2026-08-06T03:35:16.510Z]   Found 1 themes: flying
[2026-08-06T03:35:16.510Z]   Skipping ignored tag: flying
[2026-08-06T03:35:16.510Z] [770/770] Cleopatra, Exiled Pharaoh
[2026-08-06T03:35:16.510Z]   Processing Cleopatra, Exiled Pharaoh (2118 decks)
[2026-08-06T03:35:16.718Z]   Found 2 themes: legends, plus-1-plus-1-counters
[2026-08-06T03:35:18.552Z]   Error inserting cards batch: duplicate key value violates unique constraint "ref_build_cards_build_id_card_name_key"
[2026-08-06T03:35:18.552Z]   Created build legends: 0 cards
[2026-08-06T03:35:20.413Z]   Error inserting cards batch: duplicate key value violates unique constraint "ref_build_cards_build_id_card_name_key"
[2026-08-06T03:35:20.413Z]   Created build plus-1-plus-1-counters: 0 cards
[2026-08-06T03:35:20.413Z] 
[2026-08-06T03:35:20.413Z] ═══════════════════════════════════════════════════════════════
[2026-08-06T03:35:20.413Z] SYNC COMPLETE
[2026-08-06T03:35:20.413Z] ═══════════════════════════════════════════════════════════════
[2026-08-06T03:35:20.413Z] Commanders processed: 751
[2026-08-06T03:35:20.413Z] Commanders skipped: 19
[2026-08-06T03:35:20.413Z] Commanders failed: 0
[2026-08-06T03:35:20.413Z] Builds created: 2385
[2026-08-06T03:35:20.413Z] Cards inserted: 141100
